time(s),segment,left_wheel_vel(rad/s),right_wheel_vel(rad/s),base_vx(m/s),base_omega_z(rad/s),ankle_pos(rad),ankle_pos(deg),ankle_vel(rad/s),ankle_acc(rad/s²),ankle_torque(Nm),knee_pos(rad),knee_pos(deg),knee_vel(rad/s),knee_acc(rad/s²),knee_torque(Nm),hip_pos(rad),hip_pos(deg),hip_vel(rad/s),hip_acc(rad/s²),hip_torque(Nm),waist_roll_pos(rad),waist_roll_pos(deg),waist_roll_vel(rad/s),waist_roll_acc(rad/s²),waist_roll_torque(Nm),waist_yaw_pos(rad),waist_yaw_pos(deg),waist_yaw_vel(rad/s),waist_yaw_acc(rad/s²),waist_yaw_torque(Nm)
0.0000,0,0.000000,0.000000,0.000000,0.000000,0.000000,0.000,0.000000,-7.768328,-0.000000,0.000000,0.000,0.000000,-17.925521,-0.008309,0.000000,0.000,0.000000,-8.268126,-0.000043,0.000000,0.000,0.000000,-0.000371,-0.000000,0.000000,0.000,0.000000,-0.002026,25.175836
0.0100,0,10.692446,10.692446,0.005531,0.000272,-0.000777,-0.045,-0.077683,0.753326,0.000000,-0.001793,-0.103,-0.179255,-0.176519,-0.005698,-0.000827,-0.047,-0.082681,0.217030,0.000012,-0.000000,-0.000,-0.000004,0.000202,-0.000000,-0.000000,-0.000,-0.000020,0.000591,-0.000358
0.0200,0,10.692525,10.692525,0.012034,0.000202,-0.001478,-0.085,-0.070150,0.470817,-0.000000,-0.003603,-0.206,-0.181020,0.018072,-0.003080,-0.001632,-0.094,-0.080511,0.126363,0.000006,-0.000000,-0.000,-0.000002,0.000141,-0.000000,-0.000000,-0.000,-0.000014,0.000556,-0.000609
0.0300,0,10.692526,10.692526,0.015541,0.000165,-0.002133,-0.122,-0.065442,0.290094,0.000000,-0.005411,-0.310,-0.180840,0.128152,-0.001509,-0.002424,-0.139,-0.079247,0.081771,0.000002,-0.000000,-0.000,-0.000000,0.000082,-0.000000,-0.000000,-0.000,-0.000009,0.000346,-0.000659
0.0400,0,10.692527,10.692527,0.017205,0.000148,-0.002758,-0.158,-0.062541,0.179495,-0.000000,-0.007207,-0.413,-0.179558,0.192987,-0.000564,-0.003209,-0.184,-0.078430,0.055718,0.000000,-0.000000,-0.000,0.000001,0.000046,-0.000000,-0.000000,-0.000,-0.000005,0.000215,-0.000696
0.0500,0,10.692529,10.692529,0.017748,0.000142,-0.003366,-0.193,-0.060746,0.112342,0.000000,-0.008983,-0.515,-0.177628,0.229929,0.000010,-0.003987,-0.228,-0.077872,0.040968,-0.000001,-0.000000,-0.000,0.000001,0.000024,-0.000000,-0.000001,-0.000,-0.000003,0.000133,-0.000723
0.0600,0,10.692531,10.692531,0.017616,0.000142,-0.003962,-0.227,-0.059623,0.072041,-0.000000,-0.010736,-0.615,-0.175329,0.249698,0.000368,-0.004762,-0.273,-0.077463,0.033132,-0.000002,-0.000000,-0.000,0.000001,0.000010,-0.000000,-0.000001,-0.000,-0.000002,0.000083,-0.000740
0.0700,0,10.692534,10.692534,0.017087,0.000146,-0.004551,-0.261,-0.058902,0.048304,0.000000,-0.012465,-0.714,-0.172832,0.258935,0.000603,-0.005533,-0.317,-0.077131,0.029495,-0.000002,-0.000000,-0.000,0.000001,0.000002,-0.000000,-0.000001,-0.000,-0.000001,0.000052,-0.000748
0.0800,0,10.692537,10.692537,0.016330,0.000152,-0.005135,-0.294,-0.058419,0.034753,0.000000,-0.014167,-0.812,-0.170243,0.261755,0.000774,-0.006302,-0.361,-0.076836,0.028377,-0.000002,-0.000000,-0.000,0.000001,-0.000003,-0.000000,-0.000001,-0.000,-0.000001,0.000032,-0.000747
0.0900,0,10.692540,10.692540,0.015449,0.000157,-0.005716,-0.327,-0.058072,0.027440,0.000000,-0.015843,-0.908,-0.167625,0.260703,0.000915,-0.007067,-0.405,-0.076553,0.028740,-0.000002,0.000000,0.000,0.000001,-0.000006,-0.000000,-0.000001,-0.000,-0.000000,0.000020,-0.000737
0.1000,0,10.692544,10.692544,0.014510,0.000163,-0.006294,-0.361,-0.057797,0.023917,0.000000,-0.017493,-1.002,-0.165018,0.257355,0.001043,-0.007830,-0.449,-0.076265,0.029947,-0.000002,0.000000,0.000,0.000001,-0.000008,-0.000000,-0.000001,-0.000,0.000000,0.000013,-0.000719
0.1100,0,10.692548,10.692548,0.013550,0.000168,-0.006869,-0.394,-0.057558,0.022673,-0.000000,-0.019118,-1.095,-0.162445,0.252681,0.001170,-0.008590,-0.492,-0.075966,0.031606,-0.000002,0.000000,0.000,0.000001,-0.000009,-0.000000,-0.000001,-0.000,0.000000,0.000008,-0.000692
0.1200,0,10.692553,10.692553,0.012592,0.000172,-0.007443,-0.426,-0.057331,0.022772,-0.000000,-0.020717,-1.187,-0.159918,0.247278,0.001302,-0.009346,-0.535,-0.075650,0.033477,-0.000002,0.000000,0.000,0.000001,-0.000010,-0.000000,-0.000001,-0.000,0.000000,0.000006,-0.000657
0.1300,0,10.692558,10.692558,0.011651,0.000176,-0.008014,-0.459,-0.057104,0.023641,-0.000000,-0.022292,-1.277,-0.157445,0.241512,0.001439,-0.010099,-0.579,-0.075315,0.035417,-0.000002,0.000000,0.000,0.000001,-0.000010,-0.000000,-0.000001,-0.000,0.000000,0.000004,-0.000615
0.1400,0,10.692564,10.692564,0.010733,0.000178,-0.008582,-0.492,-0.056867,0.024925,-0.000000,-0.023842,-1.366,-0.155030,0.235607,0.001583,-0.010849,-0.622,-0.074961,0.037340,-0.000002,0.000000,0.000,0.000001,-0.000011,-0.000000,-0.000001,-0.000,0.000000,0.000003,-0.000566
0.1500,0,10.692570,10.692570,0.009842,0.000180,-0.009149,-0.524,-0.056618,0.026409,0.000000,-0.025369,-1.454,-0.152674,0.229696,0.001731,-0.011595,-0.664,-0.074587,0.039196,-0.000001,0.000000,0.000,0.000001,-0.000011,-0.000000,-0.000001,-0.000,0.000000,0.000002,-0.000510
0.1600,0,10.692576,10.692576,0.008981,0.000180,-0.009712,-0.556,-0.056354,0.027963,-0.000000,-0.026872,-1.540,-0.150377,0.223858,0.001883,-0.012337,-0.707,-0.074195,0.040958,-0.000001,0.000000,0.000,0.000001,-0.000011,-0.000000,-0.000001,-0.000,0.000000,0.000002,-0.000448
0.1700,0,10.692583,10.692583,0.008150,0.000180,-0.010273,-0.589,-0.056074,0.029510,-0.000000,-0.028354,-1.625,-0.148138,0.218138,0.002035,-0.013075,-0.749,-0.073786,0.042611,-0.000001,0.000000,0.000,0.000001,-0.000011,-0.000000,-0.000001,-0.000,0.000000,0.000002,-0.000381
0.1800,0,10.692590,10.692590,0.007348,0.000179,-0.010831,-0.621,-0.055779,0.031004,-0.000000,-0.029813,-1.708,-0.145957,0.212561,0.002187,-0.013808,-0.791,-0.073360,0.044151,-0.000001,0.000000,0.000,0.000000,-0.000011,-0.000000,-0.000001,-0.000,0.000000,0.000002,-0.000309
0.1900,0,10.692598,10.692598,0.006574,0.000177,-0.011385,-0.652,-0.055469,0.032421,-0.000000,-0.031252,-1.791,-0.143831,0.207138,0.002335,-0.014537,-0.833,-0.072918,0.045577,-0.000001,0.000000,0.000,0.000000,-0.000010,-0.000000,-0.000001,-0.000,0.000000,0.000002,-0.000234
0.2000,0,10.692606,10.692606,0.005828,0.000175,-0.011937,-0.684,-0.055145,0.033748,-0.000000,-0.032669,-1.872,-0.141760,0.201873,0.002477,-0.015262,-0.874,-0.072463,0.046891,-0.000001,0.000000,0.000,0.000000,-0.000010,-0.000000,-0.000001,-0.000,0.000000,0.000002,-0.000155
0.2100,0,10.692614,10.692614,0.005108,0.000171,-0.012485,-0.715,-0.054807,0.034979,0.000000,-0.034067,-1.952,-0.139741,0.196765,0.002611,-0.015982,-0.916,-0.071994,0.048097,-0.000001,0.000000,0.000,0.000000,-0.000010,-0.000000,-0.000001,-0.000,0.000000,0.000002,-0.000075
0.2200,0,10.692623,10.692623,0.004412,0.000167,-0.013029,-0.747,-0.054458,0.036114,-0.000000,-0.035444,-2.031,-0.137773,0.191812,0.002735,-0.016697,-0.957,-0.071513,0.049201,-0.000001,0.000000,0.000,0.000000,-0.000010,-0.000000,-0.000001,-0.000,0.000000,0.000002,0.000006
0.2300,0,10.692633,10.692633,0.003741,0.000163,-0.013570,-0.778,-0.054096,0.037155,-0.000000,-0.036803,-2.109,-0.135855,0.187007,0.002848,-0.017407,-0.997,-0.071021,0.050207,-0.000001,0.000000,0.000,-0.000000,-0.000010,-0.000000,-0.000001,-0.000,0.000000,0.000002,0.000088
0.2400,0,10.692643,10.692643,0.003092,0.000158,-0.014108,-0.808,-0.053725,0.038106,-0.000000,-0.038143,-2.185,-0.133985,0.182346,0.002947,-0.018112,-1.038,-0.070519,0.051121,-0.000001,0.000000,0.000,-0.000000,-0.000010,-0.000000,-0.000001,-0.000,0.000001,0.000002,0.000169
0.2500,0,10.692653,10.692653,0.002464,0.000153,-0.014641,-0.839,-0.053344,0.038970,0.000000,-0.039464,-2.261,-0.132162,0.177822,0.003032,-0.018812,-1.078,-0.070007,0.051949,-0.000000,0.000000,0.000,-0.000000,-0.000010,-0.000000,-0.000000,-0.000,0.000001,0.000002,0.000248
0.2600,0,10.692664,10.692664,0.001857,0.000147,-0.015171,-0.869,-0.052954,0.039752,-0.000000,-0.040768,-2.336,-0.130384,0.173428,0.003101,-0.019507,-1.118,-0.069488,0.052696,-0.000000,0.000000,0.000,-0.000000,-0.000010,-0.000000,-0.000000,-0.000,0.000001,0.000002,0.000325
0.2700,0,10.692675,10.692675,0.001268,0.000141,-0.015696,-0.899,-0.052557,0.040458,0.000000,-0.042055,-2.410,-0.128649,0.169159,0.003153,-0.020197,-1.157,-0.068961,0.053368,-0.000000,0.000000,0.000,-0.000000,-0.000010,-0.000000,-0.000000,-0.000,0.000001,0.000002,0.000398
0.2800,0,10.692686,10.692686,0.000698,0.000135,-0.016218,-0.929,-0.052152,0.041091,-0.000000,-0.043324,-2.482,-0.126958,0.165008,0.003189,-0.020881,-1.196,-0.068427,0.053969,-0.000000,0.000000,0.000,-0.000001,-0.000010,-0.000000,-0.000000,-0.000,0.000001,0.000002,0.000467
0.2900,0,10.692698,10.692698,0.000145,0.000129,-0.016735,-0.959,-0.051741,0.041655,-0.000000,-0.044577,-2.554,-0.125308,0.160970,0.003206,-0.021560,-1.235,-0.067888,0.054505,-0.000000,0.000000,0.000,-0.000001,-0.000010,-0.000000,-0.000000,-0.000,0.000001,0.000002,0.000531
0.3000,0,10.692711,10.692711,-0.000392,0.000123,-0.017248,-0.988,-0.051325,0.042156,-0.000000,-0.045814,-2.625,-0.123698,0.157040,0.003207,-0.022233,-1.274,-0.067342,0.054979,-0.000000,0.000000,0.000,-0.000001,-0.000010,-0.000000,-0.000000,-0.000,0.000001,0.000002,0.000590
0.3100,0,10.692724,10.692724,-0.000913,0.000117,-0.017757,-1.017,-0.050903,0.042595,0.000000,-0.047036,-2.695,-0.122128,0.153213,0.003190,-0.022901,-1.312,-0.066793,0.055397,-0.000000,0.000000,0.000,-0.000001,-0.000009,-0.000000,-0.000000,-0.000,0.000001,0.000002,0.000642
0.3200,0,10.692737,10.692737,-0.001420,0.000111,-0.018262,-1.046,-0.050477,0.042974,0.000000,-0.048242,-2.764,-0.120595,0.149485,0.003156,-0.023564,-1.350,-0.066239,0.055761,-0.000000,0.000000,0.000,-0.000001,-0.000009,-0.000000,-0.000000,-0.000,0.000001,0.000002,0.000687
0.3300,0,10.692751,10.692751,-0.001912,0.000105,-0.018763,-1.075,-0.050047,0.043294,-0.000000,-0.049433,-2.832,-0.119101,0.145853,0.003106,-0.024221,-1.388,-0.065681,0.056075,-0.000001,0.000000,0.000,-0.000001,-0.000009,-0.000000,-0.000000,-0.000,0.000001,0.000002,0.000725
0.3400,0,10.692765,10.692765,-0.002392,0.000100,-0.019259,-1.103,-0.049614,0.043552,0.000000,-0.050609,-2.900,-0.117642,0.142317,0.003041,-0.024872,-1.425,-0.065120,0.056341,-0.000001,0.000000,0.000,-0.000001,-0.000009,-0.000000,-0.000000,-0.000,0.000001,0.000002,0.000754
0.3500,0,10.692779,10.692779,-0.002859,0.000096,-0.019751,-1.132,-0.049179,0.043740,0.000000,-0.051771,-2.966,-0.116219,0.138880,0.002963,-0.025517,-1.462,-0.064557,0.056560,-0.000001,0.000000,0.000,-0.000001,-0.000009,-0.000000,-0.000000,-0.000,0.000001,0.000002,0.000776
0.3600,0,10.692794,10.692794,-0.003315,0.000091,-0.020238,-1.160,-0.048741,0.043845,0.000000,-0.052920,-3.032,-0.114830,0.135547,0.002873,-0.026157,-1.499,-0.063991,0.056731,-0.000001,0.000000,0.000,-0.000001,-0.000009,-0.000000,-0.000000,-0.000,0.000001,0.000002,0.000789
0.3700,0,10.692810,10.692810,-0.003760,0.000088,-0.020721,-1.187,-0.048303,0.043843,0.000000,-0.054054,-3.097,-0.113475,0.132333,0.002774,-0.026792,-1.535,-0.063424,0.056850,-0.000001,-0.000000,-0.000,-0.000001,-0.000009,-0.000000,-0.000000,-0.000,0.000001,0.000001,0.000793
0.3800,0,10.692825,10.692825,-0.004197,0.000085,-0.021200,-1.215,-0.047865,0.043690,-0.000000,-0.055176,-3.161,-0.112151,0.129262,0.002667,-0.027420,-1.571,-0.062856,0.056909,-0.000001,-0.000000,-0.000,-0.000001,-0.000009,-0.000000,-0.000000,-0.000,0.000001,0.000001,0.000789
0.3900,0,10.692842,10.692842,-0.004625,0.000083,-0.021674,-1.242,-0.047428,0.043317,0.000000,-0.056284,-3.225,-0.110859,0.126380,0.002558,-0.028043,-1.607,-0.062286,0.056890,-0.000001,-0.000000,-0.000,-0.000002,-0.000010,-0.000000,-0.000000,-0.000,0.000001,0.000000,0.000777
0.4000,0,10.692858,10.692858,-0.005048,0.000083,-0.022144,-1.269,-0.046994,0.042606,-0.000000,-0.057380,-3.288,-0.109595,0.123758,0.002448,-0.028660,-1.642,-0.061718,0.056766,-0.000001,-0.000000,-0.000,-0.000002,-0.000010,-0.000000,-0.000000,-0.000,0.000001,-0.000001,0.000756
0.4100,0,10.692875,10.692875,-0.005470,0.000083,-0.022610,-1.295,-0.046568,0.041369,-0.000000,-0.058464,-3.350,-0.108357,0.121517,0.002344,-0.029272,-1.677,-0.061150,0.056489,-0.000002,-0.000000,-0.000,-0.000002,-0.000010,-0.000000,-0.000000,-0.000,0.000001,-0.000002,0.000726
0.4200,0,10.692893,10.692893,-0.005895,0.000085,-0.023071,-1.322,-0.046155,0.039297,-0.000000,-0.059535,-3.411,-0.107142,0.119854,0.002252,-0.029877,-1.712,-0.060585,0.055979,-0.000002,-0.000000,-0.000,-0.000002,-0.000011,-0.000000,-0.000000,-0.000,0.000001,-0.000005,0.000689
0.4300,0,10.692911,10.692911,-0.006333,0.000088,-0.023529,-1.348,-0.045762,0.035894,0.000000,-0.060595,-3.472,-0.105944,0.119090,0.002180,-0.030478,-1.746,-0.060025,0.055106,-0.000002,-0.000000,-0.000,-0.000002,-0.000012,-0.000000,-0.000000,-0.000,0.000001,-0.000009,0.000645
0.4400,0,10.692929,10.692929,-0.006798,0.000094,-0.023983,-1.374,-0.045403,0.030354,0.000000,-0.061642,-3.532,-0.104753,0.119742,0.002139,-0.031072,-1.780,-0.059474,0.053659,-0.000002,-0.000000,-0.000,-0.000002,-0.000013,-0.000000,-0.000000,-0.000,0.000001,-0.000015,0.000593
0.4500,0,10.692948,10.692948,-0.007310,0.000101,-0.024434,-1.400,-0.045099,0.021378,0.000000,-0.062678,-3.591,-0.103555,0.122649,0.002147,-0.031662,-1.814,-0.058938,0.051296,-0.000003,-0.000000,-0.000,-0.000002,-0.000016,-0.000000,-0.000000,-0.000,0.000000,-0.000025,0.000535
0.4600,0,10.692967,10.692967,-0.007907,0.000111,-0.024883,-1.426,-0.044886,0.006870,0.000000,-0.063701,-3.650,-0.102329,0.129166,0.002229,-0.032246,-1.848,-0.058425,0.047462,-0.000004,-0.000000,-0.000,-0.000002,-0.000020,-0.000000,-0.000000,-0.000,0.000000,-0.000042,0.000471
0.4700,0,10.692987,10.692987,-0.008645,0.000125,-0.025331,-1.451,-0.044817,-0.016533,0.000000,-0.064711,-3.708,-0.101037,0.141493,0.002422,-0.032826,-1.881,-0.057950,0.041229,-0.000004,-0.000000,-0.000,-0.000003,-0.000022,-0.000000,-0.000000,-0.000,-0.000000,-0.000068,0.000401
0.4800,0,10.693007,10.693007,-0.009615,0.000144,-0.025781,-1.477,-0.044982,-0.051126,-0.000000,-0.065708,-3.765,-0.099622,0.167028,0.002799,-0.033401,-1.914,-0.057538,0.028576,-0.000006,-0.000000,-0.000,-0.000003,0.000123,-0.000000,-0.000000,-0.000,-0.000001,0.000013,0.000326
0.4900,0,10.693028,10.693028,-0.010962,0.000170,-0.026235,-1.503,-0.045493,4.522625,-0.000000,-0.066687,-3.821,-0.097952,9.686137,0.003559,-0.033974,-1.947,-0.057252,5.673474,0.000021,-0.000000,-0.000,-0.000002,0.000098,-0.000000,-0.000000,-0.000,-0.000001,0.000097,0.005249
0.5000,1,10.695166,10.695166,-0.010326,0.000024,-0.026238,-1.503,-0.000267,-12.060543,-0.000000,-0.066698,-3.822,-0.001091,-25.623498,-0.000905,-0.033979,-1.947,-0.000517,-12.334281,-0.000083,-0.000000,-0.000,-0.000001,0.000259,-0.000000,-0.000000,-0.000,0.000000,-0.001394,-0.006086
0.5100,1,10.692525,10.692525,-0.010345,0.000573,-0.027447,-1.573,-0.120873,0.635443,0.000000,-0.069271,-3.969,-0.257325,0.014222,-0.000391,-0.035217,-2.018,-0.123860,0.239279,0.000004,-0.000000,-0.000,0.000002,-0.000117,-0.000000,-0.000001,-0.000,-0.000014,0.000251,0.000088
0.5200,1,10.692525,10.692525,-0.005744,0.000551,-0.028592,-1.638,-0.114518,0.424408,-0.000000,-0.071843,-4.116,-0.257183,0.170227,0.000956,-0.036432,-2.087,-0.121467,0.157808,0.000000,-0.000000,-0.000,0.000001,0.000093,-0.000000,-0.000001,-0.000,-0.000011,0.000430,-0.000009
0.5300,1,10.692526,10.692526,-0.003442,0.000550,-0.029695,-1.701,-0.110274,0.284172,0.000000,-0.074398,-4.263,-0.255481,0.252662,0.001568,-0.037631,-2.156,-0.119889,0.122877,-0.000002,-0.000000,-0.000,0.000002,0.000057,-0.000000,-0.000001,-0.000,-0.000007,0.000268,-0.000100
0.5400,1,10.692527,10.692527,-0.002559,0.000560,-0.030769,-1.763,-0.107432,0.198191,0.000000,-0.076928,-4.408,-0.252954,0.300044,0.001770,-0.038817,-2.224,-0.118660,0.102396,-0.000003,-0.000000,-0.000,0.000002,0.000032,-0.000000,-0.000001,-0.000,-0.000004,0.000167,-0.000185
0.5500,1,10.692529,10.692529,-0.002537,0.000575,-0.031824,-1.823,-0.105450,0.145847,-0.000000,-0.079427,-4.551,-0.249954,0.325872,0.001747,-0.039994,-2.291,-0.117636,0.090649,-0.000004,-0.000000,-0.000,0.000003,0.000016,-0.000000,-0.000001,-0.000,-0.000003,0.000104,-0.000264
0.5600,1,10.692531,10.692531,-0.003029,0.000594,-0.032864,-1.883,-0.103992,0.114284,0.000000,-0.081894,-4.692,-0.246695,0.338454,0.001609,-0.041161,-2.358,-0.116730,0.084235,-0.000004,-0.000000,-0.000,0.000003,0.000006,-0.000000,-0.000001,-0.000,-0.000002,0.000065,-0.000339
0.5700,1,10.692534,10.692534,-0.003822,0.000612,-0.033892,-1.942,-0.102849,0.095530,-0.000000,-0.084327,-4.832,-0.243311,0.342936,0.001423,-0.042320,-2.425,-0.115888,0.081050,-0.000004,-0.000000,-0.000,0.000003,0.000000,-0.000000,-0.000001,-0.000,-0.000001,0.000041,-0.000409
0.5800,1,10.692537,10.692537,-0.004783,0.000630,-0.034911,-2.000,-0.101894,0.084648,0.000000,-0.086726,-4.969,-0.239881,0.342506,0.001229,-0.043471,-2.491,-0.115077,0.079795,-0.000004,-0.000000,-0.000,0.000003,-0.000003,-0.000000,-0.000001,-0.000,-0.000000,0.000026,-0.000474
0.5900,1,10.692540,10.692540,-0.005833,0.000647,-0.035921,-2.058,-0.101047,0.078577,-0.000000,-0.089091,-5.105,-0.236456,0.339135,0.001048,-0.044614,-2.556,-0.114279,0.079667,-0.000004,-0.000000,-0.000,0.000003,-0.000005,-0.000000,-0.000001,-0.000,-0.000000,0.000017,-0.000532
0.6000,1,10.692544,10.692544,-0.006923,0.000662,-0.036924,-2.116,-0.100262,0.075425,0.000000,-0.091421,-5.238,-0.233065,0.334040,0.000892,-0.045748,-2.621,-0.113482,0.080173,-0.000004,-0.000000,-0.000,0.000003,-0.000006,-0.000000,-0.000001,-0.000,-0.000000,0.000011,-0.000585
0.6100,1,10.692548,10.692548,-0.008022,0.000676,-0.037919,-2.173,-0.099507,0.074023,0.000000,-0.093718,-5.370,-0.229725,0.327972,0.000767,-0.046875,-2.686,-0.112681,0.081011,-0.000003,-0.000000,-0.000,0.000003,-0.000007,-0.000000,-0.000001,-0.000,0.000000,0.000008,-0.000630
0.6200,1,10.692553,10.692553,-0.009113,0.000689,-0.038907,-2.229,-0.098767,0.073646,-0.000000,-0.095983,-5.499,-0.226445,0.321391,0.000676,-0.047994,-2.750,-0.111871,0.081997,-0.000003,0.000000,0.000,0.000003,-0.000007,-0.000000,-0.000001,-0.000,0.000000,0.000006,-0.000668
0.6300,1,10.692558,10.692558,-0.010186,0.000700,-0.039887,-2.285,-0.098031,0.073852,0.000000,-0.098215,-5.627,-0.223231,0.314580,0.000617,-0.049104,-2.813,-0.111051,0.083020,-0.000003,0.000000,0.000,0.000003,-0.000008,-0.000000,-0.000001,-0.000,0.000000,0.000004,-0.000699
0.6400,1,10.692564,10.692564,-0.011235,0.000709,-0.040860,-2.341,-0.097292,0.074369,-0.000000,-0.100416,-5.753,-0.220085,0.307709,0.000591,-0.050207,-2.877,-0.110220,0.084015,-0.000003,0.000000,0.000,0.000002,-0.000008,-0.000000,-0.000001,-0.000,0.000000,0.000004,-0.000721
0.6500,1,10.692570,10.692570,-0.012259,0.000717,-0.041826,-2.396,-0.096548,0.075030,-0.000000,-0.102586,-5.878,-0.217008,0.300880,0.000594,-0.051300,-2.939,-0.109380,0.084946,-0.000003,0.000000,0.000,0.000002,-0.000008,-0.000000,-0.000001,-0.000,0.000000,0.000003,-0.000735
0.6600,1,10.692576,10.692576,-0.013254,0.000725,-0.042783,-2.451,-0.095798,0.075736,-0.000000,-0.104726,-6.000,-0.213999,0.294152,0.000624,-0.052386,-3.001,-0.108531,0.085792,-0.000002,0.000000,0.000,0.000002,-0.000007,-0.000000,-0.000001,-0.000,0.000000,0.000003,-0.000740
0.6700,1,10.692583,10.692583,-0.014222,0.000730,-0.043734,-2.506,-0.095041,0.076428,0.000000,-0.106837,-6.121,-0.211058,0.287559,0.000678,-0.053462,-3.063,-0.107673,0.086543,-0.000002,0.000000,0.000,0.000002,-0.000007,-0.000000,-0.000001,-0.000,0.000000,0.000003,-0.000737
0.6800,1,10.692590,10.692590,-0.015163,0.000735,-0.044677,-2.560,-0.094276,0.077073,-0.000000,-0.108919,-6.241,-0.208182,0.281118,0.000753,-0.054531,-3.124,-0.106807,0.087196,-0.000002,0.000000,0.000,0.000002,-0.000007,-0.000000,-0.000001,-0.000,0.000000,0.000003,-0.000725
0.6900,1,10.692598,10.692598,-0.016077,0.000739,-0.045612,-2.613,-0.093506,0.077651,0.000000,-0.110972,-6.358,-0.205371,0.274836,0.000847,-0.055590,-3.185,-0.105936,0.087752,-0.000002,0.000000,0.000,0.000002,-0.000007,-0.000000,-0.000001,-0.000,0.000000,0.000003,-0.000705
0.7000,1,10.692606,10.692606,-0.016967,0.000741,-0.046539,-2.666,-0.092729,0.078154,-0.000000,-0.112998,-6.474,-0.202623,0.268715,0.000955,-0.056640,-3.245,-0.105058,0.088213,-0.000002,0.000000,0.000,0.000002,-0.000007,-0.000000,-0.000001,-0.000,0.000000,0.000003,-0.000676
0.7100,1,10.692614,10.692614,-0.017832,0.000742,-0.047458,-2.719,-0.091948,0.078578,0.000000,-0.114998,-6.589,-0.199935,0.262753,0.001076,-0.057682,-3.305,-0.104176,0.088584,-0.000002,0.000000,0.000,0.000002,-0.000007,-0.000000,-0.000001,-0.000,0.000000,0.000003,-0.000640
0.7200,1,10.692623,10.692623,-0.018674,0.000743,-0.048370,-2.771,-0.091162,0.078924,0.000000,-0.116971,-6.702,-0.197308,0.256947,0.001205,-0.058715,-3.364,-0.103290,0.088868,-0.000001,0.000000,0.000,0.000002,-0.000007,-0.000000,-0.000001,-0.000,0.000000,0.000003,-0.000596
0.7300,1,10.692633,10.692633,-0.019494,0.000742,-0.049274,-2.823,-0.090373,0.079194,-0.000000,-0.118918,-6.814,-0.194738,0.251290,0.001341,-0.059739,-3.423,-0.102401,0.089072,-0.000001,0.000000,0.000,0.000002,-0.000007,-0.000000,-0.000001,-0.000,0.000001,0.000003,-0.000545
0.7400,1,10.692643,10.692643,-0.020294,0.000740,-0.050170,-2.875,-0.089581,0.079392,-0.000000,-0.120841,-6.924,-0.192226,0.245777,0.001480,-0.060754,-3.481,-0.101511,0.089200,-0.000001,0.000000,0.000,0.000002,-0.000007,-0.000000,-0.000001,-0.000,0.000001,0.000003,-0.000487
0.7500,1,10.692653,10.692653,-0.021074,0.000738,-0.051058,-2.925,-0.088787,0.079521,0.000000,-0.122738,-7.032,-0.189768,0.240402,0.001619,-0.061760,-3.539,-0.100619,0.089257,-0.000001,0.000000,0.000,0.000002,-0.000007,-0.000000,-0.000001,-0.000,0.000001,0.000003,-0.000424
0.7600,1,10.692664,10.692664,-0.021835,0.000734,-0.051937,-2.976,-0.087992,0.079586,0.000000,-0.124612,-7.140,-0.187364,0.235159,0.001756,-0.062758,-3.596,-0.099726,0.089249,-0.000001,0.000000,0.000,0.000002,-0.000007,-0.000000,-0.000001,-0.000,0.000001,0.000003,-0.000356
0.7700,1,10.692675,10.692675,-0.022579,0.000730,-0.052809,-3.026,-0.087196,0.079591,-0.000000,-0.126462,-7.246,-0.185012,0.230042,0.001887,-0.063746,-3.652,-0.098834,0.089179,-0.000001,0.000000,0.000,0.000002,-0.000007,-0.000000,-0.000001,-0.000,0.000001,0.000003,-0.000283
0.7800,1,10.692686,10.692686,-0.023306,0.000724,-0.053673,-3.075,-0.086400,0.079541,0.000000,-0.128289,-7.350,-0.182712,0.225045,0.002010,-0.064725,-3.708,-0.097942,0.089053,-0.000000,0.000000,0.000,0.000001,-0.000007,-0.000000,-0.000001,-0.000,0.000001,0.000003,-0.000207
0.7900,1,10.692698,10.692698,-0.024017,0.000718,-0.054529,-3.124,-0.085604,0.079439,0.000000,-0.130094,-7.454,-0.180461,0.220163,0.002122,-0.065696,-3.764,-0.097051,0.088874,-0.000000,0.000000,0.000,0.000001,-0.000007,-0.000000,-0.000001,-0.000,0.000001,0.000003,-0.000128
0.8000,1,10.692711,10.692711,-0.024712,0.000710,-0.055378,-3.173,-0.084810,0.079289,-0.000000,-0.131876,-7.556,-0.178260,0.215389,0.002221,-0.066658,-3.819,-0.096162,0.088648,-0.000000,0.000000,0.000,0.000001,-0.000007,-0.000000,-0.000001,-0.000,0.000001,0.000003,-0.000047
0.8100,1,10.692724,10.692724,-0.025394,0.000702,-0.056218,-3.221,-0.084017,0.079096,-0.000000,-0.133637,-7.657,-0.176106,0.210719,0.002305,-0.067610,-3.874,-0.095276,0.088378,-0.000000,0.000000,0.000,0.000001,-0.000008,-0.000000,-0.000001,-0.000,0.000001,0.000003,0.000035
0.8200,1,10.692737,10.692737,-0.026062,0.000693,-0.057050,-3.269,-0.083226,0.078863,-0.000000,-0.135377,-7.757,-0.173999,0.206149,0.002370,-0.068554,-3.928,-0.094392,0.088067,0.000000,0.000000,0.000,0.000001,-0.000008,-0.000000,-0.000001,-0.000,0.000001,0.000003,0.000116
0.8300,1,10.692751,10.692751,-0.026716,0.000683,-0.057874,-3.316,-0.082438,0.078592,0.000000,-0.137097,-7.855,-0.171937,0.201673,0.002414,-0.069489,-3.981,-0.093512,0.087720,0.000000,0.000000,0.000,0.000001,-0.000008,-0.000000,-0.000001,-0.000,0.000001,0.000003,0.000197
0.8400,1,10.692765,10.692765,-0.027359,0.000672,-0.058691,-3.363,-0.081652,0.078285,-0.000000,-0.138796,-7.952,-0.169920,0.197287,0.002436,-0.070416,-4.035,-0.092634,0.087339,0.000000,0.000000,0.000,0.000001,-0.000008,-0.000000,-0.000001,-0.000,0.000001,0.000003,0.000276
0.8500,1,10.692779,10.692779,-0.027989,0.000660,-0.059500,-3.409,-0.080869,0.077943,-0.000000,-0.140475,-8.049,-0.167947,0.192990,0.002433,-0.071333,-4.087,-0.091761,0.086927,0.000000,0.000000,0.000,0.000001,-0.000008,-0.000000,-0.000001,-0.000,0.000001,0.000004,0.000352
0.8600,1,10.692794,10.692794,-0.028608,0.000648,-0.060300,-3.455,-0.080089,0.077565,-0.000000,-0.142136,-8.144,-0.166018,0.188779,0.002403,-0.072242,-4.139,-0.090892,0.086487,0.000001,0.000000,0.000,0.000001,-0.000008,-0.000000,-0.000001,-0.000,0.000001,0.000004,0.000424
0.8700,1,10.692810,10.692810,-0.029217,0.000634,-0.061094,-3.500,-0.079314,0.077147,0.000000,-0.143777,-8.238,-0.164130,0.184654,0.002343,-0.073142,-4.191,-0.090027,0.086019,0.000001,0.000000,0.000,0.000001,-0.000009,-0.000000,-0.000001,-0.000,0.000001,0.000004,0.000492
0.8800,1,10.692825,10.692825,-0.029816,0.000620,-0.061879,-3.545,-0.078542,0.076682,0.000000,-0.145400,-8.331,-0.162283,0.180619,0.002253,-0.074034,-4.242,-0.089167,0.085524,0.000001,0.000000,0.000,0.000001,-0.000009,-0.000000,-0.000001,-0.000,0.000001,0.000003,0.000555
0.8900,1,10.692842,10.692842,-0.030405,0.000604,-0.062657,-3.590,-0.077775,0.076152,0.000000,-0.147004,-8.423,-0.160477,0.176681,0.002129,-0.074917,-4.292,-0.088311,0.085000,0.000001,0.000000,0.000,0.000001,-0.000009,-0.000000,-0.000001,-0.000,0.000001,0.000003,0.000612
0.9000,1,10.692858,10.692858,-0.030986,0.000588,-0.063427,-3.634,-0.077014,0.075532,-0.000000,-0.148592,-8.514,-0.158710,0.172856,0.001970,-0.075792,-4.343,-0.087461,0.084441,0.000001,0.000000,0.000,0.000001,-0.000009,-0.000000,-0.000001,-0.000,0.000001,0.000003,0.000662
0.9100,1,10.692875,10.692875,-0.031559,0.000570,-0.064189,-3.678,-0.076259,0.074775,0.000000,-0.150161,-8.604,-0.156982,0.169172,0.001774,-0.076658,-4.392,-0.086617,0.083837,0.000001,0.000000,0.000,0.000000,-0.000009,-0.000000,-0.000001,-0.000,0.000001,0.000003,0.000706
0.9200,1,10.692893,10.692893,-0.032127,0.000551,-0.064945,-3.721,-0.075511,0.073808,-0.000000,-0.151714,-8.693,-0.155290,0.165674,0.001538,-0.077516,-4.441,-0.085779,0.083172,0.000002,0.000000,0.000,0.000000,-0.000010,-0.000000,-0.000001,-0.000,0.000001,0.000002,0.000741
0.9300,1,10.692911,10.692911,-0.032691,0.000531,-0.065692,-3.764,-0.074773,0.072505,-0.000000,-0.153251,-8.781,-0.153633,0.162441,0.001262,-0.078365,-4.490,-0.084947,0.082413,0.000002,0.000000,0.000,0.000000,-0.000010,-0.000000,-0.000001,-0.000,0.000001,0.000001,0.000769
0.9400,1,10.692929,10.692929,-0.033255,0.000509,-0.066433,-3.806,-0.074048,0.070667,0.000000,-0.154771,-8.868,-0.152009,0.159600,0.000944,-0.079207,-4.538,-0.084123,0.081509,0.000002,0.000000,0.000,0.000000,-0.000010,-0.000000,-0.000001,-0.000,0.000001,-0.000001,0.000789
0.9500,1,10.692948,10.692948,-0.033826,0.000486,-0.067166,-3.848,-0.073341,0.067967,-0.000000,-0.156275,-8.954,-0.150413,0.157362,0.000582,-0.080040,-4.586,-0.083308,0.080375,0.000002,0.000000,0.000,0.000000,-0.000011,-0.000000,-0.000001,-0.000,0.000001,-0.000004,0.000800
0.9600,1,10.692967,10.692967,-0.034411,0.000460,-0.067893,-3.890,-0.072661,0.063879,0.000000,-0.157763,-9.039,-0.148839,0.156066,0.000179,-0.080865,-4.633,-0.082504,0.078873,0.000002,0.000000,0.000,-0.000000,-0.000011,-0.000000,-0.000001,-0.000,0.000001,-0.000008,0.000802
0.9700,1,10.692987,10.692987,-0.035025,0.000433,-0.068613,-3.931,-0.072023,0.057599,-0.000000,-0.159236,-9.124,-0.147279,0.156303,-0.000263,-0.081682,-4.680,-0.081715,0.076686,0.000003,0.000000,0.000,-0.000000,-0.000002,-0.000000,-0.000001,-0.000,0.000001,-0.000015,0.000796
0.9800,1,10.693007,10.693007,-0.035691,0.000403,-0.069327,-3.972,-0.071447,0.055407,0.000000,-0.160693,-9.207,-0.145715,0.167569,-0.000710,-0.082491,-4.726,-0.080948,0.065328,0.000002,0.000000,0.000,-0.000000,0.000374,-0.000000,-0.000001,-0.000,0.000001,0.000178,0.000781
0.9900,1,10.693028,10.693028,-0.036437,0.000372,-0.070036,-4.013,-0.070892,7.006125,0.000000,-0.162134,-9.290,-0.144040,14.131818,-0.001805,-0.083294,-4.772,-0.080295,7.897392,0.000048,0.000001,0.000,0.000004,-0.000466,-0.000000,-0.000001,-0.000,0.000003,-0.000260,0.005753
1.0000,2,10.695166,10.695166,-0.033112,0.000040,-0.070045,-4.013,-0.000831,-13.826829,-0.000000,-0.162161,-9.291,-0.002722,-29.067522,-0.005317,-0.083307,-4.773,-0.001321,-14.286571,-0.000085,0.000000,0.000,-0.000001,-0.000958,-0.000000,-0.000001,-0.000,0.000000,-0.001333,-0.005546
1.0100,2,10.692525,10.692525,-0.034763,0.000596,-0.071436,-4.093,-0.139100,0.643724,-0.000000,-0.165095,-9.459,-0.293397,0.058834,-0.004497,-0.084749,-4.856,-0.144187,0.262806,0.000014,0.000000,0.000,-0.000011,-0.000614,-0.000000,-0.000001,-0.000,-0.000013,0.000189,0.000657
1.0200,2,10.692525,10.692525,-0.030487,0.000514,-0.072762,-4.169,-0.132662,0.440768,-0.000000,-0.168023,-9.627,-0.292808,0.217190,-0.002437,-0.086165,-4.937,-0.141559,0.178021,0.000008,0.000000,0.000,-0.000017,0.000083,-0.000000,-0.000001,-0.000,-0.000011,0.000426,0.000603
1.0300,2,10.692526,10.692526,-0.028462,0.000461,-0.074045,-4.242,-0.128255,0.302819,0.000000,-0.170929,-9.794,-0.290637,0.297508,-0.001236,-0.087563,-5.017,-0.139779,0.143354,0.000005,0.000000,0.000,-0.000016,0.000066,-0.000000,-0.000001,-0.000,-0.000007,0.000267,0.000544
1.0400,2,10.692527,10.692527,-0.027828,0.000425,-0.075297,-4.314,-0.125226,0.218210,-0.000000,-0.173806,-9.958,-0.287662,0.343258,-0.000544,-0.088946,-5.096,-0.138345,0.122983,0.000002,-0.000000,-0.000,-0.000015,0.000043,-0.000000,-0.000001,-0.000,-0.000004,0.000167,0.000481
1.0500,2,10.692529,10.692529,-0.028036,0.000401,-0.076528,-4.385,-0.123044,0.166661,0.000000,-0.176648,-10.121,-0.284229,0.367792,-0.000168,-0.090317,-5.175,-0.137115,0.111216,0.000001,-0.000000,-0.000,-0.000015,0.000029,-0.000000,-0.000001,-0.000,-0.000003,0.000105,0.000413
1.0600,2,10.692531,10.692531,-0.028745,0.000385,-0.077741,-4.454,-0.121378,0.135517,0.000000,-0.179454,-10.282,-0.280551,0.379305,0.000012,-0.091677,-5.253,-0.136003,0.104697,0.000000,-0.000000,-0.000,-0.000015,0.000020,-0.000000,-0.000001,-0.000,-0.000002,0.000067,0.000342
1.0700,2,10.692534,10.692534,-0.029748,0.000374,-0.078942,-4.523,-0.120023,0.116938,0.000000,-0.182221,-10.441,-0.276758,0.382868,0.000073,-0.093027,-5.330,-0.134956,0.101352,-0.000000,-0.000001,-0.000,-0.000014,0.000015,-0.000000,-0.000001,-0.000,-0.000001,0.000043,0.000268
1.0800,2,10.692537,10.692537,-0.030914,0.000367,-0.080130,-4.591,-0.118853,0.106070,-0.000000,-0.184950,-10.597,-0.272929,0.381620,0.000063,-0.094366,-5.407,-0.133943,0.099902,-0.000001,-0.000001,-0.000,-0.000014,0.000012,-0.000000,-0.000001,-0.000,-0.000001,0.000028,0.000191
1.0900,2,10.692540,10.692540,-0.032165,0.000362,-0.081308,-4.659,-0.117792,0.099911,0.000000,-0.187642,-10.751,-0.269113,0.377500,0.000012,-0.095696,-5.483,-0.132944,0.099558,-0.000001,-0.000001,-0.000,-0.000014,0.000010,-0.000000,-0.000001,-0.000,-0.000000,0.000019,0.000112
1.1000,2,10.692544,10.692544,-0.033454,0.000358,-0.082476,-4.726,-0.116793,0.096603,-0.000000,-0.190295,-10.903,-0.265338,0.371704,-0.000060,-0.097015,-5.559,-0.131948,0.099834,-0.000001,-0.000001,-0.000,-0.000014,0.000009,-0.000000,-0.000001,-0.000,-0.000000,0.000013,0.000032
1.1100,2,10.692548,10.692548,-0.034751,0.000357,-0.083634,-4.792,-0.115827,0.094999,0.000000,-0.192911,-11.053,-0.261621,0.364970,-0.000140,-0.098325,-5.634,-0.130950,0.100433,-0.000001,-0.000001,-0.000,-0.000014,0.000008,-0.000000,-0.000001,-0.000,-0.000000,0.000010,-0.000047
1.1200,2,10.692553,10.692553,-0.036039,0.000356,-0.084783,-4.858,-0.114877,0.094394,-0.000000,-0.195491,-11.201,-0.257971,0.357749,-0.000220,-0.099624,-5.708,-0.129945,0.101177,-0.000002,-0.000001,-0.000,-0.000014,0.000008,-0.000000,-0.000001,-0.000,0.000000,0.000008,-0.000126
1.1300,2,10.692558,10.692558,-0.037309,0.000356,-0.085922,-4.923,-0.113933,0.094352,0.000000,-0.198035,-11.347,-0.254394,0.350318,-0.000293,-0.100914,-5.782,-0.128934,0.101956,-0.000002,-0.000001,-0.000,-0.000014,0.000007,-0.000000,-0.000001,-0.000,0.000000,0.000006,-0.000204
1.1400,2,10.692564,10.692564,-0.038556,0.000357,-0.087052,-4.988,-0.112990,0.094608,-0.000000,-0.200544,-11.490,-0.250891,0.342842,-0.000355,-0.102193,-5.855,-0.127914,0.102708,-0.000002,-0.000002,-0.000,-0.000014,0.000007,-0.000000,-0.000001,-0.000,0.000000,0.000006,-0.000279
1.1500,2,10.692570,10.692570,-0.039775,0.000359,-0.088173,-5.052,-0.112044,0.095002,-0.000000,-0.203018,-11.632,-0.247462,0.335420,-0.000403,-0.103462,-5.928,-0.126887,0.103395,-0.000002,-0.000002,-0.000,-0.000014,0.000007,-0.000000,-0.000001,-0.000,0.000000,0.000005,-0.000350
1.1600,2,10.692576,10.692576,-0.040967,0.000361,-0.089284,-5.116,-0.111094,0.095435,0.000000,-0.205459,-11.772,-0.244108,0.328112,-0.000437,-0.104720,-6.000,-0.125853,0.104000,-0.000002,-0.000002,-0.000,-0.000014,0.000007,-0.000000,-0.000001,-0.000,0.000000,0.000005,-0.000418
1.1700,2,10.692583,10.692583,-0.042132,0.000363,-0.090385,-5.179,-0.110139,0.095852,-0.000000,-0.207868,-11.910,-0.240827,0.320947,-0.000453,-0.105968,-6.072,-0.124813,0.104512,-0.000002,-0.000002,-0.000,-0.000014,0.000007,-0.000000,-0.000001,-0.000,0.000000,0.000005,-0.000480
1.1800,2,10.692590,10.692590,-0.043269,0.000366,-0.091477,-5.241,-0.109181,0.096219,-0.000000,-0.210244,-12.046,-0.237617,0.313943,-0.000451,-0.107206,-6.142,-0.123768,0.104928,-0.000002,-0.000002,-0.000,-0.000013,0.000007,-0.000000,-0.000001,-0.000,0.000000,0.000004,-0.000537
1.1900,2,10.692598,10.692598,-0.044381,0.000368,-0.092559,-5.303,-0.108219,0.096518,-0.000000,-0.212589,-12.180,-0.234478,0.307107,-0.000432,-0.108433,-6.213,-0.122719,0.105250,-0.000002,-0.000002,-0.000,-0.000013,0.000007,-0.000000,-0.000001,-0.000,0.000000,0.000004,-0.000587
1.2000,2,10.692606,10.692606,-0.045467,0.000371,-0.093632,-5.365,-0.107254,0.096743,-0.000000,-0.214903,-12.313,-0.231407,0.300439,-0.000393,-0.109650,-6.282,-0.121666,0.105480,-0.000002,-0.000002,-0.000,-0.000013,0.000007,-0.000000,-0.000001,-0.000,0.000001,0.000004,-0.000631
1.2100,2,10.692614,10.692614,-0.046530,0.000374,-0.094694,-5.426,-0.106286,0.096889,-0.000000,-0.217187,-12.444,-0.228403,0.293938,-0.000337,-0.110856,-6.352,-0.120611,0.105623,-0.000002,-0.000002,-0.000,-0.000013,0.000007,-0.000000,-0.000001,-0.000,0.000001,0.000004,-0.000667
1.2200,2,10.692623,10.692623,-0.047570,0.000376,-0.095748,-5.486,-0.105317,0.096957,-0.000000,-0.219441,-12.573,-0.225463,0.287599,-0.000262,-0.112051,-6.420,-0.119555,0.105682,-0.000002,-0.000003,-0.000,-0.000013,0.000007,-0.000000,-0.000001,-0.000,0.000001,0.000004,-0.000696
1.2300,2,10.692633,10.692633,-0.048588,0.000379,-0.096791,-5.546,-0.104348,0.096950,0.000000,-0.221667,-12.701,-0.222587,0.281416,-0.000171,-0.113236,-6.488,-0.118498,0.105664,-0.000002,-0.000003,-0.000,-0.000013,0.000007,-0.000000,-0.000001,-0.000,0.000001,0.000004,-0.000716
1.2400,2,10.692643,10.692643,-0.049586,0.000381,-0.097825,-5.605,-0.103378,0.096872,-0.000000,-0.223865,-12.827,-0.219773,0.275384,-0.000063,-0.114411,-6.555,-0.117442,0.105573,-0.000002,-0.000003,-0.000,-0.000013,0.000006,-0.000000,-0.000001,-0.000,0.000001,0.000004,-0.000728
1.2500,2,10.692653,10.692653,-0.050565,0.000383,-0.098849,-5.664,-0.102409,0.096725,-0.000000,-0.226035,-12.951,-0.217019,0.269496,0.000060,-0.115575,-6.622,-0.116386,0.105415,-0.000002,-0.000003,-0.000,-0.000013,0.000006,-0.000000,-0.000001,-0.000,0.000001,0.000005,-0.000731
1.2600,2,10.692664,10.692664,-0.051525,0.000385,-0.099863,-5.722,-0.101442,0.096515,0.000000,-0.228178,-13.074,-0.214324,0.263746,0.000197,-0.116728,-6.688,-0.115332,0.105194,-0.000002,-0.000003,-0.000,-0.000013,0.000006,-0.000000,-0.000001,-0.000,0.000001,0.000005,-0.000726
1.2700,2,10.692675,10.692675,-0.052468,0.000386,-0.100868,-5.779,-0.100477,0.096247,-0.000000,-0.230295,-13.195,-0.211687,0.258127,0.000346,-0.117871,-6.753,-0.114280,0.104915,-0.000002,-0.000003,-0.000,-0.000013,0.000006,-0.000000,-0.000001,-0.000,0.000001,0.000005,-0.000712
1.2800,2,10.692686,10.692686,-0.053394,0.000386,-0.101863,-5.836,-0.099515,0.095924,0.000000,-0.232386,-13.315,-0.209106,0.252634,0.000507,-0.119003,-6.818,-0.113231,0.104583,-0.000002,-0.000003,-0.000,-0.000013,0.000006,-0.000000,-0.000001,-0.000,0.000001,0.000005,-0.000690
1.2900,2,10.692698,10.692698,-0.054305,0.000387,-0.102849,-5.893,-0.098555,0.095551,0.000000,-0.234452,-13.433,-0.206579,0.247261,0.000676,-0.120125,-6.883,-0.112185,0.104203,-0.000001,-0.000004,-0.000,-0.000013,0.000005,-0.000000,-0.000001,-0.000,0.000001,0.000005,-0.000659
1.3000,2,10.692711,10.692711,-0.055201,0.000386,-0.103825,-5.949,-0.097600,0.095131,-0.000000,-0.236493,-13.550,-0.204107,0.242003,0.000853,-0.121236,-6.946,-0.111143,0.103778,-0.000001,-0.000004,-0.000,-0.000013,0.000005,-0.000000,-0.000001,-0.000,0.000001,0.000005,-0.000621
1.3100,2,10.692724,10.692724,-0.056083,0.000386,-0.104791,-6.004,-0.096649,0.094669,-0.000000,-0.238510,-13.666,-0.201687,0.236853,0.001036,-0.122337,-7.009,-0.110105,0.103312,-0.000001,-0.000004,-0.000,-0.000013,0.000005,-0.000000,-0.000001,-0.000,0.000001,0.000005,-0.000575
1.3200,2,10.692737,10.692737,-0.056952,0.000384,-0.105748,-6.059,-0.095702,0.094167,-0.000000,-0.240503,-13.780,-0.199318,0.231807,0.001222,-0.123428,-7.072,-0.109072,0.102809,-0.000001,-0.000004,-0.000,-0.000013,0.000005,-0.000000,-0.000001,-0.000,0.000001,0.000005,-0.000522
1.3300,2,10.692751,10.692751,-0.057808,0.000383,-0.106696,-6.113,-0.094760,0.093628,0.000000,-0.242473,-13.893,-0.197000,0.226862,0.001410,-0.124509,-7.134,-0.108044,0.102273,-0.000001,-0.000004,-0.000,-0.000013,0.000004,-0.000000,-0.000001,-0.000,0.000001,0.000005,-0.000463
1.3400,2,10.692765,10.692765,-0.058653,0.000380,-0.107634,-6.167,-0.093824,0.093054,-0.000000,-0.244421,-14.004,-0.194731,0.222012,0.001598,-0.125579,-7.195,-0.107021,0.101706,-0.000001,-0.000004,-0.000,-0.000013,0.000004,-0.000000,-0.000001,-0.000,0.000001,0.000005,-0.000399
1.3500,2,10.692779,10.692779,-0.059486,0.000378,-0.108563,-6.220,-0.092893,0.092444,0.000000,-0.246346,-14.115,-0.192511,0.217257,0.001784,-0.126639,-7.256,-0.106004,0.101111,-0.000001,-0.000004,-0.000,-0.000012,0.000004,-0.000000,-0.000001,-0.000,0.000001,0.000005,-0.000329
1.3600,2,10.692794,10.692794,-0.060308,0.000374,-0.109483,-6.273,-0.091969,0.091797,0.000000,-0.248249,-14.224,-0.190339,0.212593,0.001967,-0.127689,-7.316,-0.104993,0.100491,-0.000001,-0.000004,-0.000,-0.000012,0.000004,-0.000000,-0.000001,-0.000,0.000001,0.000005,-0.000255
1.3700,2,10.692810,10.692810,-0.061120,0.000371,-0.110393,-6.325,-0.091051,0.091106,-0.000000,-0.250131,-14.331,-0.188213,0.208024,0.002145,-0.128729,-7.376,-0.103988,0.099845,-0.000001,-0.000005,-0.000,-0.000012,0.000003,-0.000000,-0.000001,-0.000,0.000001,0.000005,-0.000178
1.3800,2,10.692825,10.692825,-0.061923,0.000366,-0.111295,-6.377,-0.090140,0.090361,0.000000,-0.251993,-14.438,-0.186132,0.203553,0.002317,-0.129758,-7.435,-0.102989,0.099173,-0.000001,-0.000005,-0.000,-0.000012,0.000003,-0.000000,-0.000001,-0.000,0.000001,0.000005,-0.000099
1.3900,2,10.692842,10.692842,-0.062718,0.000362,-0.112187,-6.428,-0.089236,0.089541,0.000000,-0.253833,-14.544,-0.184097,0.199192,0.002481,-0.130778,-7.493,-0.101998,0.098472,-0.000001,-0.000005,-0.000,-0.000012,0.000003,-0.000000,-0.000001,-0.000,0.000001,0.000005,-0.000018
1.4000,2,10.692858,10.692858,-0.063505,0.000358,-0.113070,-6.478,-0.088341,0.088611,-0.000000,-0.255655,-14.648,-0.182105,0.194961,0.002638,-0.131789,-7.551,-0.101013,0.097735,-0.000001,-0.000005,-0.000,-0.000012,0.000002,-0.000000,-0.000001,-0.000,0.000001,0.000005,0.000064
1.4100,2,10.692875,10.692875,-0.064286,0.000353,-0.113945,-6.529,-0.087455,0.087512,-0.000000,-0.257456,-14.751,-0.180155,0.190897,0.002786,-0.132789,-7.608,-0.100036,0.096947,-0.000001,-0.000005,-0.000,-0.000012,0.000002,-0.000000,-0.000001,-0.000,0.000002,0.000004,0.000146
1.4200,2,10.692893,10.692893,-0.065063,0.000348,-0.114811,-6.578,-0.086580,0.086147,-0.000000,-0.259239,-14.853,-0.178246,0.187060,0.002926,-0.133780,-7.665,-0.099066,0.096086,-0.000001,-0.000005,-0.000,-0.000012,0.000001,-0.000000,-0.000001,-0.000,0.000002,0.000003,0.000226
1.4300,2,10.692911,10.692911,-0.065838,0.000344,-0.115668,-6.627,-0.085718,0.084358,-0.000000,-0.261002,-14.954,-0.176376,0.183551,0.003060,-0.134761,-7.721,-0.098105,0.095110,-0.000001,-0.000005,-0.000,-0.000012,0.000001,-0.000000,-0.000001,-0.000,0.000002,0.000002,0.000304
1.4400,2,10.692929,10.692929,-0.066617,0.000339,-0.116517,-6.676,-0.084875,0.081887,0.000000,-0.262748,-15.054,-0.174540,0.180537,0.003189,-0.135732,-7.777,-0.097154,0.093953,-0.000001,-0.000005,-0.000,-0.000012,-0.000000,-0.000000,-0.000001,-0.000,0.000002,0.000000,0.000379
1.4500,2,10.692948,10.692948,-0.067406,0.000336,-0.117357,-6.724,-0.084056,0.078314,-0.000000,-0.264475,-15.153,-0.172735,0.178289,0.003318,-0.136694,-7.832,-0.096215,0.092504,-0.000001,-0.000005,-0.000,-0.000012,-0.000001,-0.000000,-0.000001,-0.000,0.000002,-0.000003,0.000451
1.4600,2,10.692967,10.692967,-0.068218,0.000333,-0.118190,-6.772,-0.083273,0.072960,-0.000000,-0.266185,-15.251,-0.170952,0.177247,0.003455,-0.137647,-7.887,-0.095290,0.090583,-0.000001,-0.000006,-0.000,-0.000012,-0.000002,-0.000000,-0.000001,-0.000,0.000002,-0.000008,0.000518
1.4700,2,10.692987,10.692987,-0.069069,0.000331,-0.119015,-6.819,-0.082543,0.064802,0.000000,-0.267876,-15.348,-0.169180,0.178196,0.003611,-0.138591,-7.941,-0.094384,0.087760,-0.000002,-0.000006,-0.000,-0.000012,0.000016,-0.000000,-0.000001,-0.000,0.000001,-0.000017,0.000580
1.4800,2,10.693007,10.693007,-0.069991,0.000331,-0.119834,-6.866,-0.081895,0.064220,0.000000,-0.269550,-15.444,-0.167398,0.196600,0.003842,-0.139526,-7.994,-0.093506,0.072474,-0.000003,-0.000006,-0.000,-0.000012,0.000730,-0.000000,-0.000001,-0.000,0.000001,0.000217,0.000636
1.4900,2,10.693028,10.693028,-0.071014,0.000334,-0.120647,-6.913,-0.081253,7.987933,-0.000000,-0.271205,-15.539,-0.165432,16.092037,0.002653,-0.140454,-8.047,-0.092782,9.062762,0.000049,-0.000006,-0.000,-0.000005,0.000289,-0.000000,-0.000001,-0.000,0.000003,-0.000316,0.005649
1.5000,3,10.695166,10.695166,-0.067244,-0.000001,-0.120661,-6.913,-0.001373,-14.686914,-0.000000,-0.271250,-15.541,-0.004511,-30.511058,0.000358,-0.140476,-8.049,-0.002154,-15.096266,-0.000097,-0.000006,-0.000,-0.000002,0.000158,-0.000000,-0.000001,-0.000,0.000000,-0.001229,-0.005536
1.5100,3,10.692525,10.692525,-0.070556,0.000628,-0.122143,-6.998,-0.148243,0.615306,0.000000,-0.274346,-15.719,-0.309622,0.084919,-0.001116,-0.142007,-8.136,-0.153117,0.272786,0.000011,-0.000006,-0.000,-0.000000,-0.001169,-0.000000,-0.000001,-0.000,-0.000012,0.000095,0.000695
1.5200,3,10.692525,10.692525,-0.066836,0.000564,-0.123564,-7.080,-0.142089,0.432683,0.000000,-0.277434,-15.896,-0.308773,0.245897,0.000563,-0.143511,-8.223,-0.150389,0.185235,0.000006,-0.000006,-0.000,-0.000012,0.000046,-0.000000,-0.000001,-0.000,-0.000011,0.000403,0.000729
1.5300,3,10.692526,10.692526,-0.065221,0.000524,-0.124942,-7.159,-0.137763,0.302502,0.000000,-0.280497,-16.071,-0.306314,0.321331,0.001468,-0.144996,-8.308,-0.148536,0.152134,0.000003,-0.000006,-0.000,-0.000012,0.000050,-0.000000,-0.000001,-0.000,-0.000007,0.000253,0.000750
1.5400,3,10.692527,10.692527,-0.064912,0.000498,-0.126289,-7.236,-0.134738,0.222738,-0.000000,-0.283528,-16.245,-0.303100,0.363858,0.001933,-0.146466,-8.392,-0.147015,0.132723,0.000002,-0.000006,-0.000,-0.000011,0.000031,-0.000000,-0.000001,-0.000,-0.000004,0.000159,0.000759
1.5500,3,10.692529,10.692529,-0.065390,0.000480,-0.127614,-7.312,-0.132510,0.174195,0.000000,-0.286522,-16.417,-0.299462,0.386273,0.002125,-0.147923,-8.475,-0.145688,0.121475,0.000001,-0.000006,-0.000,-0.000011,0.000020,-0.000000,-0.000001,-0.000,-0.000003,0.000100,0.000760
1.5600,3,10.692531,10.692531,-0.066335,0.000466,-0.128922,-7.387,-0.130768,0.144878,-0.000000,-0.289478,-16.586,-0.295599,0.396374,0.002151,-0.149368,-8.558,-0.144473,0.115194,0.000000,-0.000006,-0.000,-0.000011,0.000013,-0.000000,-0.000001,-0.000,-0.000002,0.000064,0.000751
1.5700,3,10.692534,10.692534,-0.067552,0.000456,-0.130215,-7.461,-0.129320,0.127373,-0.000000,-0.292395,-16.753,-0.291635,0.398982,0.002073,-0.150801,-8.640,-0.143321,0.111911,-0.000000,-0.000007,-0.000,-0.000010,0.000009,-0.000000,-0.000001,-0.000,-0.000001,0.000042,0.000733
1.5800,3,10.692537,10.692537,-0.068920,0.000448,-0.131495,-7.534,-0.128046,0.117099,-0.000000,-0.295271,-16.918,-0.287646,0.397068,0.001933,-0.152223,-8.722,-0.142202,0.110411,-0.000001,-0.000007,-0.000,-0.000010,0.000006,-0.000000,-0.000001,-0.000,-0.000001,0.000028,0.000707
1.5900,3,10.692540,10.692540,-0.070366,0.000441,-0.132764,-7.607,-0.126875,0.111228,-0.000000,-0.298108,-17.080,-0.283675,0.392468,0.001755,-0.153634,-8.803,-0.141098,0.109948,-0.000001,-0.000007,-0.000,-0.000010,0.000005,-0.000000,-0.000001,-0.000,-0.000000,0.000020,0.000673
1.6000,3,10.692544,10.692544,-0.071844,0.000436,-0.134022,-7.679,-0.125763,0.108015,-0.000000,-0.300906,-17.241,-0.279750,0.386310,0.001556,-0.155034,-8.883,-0.139998,0.110064,-0.000001,-0.000007,-0.000,-0.000010,0.000004,-0.000000,-0.000001,-0.000,-0.000000,0.000015,0.000632
1.6100,3,10.692548,10.692548,-0.073328,0.000430,-0.135269,-7.750,-0.124682,0.106386,-0.000000,-0.303664,-17.399,-0.275887,0.379288,0.001345,-0.156423,-8.962,-0.138898,0.110479,-0.000001,-0.000007,-0.000,-0.000010,0.000004,-0.000000,-0.000001,-0.000,-0.000000,0.000011,0.000583
1.6200,3,10.692553,10.692553,-0.074803,0.000426,-0.136505,-7.821,-0.123619,0.105680,-0.000000,-0.306385,-17.555,-0.272094,0.371825,0.001130,-0.157801,-9.041,-0.137793,0.111026,-0.000001,-0.000007,-0.000,-0.000010,0.000004,-0.000000,-0.000001,-0.000,-0.000000,0.000009,0.000528
1.6300,3,10.692558,10.692558,-0.076258,0.000422,-0.137730,-7.891,-0.122562,0.105493,-0.000000,-0.309069,-17.708,-0.268376,0.364180,0.000916,-0.159168,-9.120,-0.136683,0.111602,-0.000001,-0.000007,-0.000,-0.000010,0.000004,-0.000000,-0.000001,-0.000,0.000000,0.000008,0.000467
1.6400,3,10.692564,10.692564,-0.077691,0.000418,-0.138946,-7.961,-0.121507,0.105577,-0.000000,-0.311716,-17.860,-0.264734,0.356509,0.000705,-0.160523,-9.197,-0.135567,0.112149,-0.000001,-0.000007,-0.000,-0.000010,0.000004,-0.000000,-0.000001,-0.000,0.000000,0.000007,0.000401
1.6500,3,10.692570,10.692570,-0.079097,0.000415,-0.140150,-8.030,-0.120451,0.105784,0.000000,-0.314328,-18.010,-0.261169,0.348902,0.000502,-0.161868,-9.274,-0.134445,0.112633,-0.000001,-0.000007,-0.000,-0.000010,0.000004,-0.000000,-0.000001,-0.000,0.000000,0.000007,0.000331
1.6600,3,10.692576,10.692576,-0.080477,0.000413,-0.141344,-8.098,-0.119393,0.106024,0.000000,-0.316905,-18.157,-0.257680,0.341413,0.000308,-0.163201,-9.351,-0.133319,0.113037,-0.000001,-0.000008,-0.000,-0.000010,0.000004,-0.000000,-0.000001,-0.000,0.000000,0.000006,0.000257
1.6700,3,10.692583,10.692583,-0.081830,0.000411,-0.142527,-8.166,-0.118333,0.106244,0.000000,-0.319448,-18.303,-0.254266,0.334071,0.000125,-0.164523,-9.426,-0.132188,0.113352,-0.000001,-0.000008,-0.000,-0.000010,0.000004,-0.000000,-0.000001,-0.000,0.000000,0.000006,0.000180
1.6800,3,10.692590,10.692590,-0.083157,0.000409,-0.143700,-8.233,-0.117270,0.106415,0.000000,-0.321957,-18.447,-0.250925,0.326892,-0.000045,-0.165833,-9.502,-0.131055,0.113576,-0.000001,-0.000008,-0.000,-0.000010,0.000004,-0.000000,-0.000001,-0.000,0.000000,0.000006,0.000102
1.6900,3,10.692598,10.692598,-0.084458,0.000408,-0.144862,-8.300,-0.116206,0.106522,-0.000000,-0.324433,-18.589,-0.247656,0.319880,-0.000201,-0.167133,-9.576,-0.129919,0.113711,-0.000002,-0.000008,-0.000,-0.000010,0.000004,-0.000000,-0.000001,-0.000,0.000000,0.000006,0.000022
1.7000,3,10.692606,10.692606,-0.085736,0.000407,-0.146013,-8.366,-0.115141,0.106557,-0.000000,-0.326878,-18.729,-0.244457,0.313036,-0.000341,-0.168420,-9.650,-0.128782,0.113758,-0.000002,-0.000008,-0.000,-0.000010,0.000004,-0.000000,-0.000001,-0.000,0.000001,0.000006,-0.000057
1.7100,3,10.692614,10.692614,-0.086990,0.000407,-0.147154,-8.431,-0.114076,0.106517,-0.000000,-0.329291,-18.867,-0.241327,0.306357,-0.000463,-0.169697,-9.723,-0.127645,0.113722,-0.000002,-0.000008,-0.000,-0.000010,0.000004,-0.000000,-0.000001,-0.000,0.000001,0.000006,-0.000136
1.7200,3,10.692623,10.692623,-0.088223,0.000407,-0.148284,-8.496,-0.113010,0.106404,0.000000,-0.331674,-19.004,-0.238264,0.299839,-0.000568,-0.170962,-9.795,-0.126507,0.113609,-0.000002,-0.000008,-0.000,-0.000010,0.000003,-0.000000,-0.000001,-0.000,0.000001,0.000006,-0.000213
1.7300,3,10.692633,10.692633,-0.089434,0.000407,-0.149404,-8.560,-0.111946,0.106221,0.000000,-0.334027,-19.138,-0.235265,0.293476,-0.000654,-0.172216,-9.867,-0.125371,0.113422,-0.000002,-0.000008,-0.000,-0.000010,0.000003,-0.000000,-0.000001,-0.000,0.000001,0.000006,-0.000287
1.7400,3,10.692643,10.692643,-0.090626,0.000408,-0.150513,-8.624,-0.110884,0.105971,-0.000000,-0.336350,-19.271,-0.232330,0.287262,-0.000720,-0.173458,-9.938,-0.124237,0.113168,-0.000002,-0.000008,-0.000,-0.000010,0.000003,-0.000000,-0.000001,-0.000,0.000001,0.000006,-0.000358
1.7500,3,10.692653,10.692653,-0.091799,0.000409,-0.151611,-8.687,-0.109824,0.105657,-0.000000,-0.338644,-19.403,-0.229458,0.281191,-0.000767,-0.174689,-10.009,-0.123105,0.112850,-0.000002,-0.000008,-0.000,-0.000010,0.000003,-0.000000,-0.000001,-0.000,0.000001,0.000006,-0.000424
1.7600,3,10.692664,10.692664,-0.092954,0.000409,-0.152699,-8.749,-0.108768,0.105285,-0.000000,-0.340911,-19.533,-0.226646,0.275257,-0.000794,-0.175909,-10.079,-0.121977,0.112474,-0.000002,-0.000008,-0.000,-0.000010,0.000003,-0.000000,-0.000001,-0.000,0.000001,0.000006,-0.000485
1.7700,3,10.692675,10.692675,-0.094092,0.000410,-0.153776,-8.811,-0.107715,0.104859,0.000000,-0.343150,-19.661,-0.223893,0.269453,-0.000800,-0.177117,-10.148,-0.120852,0.112045,-0.000002,-0.000009,-0.000,-0.000010,0.000003,-0.000000,-0.000001,-0.000,0.000001,0.000006,-0.000541
1.7800,3,10.692686,10.692686,-0.095214,0.000411,-0.154842,-8.872,-0.106666,0.104383,-0.000000,-0.345362,-19.788,-0.221199,0.263774,-0.000787,-0.178315,-10.217,-0.119732,0.111567,-0.000002,-0.000009,-0.000,-0.000010,0.000003,-0.000000,-0.000001,-0.000,0.000001,0.000006,-0.000590
1.7900,3,10.692698,10.692698,-0.096321,0.000412,-0.155899,-8.932,-0.105623,0.103860,-0.000000,-0.347547,-19.913,-0.218561,0.258214,-0.000754,-0.179501,-10.285,-0.118616,0.111044,-0.000002,-0.000009,-0.001,-0.000010,0.000002,-0.000000,-0.000001,-0.000,0.000001,0.000006,-0.000632
1.8000,3,10.692711,10.692711,-0.097414,0.000413,-0.156944,-8.992,-0.104584,0.103296,-0.000000,-0.349707,-20.037,-0.215979,0.252766,-0.000703,-0.180676,-10.352,-0.117505,0.110480,-0.000002,-0.000009,-0.001,-0.000010,0.000002,-0.000000,-0.000001,-0.000,0.000001,0.000007,-0.000666
1.8100,3,10.692724,10.692724,-0.098492,0.000413,-0.157980,-9.052,-0.103551,0.102694,0.000000,-0.351842,-20.159,-0.213451,0.247427,-0.000634,-0.181840,-10.419,-0.116401,0.109880,-0.000002,-0.000009,-0.001,-0.000010,0.000002,-0.000000,-0.000001,-0.000,0.000001,0.000007,-0.000693
1.8200,3,10.692737,10.692737,-0.099558,0.000414,-0.159005,-9.110,-0.102524,0.102057,0.000000,-0.353951,-20.280,-0.210977,0.242190,-0.000549,-0.182993,-10.485,-0.115302,0.109247,-0.000002,-0.000009,-0.001,-0.000010,0.000002,-0.000000,-0.000001,-0.000,0.000001,0.000007,-0.000711
1.8300,3,10.692751,10.692751,-0.100611,0.000414,-0.160020,-9.168,-0.101504,0.101387,0.000000,-0.356037,-20.399,-0.208555,0.237052,-0.000449,-0.184135,-10.550,-0.114209,0.108584,-0.000001,-0.000009,-0.001,-0.000010,0.000001,-0.000000,-0.000001,-0.000,0.000001,0.000007,-0.000721
1.8400,3,10.692765,10.692765,-0.101652,0.000413,-0.161025,-9.226,-0.100490,0.100686,0.000000,-0.358099,-20.518,-0.206185,0.232008,-0.000335,-0.185266,-10.615,-0.113124,0.107895,-0.000001,-0.000009,-0.001,-0.000010,0.000001,-0.000000,-0.000001,-0.000,0.000001,0.000007,-0.000722
1.8500,3,10.692779,10.692779,-0.102683,0.000412,-0.162020,-9.283,-0.099483,0.099956,0.000000,-0.360138,-20.634,-0.203864,0.227056,-0.000210,-0.186387,-10.679,-0.112045,0.107182,-0.000001,-0.000009,-0.001,-0.000010,0.000001,-0.000000,-0.000001,-0.000,0.000001,0.000007,-0.000714
1.8600,3,10.692794,10.692794,-0.103702,0.000410,-0.163005,-9.339,-0.098483,0.099194,-0.000000,-0.362153,-20.750,-0.201594,0.222194,-0.000076,-0.187496,-10.743,-0.110973,0.106447,-0.000001,-0.000009,-0.001,-0.000010,0.000000,-0.000000,-0.000001,-0.000,0.000002,0.000007,-0.000698
1.8700,3,10.692810,10.692810,-0.104711,0.000408,-0.163980,-9.395,-0.097491,0.098398,-0.000000,-0.364147,-20.864,-0.199372,0.217422,0.000066,-0.188595,-10.806,-0.109908,0.105691,-0.000001,-0.000010,-0.001,-0.000010,0.000000,-0.000000,-0.000001,-0.000,0.000002,0.000007,-0.000674
1.8800,3,10.692825,10.692825,-0.105711,0.000405,-0.164945,-9.451,-0.096507,0.097557,-0.000000,-0.366119,-20.977,-0.197198,0.212744,0.000213,-0.189684,-10.868,-0.108851,0.104915,-0.000001,-0.000010,-0.001,-0.000010,-0.000000,-0.000000,-0.000001,-0.000,0.000002,0.000007,-0.000641
1.8900,3,10.692842,10.692842,-0.106703,0.000402,-0.165900,-9.505,-0.095532,0.096656,0.000000,-0.368070,-21.089,-0.195070,0.208167,0.000363,-0.190762,-10.930,-0.107802,0.104116,-0.000001,-0.000010,-0.001,-0.000010,-0.000001,-0.000000,-0.000001,-0.000,0.000002,0.000007,-0.000601
1.9000,3,10.692858,10.692858,-0.107686,0.000397,-0.166846,-9.560,-0.094565,0.095666,0.000000,-0.370000,-21.199,-0.192989,0.203709,0.000512,-0.191830,-10.991,-0.106761,0.103288,-0.000001,-0.000010,-0.001,-0.000010,-0.000001,-0.000000,-0.000001,-0.000,0.000002,0.000007,-0.000554
1.9100,3,10.692875,10.692875,-0.108663,0.000392,-0.167782,-9.613,-0.093609,0.094539,-0.000000,-0.371909,-21.309,-0.190952,0.199399,0.000659,-0.192887,-11.052,-0.105728,0.102421,-0.000001,-0.000010,-0.001,-0.000010,-0.000001,-0.000000,-0.000001,-0.000,0.000002,0.000006,-0.000499
1.9200,3,10.692893,10.692893,-0.109635,0.000385,-0.168708,-9.666,-0.092663,0.093193,0.000000,-0.373799,-21.417,-0.188958,0.195287,0.000801,-0.193934,-11.112,-0.104704,0.101494,-0.000000,-0.000010,-0.001,-0.000010,-0.000002,-0.000000,-0.000001,-0.000,0.000002,0.000006,-0.000439
1.9300,3,10.692911,10.692911,-0.110604,0.000378,-0.169626,-9.719,-0.091731,0.091499,0.000000,-0.375669,-21.524,-0.187005,0.191457,0.000936,-0.194971,-11.171,-0.103689,0.100475,-0.000000,-0.000010,-0.001,-0.000010,-0.000002,-0.000000,-0.000001,-0.000,0.000002,0.000005,-0.000373
1.9400,3,10.692929,10.692929,-0.111574,0.000370,-0.170534,-9.771,-0.090816,0.089237,-0.000000,-0.377520,-21.630,-0.185090,0.188050,0.001062,-0.195998,-11.230,-0.102684,0.099307,-0.000000,-0.000010,-0.001,-0.000010,-0.000003,-0.000000,-0.000001,-0.000,0.000002,0.000003,-0.000302
1.9500,3,10.692948,10.692948,-0.112551,0.000361,-0.171433,-9.822,-0.089924,0.086056,0.000000,-0.379352,-21.735,-0.183210,0.185296,0.001179,-0.197015,-11.288,-0.101691,0.097896,-0.000000,-0.000010,-0.001,-0.000010,-0.000004,-0.000000,-0.000001,-0.000,0.000002,0.000001,-0.000227
1.9600,3,10.692967,10.692967,-0.113545,0.000351,-0.172324,-9.873,-0.089063,0.081381,-0.000000,-0.381165,-21.839,-0.181357,0.183570,0.001288,-0.198022,-11.346,-0.100712,0.096088,0.000000,-0.000010,-0.001,-0.000010,-0.000004,-0.000000,-0.000001,-0.000,0.000002,-0.000004,-0.000149
1.9700,3,10.692987,10.692987,-0.114572,0.000340,-0.173206,-9.924,-0.088249,0.074414,-0.000000,-0.382961,-21.942,-0.179521,0.183611,0.001393,-0.199019,-11.403,-0.099751,0.093418,0.000000,-0.000011,-0.001,-0.000010,0.000025,-0.000000,-0.000001,-0.000,0.000002,-0.000010,-0.000069
1.9800,3,10.693007,10.693007,-0.115655,0.000328,-0.174081,-9.974,-0.087505,0.083863,0.000000,-0.384738,-22.044,-0.177685,0.211288,0.001549,-0.200007,-11.460,-0.098817,0.074296,-0.000001,-0.000011,-0.001,-0.000009,0.001069,-0.000000,-0.000001,-0.000,0.000002,0.000275,0.000013
1.9900,3,10.693028,10.693028,-0.116810,0.000316,-0.174948,-10.024,-0.086667,8.476306,-0.000000,-0.386493,-22.144,-0.175572,16.914081,-0.001487,-0.200988,-11.516,-0.098074,9.506425,0.000057,-0.000011,-0.001,0.000001,-0.000401,-0.000000,-0.000000,-0.000,0.000005,-0.000403,0.005039
2.0000,4,10.695166,10.695166,-0.112515,-0.000070,-0.174967,-10.025,-0.001904,-15.065123,0.000000,-0.386558,-22.148,-0.006431,-31.030735,0.007887,-0.201018,-11.517,-0.003010,-15.392326,-0.000109,-0.000011,-0.001,-0.000003,0.000967,-0.000000,-0.000000,-0.000,0.000001,-0.001205,-0.006068
2.0100,4,10.692525,10.692525,-0.117016,0.000643,-0.176493,-10.112,-0.152555,0.597894,0.000000,-0.389725,-22.330,-0.316738,0.075750,0.002704,-0.202588,-11.607,-0.156933,0.283219,0.000005,-0.000011,-0.001,0.000007,-0.001793,-0.000000,-0.000001,-0.000,-0.000011,0.000015,0.000172
2.0200,4,10.692525,10.692525,-0.113623,0.000620,-0.177958,-10.196,-0.146576,0.431833,-0.000000,-0.392885,-22.511,-0.315981,0.255226,0.003860,-0.204129,-11.696,-0.154101,0.189039,0.000001,-0.000011,-0.001,-0.000011,0.000014,-0.000000,-0.000001,-0.000,-0.000011,0.000397,0.000266
2.0300,4,10.692526,10.692526,-0.112283,0.000611,-0.179381,-10.278,-0.142258,0.303513,-0.000000,-0.396019,-22.690,-0.313429,0.330070,0.004362,-0.205651,-11.783,-0.152211,0.155901,-0.000001,-0.000011,-0.001,-0.000011,0.000040,-0.000000,-0.000001,-0.000,-0.000007,0.000249,0.000350
2.0400,4,10.692527,10.692527,-0.112221,0.000610,-0.180773,-10.358,-0.139222,0.225088,-0.000000,-0.399120,-22.868,-0.310128,0.371941,0.004524,-0.207157,-11.869,-0.150652,0.136583,-0.000001,-0.000011,-0.001,-0.000010,0.000025,-0.000000,-0.000001,-0.000,-0.000005,0.000156,0.000425
2.0500,4,10.692529,10.692529,-0.112926,0.000612,-0.182143,-10.436,-0.136972,0.177516,-0.000000,-0.402184,-23.043,-0.306409,0.393799,0.004490,-0.208650,-11.955,-0.149286,0.125401,-0.000002,-0.000011,-0.001,-0.000010,0.000016,-0.000000,-0.000001,-0.000,-0.000003,0.000099,0.000494
2.0600,4,10.692531,10.692531,-0.114086,0.000615,-0.183495,-10.513,-0.135196,0.148872,-0.000000,-0.405209,-23.217,-0.302471,0.403453,0.004347,-0.210130,-12.040,-0.148032,0.119151,-0.000002,-0.000011,-0.001,-0.000010,0.000010,-0.000000,-0.000001,-0.000,-0.000002,0.000064,0.000555
2.0700,4,10.692534,10.692534,-0.115507,0.000617,-0.184832,-10.590,-0.133708,0.131814,0.000000,-0.408193,-23.388,-0.298436,0.405707,0.004145,-0.211599,-12.124,-0.146840,0.115866,-0.000002,-0.000011,-0.001,-0.000010,0.000007,-0.000000,-0.000001,-0.000,-0.000002,0.000042,0.000609
2.0800,4,10.692537,10.692537,-0.117074,0.000617,-0.186156,-10.666,-0.132390,0.121820,0.000000,-0.411137,-23.556,-0.294379,0.403516,0.003911,-0.213056,-12.207,-0.145682,0.114338,-0.000002,-0.000011,-0.001,-0.000010,0.000005,-0.000000,-0.000001,-0.000,-0.000001,0.000029,0.000656
2.0900,4,10.692540,10.692540,-0.118713,0.000617,-0.187468,-10.741,-0.131171,0.116110,0.000000,-0.414041,-23.723,-0.290344,0.398695,0.003663,-0.214501,-12.290,-0.144538,0.113827,-0.000001,-0.000011,-0.001,-0.000010,0.000004,-0.000000,-0.000001,-0.000,-0.000001,0.000021,0.000695
2.1000,4,10.692544,10.692544,-0.120383,0.000615,-0.188768,-10.816,-0.130010,0.112975,0.000000,-0.416904,-23.887,-0.286357,0.392359,0.003409,-0.215935,-12.372,-0.143400,0.113882,-0.000001,-0.000011,-0.001,-0.000010,0.000004,-0.000000,-0.000001,-0.000,-0.000001,0.000016,0.000726
2.1100,4,10.692548,10.692548,-0.122057,0.000612,-0.190056,-10.889,-0.128881,0.111367,0.000000,-0.419729,-24.049,-0.282433,0.385187,0.003154,-0.217358,-12.454,-0.142261,0.114227,-0.000001,-0.000012,-0.001,-0.000010,0.000004,-0.000000,-0.000001,-0.000,-0.000000,0.000013,0.000749
2.1200,4,10.692553,10.692553,-0.123721,0.000607,-0.191334,-10.963,-0.127767,0.110645,-0.000000,-0.422514,-24.208,-0.278581,0.377596,0.002898,-0.218769,-12.535,-0.141119,0.114698,-0.000001,-0.000012,-0.001,-0.000010,0.000004,-0.000000,-0.000001,-0.000,-0.000000,0.000011,0.000763
2.1300,4,10.692558,10.692558,-0.125366,0.000602,-0.192601,-11.035,-0.126660,0.110416,-0.000000,-0.425262,-24.366,-0.274805,0.369837,0.002644,-0.220168,-12.615,-0.139972,0.115196,-0.000001,-0.000012,-0.001,-0.000010,0.000004,-0.000000,-0.000001,-0.000,-0.000000,0.000010,0.000769
2.1400,4,10.692564,10.692564,-0.126987,0.000597,-0.193856,-11.107,-0.125556,0.110442,-0.000000,-0.427974,-24.521,-0.271107,0.362059,0.002391,-0.221557,-12.694,-0.138820,0.115663,-0.000001,-0.000012,-0.001,-0.000010,0.000004,-0.000000,-0.000001,-0.000,-0.000000,0.000009,0.000767
2.1500,4,10.692570,10.692570,-0.128582,0.000590,-0.195101,-11.178,-0.124452,0.110581,-0.000000,-0.430648,-24.674,-0.267486,0.354352,0.002139,-0.222933,-12.773,-0.137663,0.116067,-0.000001,-0.000012,-0.001,-0.000010,0.000004,-0.000000,-0.000001,-0.000,-0.000000,0.000009,0.000756
2.1600,4,10.692576,10.692576,-0.130152,0.000584,-0.196334,-11.249,-0.123346,0.110748,0.000000,-0.433288,-24.826,-0.263943,0.346767,0.001890,-0.224298,-12.851,-0.136503,0.116391,-0.000001,-0.000012,-0.001,-0.000010,0.000004,-0.000000,-0.000001,-0.000,0.000000,0.000009,0.000736
2.1700,4,10.692583,10.692583,-0.131694,0.000577,-0.197557,-11.319,-0.122239,0.110892,0.000000,-0.435893,-24.975,-0.260475,0.339331,0.001642,-0.225652,-12.929,-0.135339,0.116629,-0.000001,-0.000012,-0.001,-0.000010,0.000004,-0.000000,-0.000001,-0.000,0.000000,0.000008,0.000708
2.1800,4,10.692590,10.692590,-0.133212,0.000571,-0.198768,-11.389,-0.121130,0.110986,-0.000000,-0.438463,-25.122,-0.257082,0.332058,0.001396,-0.226993,-13.006,-0.134173,0.116776,-0.000001,-0.000012,-0.001,-0.000009,0.000004,-0.000000,-0.000001,-0.000,0.000000,0.000008,0.000673
2.1900,4,10.692598,10.692598,-0.134704,0.000564,-0.199968,-11.457,-0.120020,0.111015,-0.000000,-0.441001,-25.267,-0.253761,0.324952,0.001154,-0.228324,-13.082,-0.133005,0.116836,-0.000001,-0.000012,-0.001,-0.000009,0.000004,-0.000000,-0.000001,-0.000,0.000000,0.000008,0.000629
2.2000,4,10.692606,10.692606,-0.136173,0.000557,-0.201157,-11.525,-0.118910,0.110974,-0.000000,-0.443506,-25.411,-0.250512,0.318015,0.000915,-0.229642,-13.158,-0.131836,0.116811,-0.000001,-0.000012,-0.001,-0.000009,0.000004,-0.000000,-0.000001,-0.000,0.000000,0.000008,0.000579
2.2100,4,10.692614,10.692614,-0.137619,0.000551,-0.202335,-11.593,-0.117800,0.110860,-0.000000,-0.445979,-25.553,-0.247332,0.311242,0.000681,-0.230949,-13.232,-0.130668,0.116705,-0.000001,-0.000013,-0.001,-0.000009,0.000004,-0.000000,-0.000001,-0.000,0.000000,0.000008,0.000523
2.2200,4,10.692623,10.692623,-0.139044,0.000545,-0.203502,-11.660,-0.116691,0.110675,-0.000000,-0.448422,-25.693,-0.244219,0.304629,0.000453,-0.232244,-13.307,-0.129501,0.116524,-0.000001,-0.000013,-0.001,-0.000009,0.000004,-0.000000,-0.000001,-0.000,0.000001,0.000008,0.000461
2.2300,4,10.692633,10.692633,-0.140448,0.000540,-0.204658,-11.726,-0.115585,0.110421,-0.000000,-0.450833,-25.831,-0.241173,0.298171,0.000233,-0.233527,-13.380,-0.128336,0.116272,-0.000001,-0.000013,-0.001,-0.000009,0.000004,-0.000000,-0.000001,-0.000,0.000001,0.000008,0.000394
2.2400,4,10.692643,10.692643,-0.141833,0.000535,-0.205803,-11.792,-0.114480,0.110102,0.000000,-0.453215,-25.967,-0.238191,0.291861,0.000020,-0.234799,-13.453,-0.127173,0.115953,-0.000001,-0.000013,-0.001,-0.000009,0.000004,-0.000000,-0.000001,-0.000,0.000001,0.000008,0.000323
2.2500,4,10.692653,10.692653,-0.143200,0.000530,-0.206937,-11.857,-0.113379,0.109722,-0.000000,-0.455568,-26.102,-0.235273,0.285693,-0.000183,-0.236059,-13.525,-0.126014,0.115574,-0.000001,-0.000013,-0.001,-0.000009,0.000004,-0.000000,-0.000001,-0.000,0.000001,0.000008,0.000248
2.2600,4,10.692664,10.692664,-0.144548,0.000525,-0.208059,-11.921,-0.112282,0.109286,0.000000,-0.457892,-26.235,-0.232416,0.279661,-0.000376,-0.237307,-13.597,-0.124858,0.115139,-0.000001,-0.000013,-0.001,-0.000009,0.000004,-0.000000,-0.000001,-0.000,0.000001,0.000008,0.000171
2.2700,4,10.692675,10.692675,-0.145881,0.000521,-0.209171,-11.985,-0.111189,0.108799,0.000000,-0.460188,-26.367,-0.229619,0.273757,-0.000557,-0.238544,-13.668,-0.123707,0.114653,-0.000001,-0.000013,-0.001,-0.000009,0.000003,-0.000000,-0.000001,-0.000,0.000001,0.000008,0.000092
2.2800,4,10.692686,10.692686,-0.147197,0.000517,-0.210272,-12.048,-0.110101,0.108264,-0.000000,-0.462457,-26.497,-0.226882,0.267978,-0.000726,-0.239770,-13.738,-0.122560,0.114119,-0.000001,-0.000013,-0.001,-0.000009,0.000003,-0.000000,-0.000001,-0.000,0.000001,0.000008,0.000012
2.2900,4,10.692698,10.692698,-0.148498,0.000514,-0.211362,-12.110,-0.109019,0.107685,-0.000000,-0.464699,-26.625,-0.224202,0.262316,-0.000882,-0.240984,-13.807,-0.121419,0.113544,-0.000001,-0.000013,-0.001,-0.000009,0.000003,-0.000000,-0.000001,-0.000,0.000001,0.000009,-0.000068
2.3000,4,10.692711,10.692711,-0.149785,0.000510,-0.212442,-12.172,-0.107942,0.107067,-0.000000,-0.466915,-26.752,-0.221579,0.256765,-0.001024,-0.242187,-13.876,-0.120283,0.112929,-0.000001,-0.000013,-0.001,-0.000009,0.000002,-0.000000,-0.000001,-0.000,0.000001,0.000009,-0.000146
2.3100,4,10.692724,10.692724,-0.151059,0.000507,-0.213511,-12.233,-0.106871,0.106413,-0.000000,-0.469105,-26.878,-0.219011,0.251322,-0.001153,-0.243379,-13.945,-0.119154,0.112281,-0.000001,-0.000013,-0.001,-0.000009,0.000002,-0.000000,-0.000001,-0.000,0.000001,0.000009,-0.000222
2.3200,4,10.692737,10.692737,-0.152319,0.000504,-0.214569,-12.294,-0.105807,0.105726,0.000000,-0.471270,-27.002,-0.216498,0.245980,-0.001269,-0.244559,-14.012,-0.118031,0.111601,-0.000001,-0.000014,-0.001,-0.000009,0.000002,-0.000000,-0.000001,-0.000,0.000001,0.000009,-0.000296
2.3300,4,10.692751,10.692751,-0.153567,0.000500,-0.215616,-12.354,-0.104750,0.105009,-0.000000,-0.473410,-27.124,-0.214038,0.240736,-0.001371,-0.245728,-14.079,-0.116915,0.110894,-0.000001,-0.000014,-0.001,-0.000009,0.000001,-0.000000,-0.000001,-0.000,0.000001,0.000009,-0.000366
2.3400,4,10.692765,10.692765,-0.154803,0.000496,-0.216653,-12.413,-0.103700,0.104264,0.000000,-0.475527,-27.246,-0.211631,0.235585,-0.001461,-0.246886,-14.146,-0.115806,0.110162,-0.000001,-0.000014,-0.001,-0.000009,0.000001,-0.000000,-0.000001,-0.000,0.000002,0.000009,-0.000431
2.3500,4,10.692779,10.692779,-0.156028,0.000492,-0.217680,-12.472,-0.102657,0.103492,0.000000,-0.477619,-27.366,-0.209275,0.230524,-0.001539,-0.248033,-14.211,-0.114705,0.109409,-0.000001,-0.000014,-0.001,-0.000009,0.000001,-0.000000,-0.000001,-0.000,0.000002,0.000009,-0.000491
2.3600,4,10.692794,10.692794,-0.157243,0.000488,-0.218696,-12.530,-0.101622,0.102690,-0.000000,-0.479689,-27.484,-0.206970,0.225553,-0.001608,-0.249169,-14.276,-0.113611,0.108636,-0.000001,-0.000014,-0.001,-0.000009,0.000000,-0.000000,-0.000001,-0.000,0.000002,0.000009,-0.000545
2.3700,4,10.692810,10.692810,-0.158447,0.000483,-0.219702,-12.588,-0.100595,0.101854,0.000000,-0.481736,-27.601,-0.204714,0.220671,-0.001668,-0.250295,-14.341,-0.112524,0.107844,-0.000001,-0.000014,-0.001,-0.000009,-0.000000,-0.000000,-0.000001,-0.000,0.000002,0.000009,-0.000592
2.3800,4,10.692825,10.692825,-0.159641,0.000477,-0.220698,-12.645,-0.099577,0.100974,0.000000,-0.483761,-27.717,-0.202507,0.215882,-0.001724,-0.251409,-14.405,-0.111446,0.107033,-0.000001,-0.000014,-0.001,-0.000009,-0.000001,-0.000000,-0.000001,-0.000,0.000002,0.000009,-0.000632
2.3900,4,10.692842,10.692842,-0.160826,0.000469,-0.221683,-12.702,-0.098567,0.100033,0.000000,-0.485765,-27.832,-0.200349,0.211197,-0.001777,-0.252513,-14.468,-0.110376,0.106201,-0.000000,-0.000014,-0.001,-0.000009,-0.000001,-0.000000,-0.000001,-0.000,0.000002,0.000009,-0.000665
2.4000,4,10.692858,10.692858,-0.162004,0.000461,-0.222659,-12.757,-0.097566,0.099000,0.000000,-0.487747,-27.946,-0.198237,0.206633,-0.001831,-0.253606,-14.531,-0.109314,0.105340,-0.000000,-0.000014,-0.001,-0.000009,-0.000001,-0.000000,-0.000001,-0.000,0.000002,0.000009,-0.000689
2.4100,4,10.692875,10.692875,-0.163175,0.000451,-0.223625,-12.813,-0.096576,0.097820,-0.000000,-0.489709,-28.058,-0.196170,0.202223,-0.001891,-0.254688,-14.593,-0.108260,0.104439,0.000000,-0.000014,-0.001,-0.000009,-0.000002,-0.000000,-0.000001,-0.000,0.000002,0.000009,-0.000705
2.4200,4,10.692893,10.692893,-0.164340,0.000439,-0.224581,-12.868,-0.095598,0.096406,-0.000000,-0.491650,-28.169,-0.194148,0.198024,-0.001960,-0.255761,-14.654,-0.107216,0.103475,0.000000,-0.000014,-0.001,-0.000009,-0.000002,-0.000000,-0.000001,-0.000,0.000002,0.000008,-0.000713
2.4300,4,10.692911,10.692911,-0.165503,0.000425,-0.225527,-12.922,-0.094634,0.094612,0.000000,-0.493572,-28.280,-0.192168,0.194130,-0.002044,-0.256822,-14.715,-0.106181,0.102411,0.000001,-0.000015,-0.001,-0.000009,-0.000003,-0.000000,-0.000001,-0.000,0.000002,0.000007,-0.000712
2.4400,4,10.692929,10.692929,-0.166667,0.000409,-0.226464,-12.975,-0.093688,0.092197,-0.000000,-0.495474,-28.389,-0.190226,0.190698,-0.002147,-0.257874,-14.775,-0.105157,0.101182,0.000001,-0.000015,-0.001,-0.000009,-0.000004,-0.000000,-0.000001,-0.000,0.000002,0.000006,-0.000702
2.4500,4,10.692948,10.692948,-0.167840,0.000390,-0.227392,-13.029,-0.092766,0.088766,0.000000,-0.497358,-28.496,-0.188319,0.187987,-0.002276,-0.258915,-14.835,-0.104145,0.099685,0.000002,-0.000015,-0.001,-0.000009,-0.000005,-0.000000,-0.000001,-0.000,0.000002,0.000003,-0.000684
2.4600,4,10.692967,10.692967,-0.169030,0.000368,-0.228310,-13.081,-0.091878,0.083675,-0.000000,-0.499222,-28.603,-0.186440,0.186426,-0.002434,-0.259947,-14.894,-0.103148,0.097740,0.000002,-0.000015,-0.001,-0.000009,-0.000005,-0.000000,-0.000001,-0.000,0.000003,-0.000002,-0.000657
2.4700,4,10.692987,10.692987,-0.170257,0.000342,-0.229221,-13.133,-0.091042,0.076120,-0.000000,-0.501068,-28.709,-0.184575,0.186965,-0.002622,-0.260969,-14.952,-0.102171,0.094735,0.000002,-0.000015,-0.001,-0.000009,0.000036,-0.000000,-0.000001,-0.000,0.000003,-0.000009,-0.000623
2.4800,4,10.693007,10.693007,-0.171546,0.000312,-0.230124,-13.185,-0.090281,0.097646,0.000000,-0.502895,-28.814,-0.182706,0.233491,-0.002790,-0.261981,-15.010,-0.101223,0.071056,0.000003,-0.000015,-0.001,-0.000009,0.001450,-0.000000,-0.000000,-0.000,0.000002,0.000332,-0.000580
2.4900,4,10.693028,10.693028,-0.172901,0.000279,-0.231017,-13.236,-0.089304,8.691041,-0.000000,-0.504698,-28.917,-0.180371,17.193431,-0.008555,-0.262986,-15.068,-0.100513,9.665190,0.000064,-0.000015,-0.001,0.000006,-0.000934,-0.000000,-0.000000,-0.000,0.000006,-0.000466,0.004426
2.5000,5,10.695166,10.695166,-0.168263,-0.000158,-0.231041,-13.238,-0.002394,-15.218343,0.000000,-0.504783,-28.922,-0.008436,-31.096400,0.015452,-0.263025,-15.070,-0.003861,-15.469843,-0.000121,-0.000015,-0.001,-0.000004,0.001700,-0.000000,-0.000000,-0.000,0.000001,-0.001194,-0.006721
2.5100,5,10.692525,10.692525,-0.173820,0.000640,-0.232586,-13.326,-0.154577,0.578758,-0.000000,-0.507977,-29.105,-0.319400,0.039824,0.005343,-0.264610,-15.161,-0.158559,0.294193,-0.000002,-0.000015,-0.001,0.000013,-0.002486,-0.000000,-0.000001,-0.000,-0.000011,-0.000074,-0.000490
2.5200,5,10.692525,10.692525,-0.170662,0.000661,-0.234074,-13.411,-0.148790,0.433951,-0.000000,-0.511167,-29.288,-0.319002,0.254979,0.005895,-0.266166,-15.250,-0.155618,0.191919,-0.000004,-0.000015,-0.001,-0.000012,-0.000018,-0.000000,-0.000001,-0.000,-0.000012,0.000398,-0.000412
2.5300,5,10.692526,10.692526,-0.169534,0.000688,-0.235519,-13.494,-0.144450,0.304948,-0.000000,-0.514331,-29.469,-0.316452,0.331423,0.005942,-0.267703,-15.338,-0.153698,0.157882,-0.000005,-0.000015,-0.001,-0.000012,0.000034,-0.000000,-0.000001,-0.000,-0.000008,0.000249,-0.000332
2.5400,5,10.692527,10.692527,-0.169681,0.000717,-0.236933,-13.575,-0.141401,0.226379,0.000000,-0.517463,-29.648,-0.313138,0.373843,0.005765,-0.269225,-15.425,-0.152120,0.138225,-0.000005,-0.000015,-0.001,-0.000011,0.000023,-0.000000,-0.000001,-0.000,-0.000005,0.000156,-0.000251
2.5500,5,10.692529,10.692529,-0.170589,0.000744,-0.238324,-13.655,-0.139137,0.178961,0.000000,-0.520557,-29.826,-0.309400,0.395856,0.005487,-0.270732,-15.512,-0.150737,0.126884,-0.000005,-0.000015,-0.001,-0.000011,0.000015,-0.000000,-0.000001,-0.000,-0.000004,0.000099,-0.000169
2.5600,5,10.692531,10.692531,-0.171945,0.000767,-0.239698,-13.734,-0.137347,0.150554,-0.000000,-0.523611,-30.001,-0.305441,0.405489,0.005173,-0.272227,-15.597,-0.149468,0.120558,-0.000004,-0.000015,-0.001,-0.000011,0.000010,-0.000000,-0.000001,-0.000,-0.000003,0.000064,-0.000087
2.5700,5,10.692534,10.692534,-0.173557,0.000786,-0.241056,-13.811,-0.135842,0.133720,-0.000000,-0.526625,-30.173,-0.301386,0.407655,0.004859,-0.273709,-15.682,-0.148263,0.117231,-0.000004,-0.000015,-0.001,-0.000011,0.000008,-0.000000,-0.000001,-0.000,-0.000002,0.000043,-0.000004
2.5800,5,10.692537,10.692537,-0.175310,0.000800,-0.242401,-13.889,-0.134504,0.123905,0.000000,-0.529598,-30.344,-0.297310,0.405360,0.004562,-0.275180,-15.767,-0.147091,0.115673,-0.000003,-0.000016,-0.001,-0.000011,0.000007,-0.000000,-0.000001,-0.000,-0.000002,0.000030,0.000078
2.5900,5,10.692540,10.692540,-0.177134,0.000811,-0.243734,-13.965,-0.133265,0.118323,0.000000,-0.532531,-30.512,-0.293256,0.400441,0.004288,-0.276640,-15.850,-0.145934,0.115134,-0.000003,-0.000016,-0.001,-0.000011,0.000006,-0.000000,-0.000001,-0.000,-0.000001,0.000022,0.000160
2.6000,5,10.692544,10.692544,-0.178985,0.000818,-0.245055,-14.041,-0.132082,0.115270,-0.000000,-0.535423,-30.677,-0.289252,0.394018,0.004039,-0.278087,-15.933,-0.144782,0.115159,-0.000002,-0.000016,-0.001,-0.000011,0.000006,-0.000000,-0.000001,-0.000,-0.000001,0.000017,0.000239
2.6100,5,10.692548,10.692548,-0.180839,0.000821,-0.246364,-14.116,-0.130929,0.113707,0.000000,-0.538276,-30.841,-0.285312,0.386773,0.003813,-0.279524,-16.016,-0.143631,0.115471,-0.000002,-0.000016,-0.001,-0.000011,0.000006,-0.000000,-0.000001,-0.000,-0.000001,0.000014,0.000315
2.6200,5,10.692553,10.692553,-0.182682,0.000822,-0.247662,-14.190,-0.129792,0.113001,-0.000000,-0.541091,-31.002,-0.281444,0.379120,0.003604,-0.280948,-16.097,-0.142476,0.115905,-0.000001,-0.000016,-0.001,-0.000011,0.000006,-0.000000,-0.000001,-0.000,-0.000001,0.000013,0.000388
2.6300,5,10.692558,10.692558,-0.184506,0.000819,-0.248948,-14.264,-0.128662,0.112770,-0.000000,-0.543867,-31.161,-0.277653,0.371306,0.003410,-0.282362,-16.178,-0.141317,0.116365,-0.000001,-0.000016,-0.001,-0.000010,0.000007,-0.000000,-0.000001,-0.000,-0.000001,0.000012,0.000457
2.6400,5,10.692564,10.692564,-0.186306,0.000815,-0.250224,-14.337,-0.127535,0.112780,0.000000,-0.546607,-31.318,-0.273940,0.363481,0.003225,-0.283763,-16.258,-0.140153,0.116793,-0.000001,-0.000016,-0.001,-0.000010,0.000007,-0.000000,-0.000001,-0.000,-0.000000,0.000011,0.000521
2.6500,5,10.692570,10.692570,-0.188080,0.000809,-0.251488,-14.409,-0.126407,0.112894,0.000000,-0.549310,-31.473,-0.270305,0.355730,0.003047,-0.285153,-16.338,-0.138986,0.117158,-0.000001,-0.000016,-0.001,-0.000010,0.000007,-0.000000,-0.000001,-0.000,-0.000000,0.000011,0.000579
2.6600,5,10.692576,10.692576,-0.189829,0.000801,-0.252741,-14.481,-0.125278,0.113029,0.000000,-0.551977,-31.626,-0.266747,0.348104,0.002871,-0.286531,-16.417,-0.137814,0.117444,-0.000000,-0.000016,-0.001,-0.000010,0.000007,-0.000000,-0.000001,-0.000,-0.000000,0.000011,0.000630
2.6700,5,10.692583,10.692583,-0.191551,0.000793,-0.253982,-14.552,-0.124148,0.113139,-0.000000,-0.554610,-31.777,-0.263266,0.340628,0.002695,-0.287898,-16.495,-0.136640,0.117643,-0.000000,-0.000017,-0.001,-0.000010,0.000007,-0.000000,-0.000001,-0.000,-0.000000,0.000010,0.000675
2.6800,5,10.692590,10.692590,-0.193248,0.000783,-0.255212,-14.623,-0.123016,0.113197,-0.000000,-0.557208,-31.926,-0.259860,0.333315,0.002516,-0.289252,-16.573,-0.135463,0.117754,-0.000000,-0.000017,-0.001,-0.000010,0.000007,-0.000000,-0.000001,-0.000,0.000000,0.000010,0.000712
2.6900,5,10.692598,10.692598,-0.194920,0.000772,-0.256431,-14.692,-0.121884,0.113190,-0.000000,-0.559774,-32.073,-0.256527,0.326170,0.002333,-0.290595,-16.650,-0.134286,0.117778,-0.000000,-0.000017,-0.001,-0.000010,0.000007,-0.000000,-0.000001,-0.000,0.000000,0.000010,0.000741
2.7000,5,10.692606,10.692606,-0.196570,0.000761,-0.257639,-14.762,-0.120752,0.113112,0.000000,-0.562306,-32.218,-0.253265,0.319193,0.002144,-0.291926,-16.726,-0.133108,0.117719,-0.000000,-0.000017,-0.001,-0.000010,0.000007,-0.000000,-0.000001,-0.000,0.000000,0.000010,0.000762
2.7100,5,10.692614,10.692614,-0.198197,0.000749,-0.258835,-14.830,-0.119621,0.112962,-0.000000,-0.564807,-32.361,-0.250073,0.312379,0.001949,-0.293245,-16.802,-0.131931,0.117581,-0.000000,-0.000017,-0.001,-0.000010,0.000007,-0.000000,-0.000001,-0.000,0.000000,0.000010,0.000774
2.7200,5,10.692623,10.692623,-0.199803,0.000737,-0.260020,-14.898,-0.118492,0.112742,0.000000,-0.567277,-32.503,-0.246950,0.305725,0.001746,-0.294553,-16.877,-0.130755,0.117368,0.000000,-0.000017,-0.001,-0.000010,0.000007,-0.000000,-0.000001,-0.000,0.000000,0.000010,0.000778
2.7300,5,10.692633,10.692633,-0.201388,0.000725,-0.261193,-14.965,-0.117364,0.112455,-0.000000,-0.569716,-32.642,-0.243892,0.299223,0.001536,-0.295849,-16.951,-0.129581,0.117086,0.000000,-0.000017,-0.001,-0.000010,0.000007,-0.000000,-0.000001,-0.000,0.000001,0.000011,0.000774
2.7400,5,10.692643,10.692643,-0.202955,0.000713,-0.262356,-15.032,-0.116240,0.112104,0.000000,-0.572125,-32.780,-0.240900,0.292869,0.001318,-0.297133,-17.024,-0.128410,0.116740,0.000000,-0.000017,-0.001,-0.000010,0.000007,-0.000000,-0.000001,-0.000,0.000001,0.000011,0.000761
2.7500,5,10.692653,10.692653,-0.204504,0.000701,-0.263507,-15.098,-0.115119,0.111694,0.000000,-0.574504,-32.917,-0.237971,0.286655,0.001093,-0.298405,-17.097,-0.127243,0.116334,0.000000,-0.000017,-0.001,-0.000010,0.000006,-0.000000,-0.000001,-0.000,0.000001,0.000011,0.000739
2.7600,5,10.692664,10.692664,-0.206036,0.000689,-0.264647,-15.163,-0.114002,0.111229,0.000000,-0.576855,-33.051,-0.235105,0.280576,0.000861,-0.299666,-17.170,-0.126079,0.115874,-0.000000,-0.000017,-0.001,-0.000010,0.000006,-0.000000,-0.000001,-0.000,0.000001,0.000011,0.000709
2.7700,5,10.692675,10.692675,-0.207551,0.000677,-0.265776,-15.228,-0.112889,0.110714,0.000000,-0.579178,-33.184,-0.232299,0.274625,0.000623,-0.300915,-17.241,-0.124921,0.115365,-0.000000,-0.000018,-0.001,-0.000009,0.000006,-0.000000,-0.000001,-0.000,0.000001,0.000011,0.000672
2.7800,5,10.692686,10.692686,-0.209051,0.000665,-0.266894,-15.292,-0.111782,0.110153,-0.000000,-0.581474,-33.316,-0.229553,0.268795,0.000379,-0.302153,-17.312,-0.123767,0.114810,-0.000000,-0.000018,-0.001,-0.000009,0.000005,-0.000000,-0.000001,-0.000,0.000001,0.000011,0.000627
2.7900,5,10.692698,10.692698,-0.210537,0.000654,-0.268000,-15.355,-0.110681,0.109551,-0.000000,-0.583743,-33.446,-0.226865,0.263082,0.000130,-0.303379,-17.382,-0.122619,0.114214,-0.000000,-0.000018,-0.001,-0.000009,0.000005,-0.000000,-0.000001,-0.000,0.000001,0.000011,0.000575
2.8000,5,10.692711,10.692711,-0.212008,0.000643,-0.269096,-15.418,-0.109585,0.108911,-0.000000,-0.585985,-33.574,-0.224234,0.257479,-0.000123,-0.304594,-17.452,-0.121477,0.113582,-0.000000,-0.000018,-0.001,-0.000009,0.000005,-0.000000,-0.000001,-0.000,0.000001,0.000011,0.000517
2.8100,5,10.692724,10.692724,-0.213466,0.000631,-0.270181,-15.480,-0.108496,0.108237,-0.000000,-0.588201,-33.701,-0.221659,0.251981,-0.000380,-0.305797,-17.521,-0.120341,0.112917,-0.000000,-0.000018,-0.001,-0.000009,0.000004,-0.000000,-0.000001,-0.000,0.000001,0.000011,0.000454
2.8200,5,10.692737,10.692737,-0.214911,0.000620,-0.271255,-15.542,-0.107414,0.107531,0.000000,-0.590393,-33.827,-0.219139,0.246583,-0.000641,-0.306989,-17.589,-0.119212,0.112222,-0.000000,-0.000018,-0.001,-0.000009,0.000004,-0.000000,-0.000001,-0.000,0.000001,0.000011,0.000386
2.8300,5,10.692751,10.692750,-0.216344,0.000609,-0.272319,-15.603,-0.106338,0.106797,-0.000000,-0.592560,-33.951,-0.216674,0.241282,-0.000906,-0.308170,-17.657,-0.118090,0.111502,-0.000000,-0.000018,-0.001,-0.000009,0.000003,-0.000000,-0.000001,-0.000,0.000002,0.000011,0.000313
2.8400,5,10.692765,10.692765,-0.217765,0.000597,-0.273372,-15.663,-0.105270,0.106036,-0.000000,-0.594702,-34.074,-0.214261,0.236073,-0.001174,-0.309340,-17.724,-0.116975,0.110759,-0.000000,-0.000018,-0.001,-0.000009,0.000003,-0.000000,-0.000001,-0.000,0.000002,0.000011,0.000238
2.8500,5,10.692779,10.692779,-0.219175,0.000586,-0.274414,-15.723,-0.104210,0.105248,0.000000,-0.596821,-34.195,-0.211900,0.230953,-0.001447,-0.310499,-17.790,-0.115867,0.109995,0.000000,-0.000018,-0.001,-0.000009,0.000002,-0.000000,-0.000001,-0.000,0.000002,0.000011,0.000160
2.8600,5,10.692794,10.692794,-0.220575,0.000573,-0.275445,-15.782,-0.103158,0.104431,-0.000000,-0.598917,-34.315,-0.209591,0.225922,-0.001726,-0.311646,-17.856,-0.114767,0.109213,0.000000,-0.000018,-0.001,-0.000009,0.000002,-0.000000,-0.000001,-0.000,0.000002,0.000011,0.000081
2.8700,5,10.692810,10.692810,-0.221965,0.000560,-0.276466,-15.840,-0.102113,0.103578,0.000000,-0.600990,-34.434,-0.207331,0.220982,-0.002012,-0.312783,-17.921,-0.113675,0.108413,0.000000,-0.000018,-0.001,-0.000009,0.000001,-0.000000,-0.000001,-0.000,0.000002,0.000011,0.000001
2.8800,5,10.692825,10.692825,-0.223345,0.000547,-0.277477,-15.898,-0.101077,0.102677,0.000000,-0.603042,-34.552,-0.205122,0.216137,-0.002307,-0.313909,-17.986,-0.112591,0.107593,0.000000,-0.000019,-0.001,-0.000009,0.000000,-0.000000,-0.000001,-0.000,0.000002,0.000011,-0.000078
2.8900,5,10.692842,10.692842,-0.224716,0.000531,-0.278478,-15.956,-0.100051,0.101705,-0.000000,-0.605071,-34.668,-0.202960,0.211402,-0.002614,-0.315024,-18.050,-0.111515,0.106751,0.000001,-0.000019,-0.001,-0.000009,-0.000000,-0.000000,-0.000001,-0.000,0.000002,0.000011,-0.000156
2.9000,5,10.692858,10.692858,-0.226079,0.000515,-0.279468,-16.012,-0.099034,0.100623,0.000000,-0.607080,-34.783,-0.200846,0.206800,-0.002937,-0.316129,-18.113,-0.110447,0.105877,0.000001,-0.000019,-0.001,-0.000009,-0.000001,-0.000000,-0.000001,-0.000,0.000002,0.000011,-0.000232
2.9100,5,10.692875,10.692875,-0.227436,0.000496,-0.280448,-16.069,-0.098027,0.099365,0.000000,-0.609067,-34.897,-0.198778,0.202373,-0.003281,-0.317223,-18.176,-0.109389,0.104955,0.000001,-0.000019,-0.001,-0.000009,-0.000001,-0.000000,-0.000001,-0.000,0.000003,0.000011,-0.000305
2.9200,5,10.692893,10.692893,-0.228789,0.000475,-0.281419,-16.124,-0.097034,0.097819,-0.000000,-0.611035,-35.010,-0.196754,0.198194,-0.003650,-0.318306,-18.238,-0.108339,0.103956,0.000002,-0.000019,-0.001,-0.000009,-0.000002,-0.000000,-0.000001,-0.000,0.000003,0.000010,-0.000374
2.9300,5,10.692911,10.692911,-0.230140,0.000452,-0.282379,-16.179,-0.096056,0.095801,-0.000000,-0.612983,-35.121,-0.194772,0.194383,-0.004051,-0.319379,-18.299,-0.107299,0.102831,0.000002,-0.000019,-0.001,-0.000009,-0.000003,-0.000000,-0.000001,-0.000,0.000003,0.000009,-0.000438
2.9400,5,10.692929,10.692929,-0.231494,0.000425,-0.283330,-16.234,-0.095098,0.093005,-0.000000,-0.614911,-35.232,-0.192829,0.191145,-0.004491,-0.320442,-18.360,-0.106271,0.101498,0.000003,-0.000019,-0.001,-0.000009,-0.000004,-0.000000,-0.000001,-0.000,0.000003,0.000007,-0.000496
2.9500,5,10.692948,10.692948,-0.232859,0.000393,-0.284272,-16.288,-0.094168,0.088925,-0.000000,-0.616820,-35.341,-0.190917,0.188814,-0.004977,-0.321494,-18.420,-0.105256,0.099819,0.000003,-0.000019,-0.001,-0.000009,-0.000005,-0.000000,-0.000001,-0.000,0.000003,0.000004,-0.000549
2.9600,5,10.692967,10.692967,-0.234250,0.000358,-0.285205,-16.341,-0.093278,0.082734,0.000000,-0.618710,-35.449,-0.189029,0.187954,-0.005516,-0.322537,-18.480,-0.104258,0.097560,0.000004,-0.000019,-0.001,-0.000009,-0.000004,-0.000000,-0.000000,-0.000,0.000003,-0.000002,-0.000594
2.9700,5,10.692987,10.692987,-0.235685,0.000316,-0.286129,-16.394,-0.092451,0.073542,0.000000,-0.620582,-35.557,-0.187150,0.190005,-0.006113,-0.323570,-18.539,-0.103282,0.093859,0.000005,-0.000019,-0.001,-0.000009,0.000052,-0.000000,-0.000000,-0.000,0.000003,-0.000010,-0.000633
2.9800,5,10.693007,10.693007,-0.237201,0.000269,-0.287046,-16.447,-0.091716,0.112254,-0.000000,-0.622434,-35.663,-0.185249,0.267167,-0.006730,-0.324593,-18.598,-0.102344,0.065984,0.000006,-0.000019,-0.001,-0.000009,0.001869,-0.000000,-0.000000,-0.000,0.000003,0.000395,-0.000664
2.9900,5,10.693028,10.693028,-0.238788,0.000214,-0.287952,-16.498,-0.090593,8.775973,-0.000000,-0.624260,-35.767,-0.182578,17.207010,-0.015811,-0.325610,-18.656,-0.101684,9.698991,0.000070,-0.000019,-0.001,0.000010,-0.001453,-0.000000,-0.000000,-0.000,0.000007,-0.000523,0.004312
3.0000,6,10.695166,10.695166,-0.233862,-0.000267,-0.287980,-16.500,-0.002833,-15.264440,-0.000000,-0.624365,-35.773,-0.010508,-30.930839,0.024181,-0.325657,-18.659,-0.004694,-15.452202,-0.000132,-0.000019,-0.001,-0.000005,0.002409,-0.000000,-0.000000,-0.000,0.000002,-0.001180,-0.006974
3.0100,6,10.692525,10.692525,-0.240451,0.000616,-0.289535,-16.589,-0.155478,0.553006,-0.000000,-0.627563,-35.957,-0.319816,-0.023963,0.008054,-0.327249,-18.750,-0.159216,0.305175,-0.000011,-0.000019,-0.001,0.000019,-0.003252,-0.000000,-0.000000,-0.000,-0.000010,-0.000178,-0.000754
3.0200,6,10.692525,10.692525,-0.237467,0.000684,-0.291035,-16.675,-0.149948,0.438679,0.000000,-0.630764,-36.140,-0.320056,0.248696,0.007791,-0.328811,-18.839,-0.156164,0.195072,-0.000010,-0.000019,-0.001,-0.000013,-0.000053,-0.000000,-0.000001,-0.000,-0.000012,0.000404,-0.000753
3.0300,6,10.692526,10.692526,-0.236507,0.000750,-0.292490,-16.758,-0.145561,0.307209,0.000000,-0.633940,-36.322,-0.317569,0.328673,0.007206,-0.330353,-18.928,-0.154214,0.159386,-0.000010,-0.000019,-0.001,-0.000014,0.000031,-0.000000,-0.000001,-0.000,-0.000008,0.000252,-0.000741
3.0400,6,10.692527,10.692527,-0.236835,0.000811,-0.293915,-16.840,-0.142489,0.227431,-0.000000,-0.637083,-36.502,-0.314282,0.372560,0.006530,-0.331879,-19.015,-0.152620,0.139033,-0.000009,-0.000020,-0.001,-0.000013,0.000022,-0.000000,-0.000001,-0.000,-0.000006,0.000157,-0.000720
3.0500,6,10.692529,10.692529,-0.237928,0.000866,-0.295317,-16.920,-0.140214,0.179610,0.000000,-0.640188,-36.680,-0.310556,0.395237,0.005857,-0.333391,-19.102,-0.151229,0.127349,-0.000008,-0.000020,-0.001,-0.000013,0.000016,-0.000000,-0.000001,-0.000,-0.000004,0.000100,-0.000691
3.0600,6,10.692531,10.692531,-0.239466,0.000913,-0.296702,-17.000,-0.138418,0.151159,0.000000,-0.643254,-36.856,-0.306604,0.405135,0.005235,-0.334891,-19.188,-0.149956,0.120858,-0.000007,-0.000020,-0.001,-0.000013,0.000012,-0.000000,-0.000001,-0.000,-0.000003,0.000065,-0.000653
3.0700,6,10.692534,10.692534,-0.241257,0.000952,-0.298071,-17.078,-0.136907,0.134418,0.000000,-0.646280,-37.029,-0.302553,0.407377,0.004685,-0.336378,-19.273,-0.148747,0.117452,-0.000007,-0.000020,-0.001,-0.000013,0.000011,-0.000000,-0.000001,-0.000,-0.000002,0.000044,-0.000608
3.0800,6,10.692537,10.692537,-0.243186,0.000984,-0.299426,-17.156,-0.135563,0.124728,0.000000,-0.649264,-37.200,-0.298479,0.405076,0.004212,-0.337854,-19.358,-0.147573,0.115855,-0.000006,-0.000020,-0.001,-0.000013,0.000010,-0.000000,-0.000001,-0.000,-0.000002,0.000031,-0.000556
3.0900,6,10.692540,10.692540,-0.245182,0.001010,-0.300769,-17.233,-0.134315,0.119258,-0.000000,-0.652209,-37.369,-0.294428,0.400120,0.003815,-0.339318,-19.442,-0.146414,0.115294,-0.000005,-0.000020,-0.001,-0.000013,0.000010,-0.000000,-0.000001,-0.000,-0.000002,0.000023,-0.000498
3.1000,6,10.692544,10.692544,-0.247204,0.001030,-0.302101,-17.309,-0.133123,0.116292,0.000000,-0.655113,-37.535,-0.290427,0.393655,0.003487,-0.340771,-19.525,-0.145261,0.115300,-0.000004,-0.000020,-0.001,-0.000012,0.000010,-0.000000,-0.000001,-0.000,-0.000001,0.000019,-0.000434
3.1100,6,10.692548,10.692548,-0.249228,0.001044,-0.303420,-17.385,-0.131960,0.114790,0.000000,-0.657978,-37.699,-0.286490,0.386371,0.003220,-0.342212,-19.607,-0.144108,0.115595,-0.000003,-0.000020,-0.001,-0.000012,0.000010,-0.000000,-0.000001,-0.000,-0.000001,0.000016,-0.000365
3.1200,6,10.692553,10.692553,-0.251239,0.001054,-0.304728,-17.460,-0.130812,0.114121,-0.000000,-0.660804,-37.861,-0.282627,0.378685,0.003005,-0.343641,-19.689,-0.142952,0.116012,-0.000003,-0.000021,-0.001,-0.000012,0.000011,-0.000000,-0.000001,-0.000,-0.000001,0.000014,-0.000292
3.1300,6,10.692558,10.692558,-0.253231,0.001060,-0.306025,-17.534,-0.129671,0.113909,0.000000,-0.663593,-38.021,-0.278840,0.370844,0.002833,-0.345059,-19.770,-0.141792,0.116453,-0.000002,-0.000021,-0.001,-0.000012,0.000011,-0.000000,-0.000001,-0.000,-0.000001,0.000013,-0.000216
3.1400,6,10.692564,10.692564,-0.255199,0.001062,-0.307310,-17.608,-0.128532,0.113925,-0.000000,-0.666344,-38.179,-0.275131,0.362997,0.002696,-0.346466,-19.851,-0.140628,0.116861,-0.000002,-0.000021,-0.001,-0.000012,0.000011,-0.000000,-0.000001,-0.000,-0.000001,0.000013,-0.000137
3.1500,6,10.692570,10.692570,-0.257140,0.001061,-0.308584,-17.681,-0.127392,0.114035,0.000000,-0.669059,-38.334,-0.271501,0.355228,0.002586,-0.347860,-19.931,-0.139459,0.117206,-0.000001,-0.000021,-0.001,-0.000012,0.000012,-0.000000,-0.000001,-0.000,-0.000001,0.000013,-0.000056
3.1600,6,10.692576,10.692576,-0.259056,0.001057,-0.309847,-17.753,-0.126252,0.114162,0.000000,-0.671738,-38.488,-0.267949,0.347585,0.002496,-0.349243,-20.010,-0.138287,0.117472,-0.000001,-0.000021,-0.001,-0.000012,0.000012,-0.000000,-0.000001,-0.000,-0.000000,0.000012,0.000025
3.1700,6,10.692583,10.692583,-0.260946,0.001051,-0.311098,-17.825,-0.125110,0.114258,0.000000,-0.674383,-38.639,-0.264473,0.340094,0.002420,-0.350614,-20.089,-0.137112,0.117652,-0.000001,-0.000021,-0.001,-0.000012,0.000012,-0.000000,-0.000001,-0.000,-0.000000,0.000012,0.000107
3.1800,6,10.692590,10.692590,-0.262810,0.001043,-0.312338,-17.896,-0.123968,0.114301,-0.000000,-0.676994,-38.789,-0.261072,0.332766,0.002352,-0.351974,-20.167,-0.135936,0.117744,-0.000000,-0.000021,-0.001,-0.000012,0.000012,-0.000000,-0.000001,-0.000,-0.000000,0.000012,0.000187
3.1900,6,10.692598,10.692598,-0.264650,0.001033,-0.313566,-17.966,-0.122825,0.114278,-0.000000,-0.679571,-38.937,-0.257745,0.325606,0.002288,-0.353321,-20.244,-0.134758,0.117750,-0.000000,-0.000021,-0.001,-0.000011,0.000012,-0.000000,-0.000001,-0.000,-0.000000,0.000012,0.000266
3.2000,6,10.692606,10.692606,-0.266468,0.001021,-0.314783,-18.036,-0.121682,0.114184,0.000000,-0.682116,-39.082,-0.254489,0.318612,0.002222,-0.354657,-20.320,-0.133581,0.117674,0.000000,-0.000022,-0.001,-0.000011,0.000012,-0.000000,-0.000001,-0.000,0.000000,0.000012,0.000342
3.2100,6,10.692615,10.692614,-0.268263,0.001008,-0.315988,-18.105,-0.120540,0.114018,-0.000000,-0.684629,-39.226,-0.251303,0.311782,0.002151,-0.355981,-20.396,-0.132404,0.117520,0.000000,-0.000022,-0.001,-0.000011,0.000012,-0.000000,-0.000001,-0.000,0.000000,0.000012,0.000414
3.2200,6,10.692623,10.692623,-0.270037,0.000993,-0.317182,-18.173,-0.119400,0.113782,-0.000000,-0.687111,-39.369,-0.248185,0.305109,0.002073,-0.357293,-20.471,-0.131229,0.117293,0.000000,-0.000022,-0.001,-0.000011,0.000011,-0.000000,-0.000001,-0.000,0.000000,0.000013,0.000481
3.2300,6,10.692633,10.692633,-0.271792,0.000978,-0.318365,-18.241,-0.118262,0.113479,0.000000,-0.689562,-39.509,-0.245134,0.298589,0.001983,-0.358594,-20.546,-0.130056,0.116999,0.000001,-0.000022,-0.001,-0.000011,0.000011,-0.000000,-0.000001,-0.000,0.000000,0.000013,0.000544
3.2400,6,10.692643,10.692643,-0.273527,0.000962,-0.319536,-18.308,-0.117127,0.113115,0.000000,-0.691984,-39.648,-0.242148,0.292214,0.001880,-0.359883,-20.620,-0.128886,0.116641,0.000001,-0.000022,-0.001,-0.000011,0.000011,-0.000000,-0.000001,-0.000,0.000001,0.000013,0.000600
3.2500,6,10.692653,10.692653,-0.275246,0.000945,-0.320696,-18.375,-0.115996,0.112692,0.000000,-0.694376,-39.785,-0.239226,0.285978,0.001761,-0.361160,-20.693,-0.127720,0.116225,0.000001,-0.000022,-0.001,-0.000011,0.000010,-0.000000,-0.000001,-0.000,0.000001,0.000013,0.000650
3.2600,6,10.692664,10.692664,-0.276947,0.000927,-0.321845,-18.440,-0.114869,0.112216,-0.000000,-0.696740,-39.920,-0.236366,0.279875,0.001624,-0.362425,-20.765,-0.126557,0.115756,0.000001,-0.000022,-0.001,-0.000011,0.000010,-0.000000,-0.000001,-0.000,0.000001,0.000013,0.000693
3.2700,6,10.692675,10.692675,-0.278632,0.000909,-0.322982,-18.506,-0.113747,0.111690,-0.000000,-0.699075,-40.054,-0.233567,0.273899,0.001469,-0.363679,-20.837,-0.125400,0.115239,0.000001,-0.000022,-0.001,-0.000011,0.000009,-0.000000,-0.000001,-0.000,0.000001,0.000013,0.000728
3.2800,6,10.692686,10.692686,-0.280302,0.000890,-0.324108,-18.570,-0.112630,0.111121,-0.000000,-0.701384,-40.186,-0.230828,0.268042,0.001294,-0.364922,-20.908,-0.124247,0.114678,0.000001,-0.000022,-0.001,-0.000010,0.000009,-0.000000,-0.000001,-0.000,0.000001,0.000013,0.000756
3.2900,6,10.692698,10.692698,-0.281958,0.000871,-0.325224,-18.634,-0.111519,0.110511,-0.000000,-0.703665,-40.317,-0.228148,0.262301,0.001097,-0.366153,-20.979,-0.123101,0.114078,0.000001,-0.000023,-0.001,-0.000010,0.000008,-0.000000,-0.000001,-0.000,0.000001,0.000013,0.000775
3.3000,6,10.692711,10.692711,-0.283600,0.000852,-0.326328,-18.697,-0.110414,0.109864,-0.000000,-0.705920,-40.446,-0.225525,0.256668,0.000877,-0.367373,-21.049,-0.121960,0.113443,0.000001,-0.000023,-0.001,-0.000010,0.000008,-0.000000,-0.000001,-0.000,0.000001,0.000013,0.000785
3.3100,6,10.692724,10.692724,-0.285229,0.000831,-0.327421,-18.760,-0.109315,0.109184,0.000000,-0.708150,-40.574,-0.222958,0.251139,0.000634,-0.368581,-21.118,-0.120825,0.112776,0.000001,-0.000023,-0.001,-0.000010,0.000007,-0.000000,-0.000001,-0.000,0.000001,0.000013,0.000787
3.3200,6,10.692737,10.692737,-0.286845,0.000811,-0.328503,-18.822,-0.108223,0.108475,-0.000000,-0.710355,-40.700,-0.220447,0.245709,0.000366,-0.369778,-21.187,-0.119698,0.112081,0.000001,-0.000023,-0.001,-0.000010,0.000007,-0.000000,-0.000001,-0.000,0.000002,0.000013,0.000780
3.3300,6,10.692751,10.692751,-0.288450,0.000790,-0.329574,-18.883,-0.107139,0.107738,0.000000,-0.712534,-40.825,-0.217990,0.240373,0.000071,-0.370964,-21.255,-0.118577,0.111361,0.000001,-0.000023,-0.001,-0.000010,0.000006,-0.000000,-0.000001,-0.000,0.000002,0.000013,0.000765
3.3400,6,10.692765,10.692765,-0.290043,0.000768,-0.330635,-18.944,-0.106061,0.106974,0.000000,-0.714690,-40.949,-0.215586,0.235128,-0.000251,-0.372138,-21.322,-0.117463,0.110620,0.000001,-0.000023,-0.001,-0.000010,0.000005,-0.000000,-0.000001,-0.000,0.000002,0.000013,0.000741
3.3500,6,10.692779,10.692779,-0.291625,0.000746,-0.331685,-19.004,-0.104992,0.106184,-0.000000,-0.716823,-41.071,-0.213235,0.229973,-0.000602,-0.373302,-21.389,-0.116357,0.109860,0.000002,-0.000023,-0.001,-0.000010,0.000004,-0.000000,-0.000001,-0.000,0.000002,0.000014,0.000710
3.3600,6,10.692794,10.692794,-0.293197,0.000722,-0.332724,-19.064,-0.103930,0.105362,-0.000000,-0.718932,-41.192,-0.210935,0.224906,-0.000985,-0.374454,-21.455,-0.115258,0.109082,0.000002,-0.000023,-0.001,-0.000010,0.000004,-0.000000,-0.000001,-0.000,0.000002,0.000014,0.000670
3.3700,6,10.692810,10.692810,-0.294759,0.000697,-0.333753,-19.123,-0.102876,0.104502,-0.000000,-0.721019,-41.311,-0.208686,0.219932,-0.001402,-0.375596,-21.520,-0.114168,0.108286,0.000002,-0.000023,-0.001,-0.000010,0.000003,-0.000000,-0.000001,-0.000,0.000002,0.000014,0.000624
3.3800,6,10.692825,10.692825,-0.296312,0.000671,-0.334771,-19.181,-0.101831,0.103586,0.000000,-0.723084,-41.430,-0.206486,0.215058,-0.001857,-0.376727,-21.585,-0.113085,0.107470,0.000002,-0.000023,-0.001,-0.000010,0.000002,-0.000000,-0.000001,-0.000,0.000002,0.000014,0.000570
3.3900,6,10.692842,10.692842,-0.297857,0.000643,-0.335779,-19.239,-0.100795,0.102585,0.000000,-0.725127,-41.547,-0.204336,0.210303,-0.002353,-0.377847,-21.649,-0.112010,0.106628,0.000003,-0.000024,-0.001,-0.000010,0.000002,-0.000000,-0.000001,-0.000,0.000003,0.000014,0.000511
3.4000,6,10.692858,10.692858,-0.299394,0.000613,-0.336777,-19.296,-0.099769,0.101450,0.000000,-0.727149,-41.663,-0.202233,0.205698,-0.002896,-0.378956,-21.713,-0.110944,0.105748,0.000003,-0.000024,-0.001,-0.000010,0.000001,-0.000000,-0.000001,-0.000,0.000003,0.000014,0.000446
3.4100,6,10.692875,10.692875,-0.300925,0.000580,-0.337765,-19.352,-0.098755,0.100094,-0.000000,-0.729151,-41.777,-0.200176,0.201299,-0.003492,-0.380055,-21.776,-0.109886,0.104808,0.000003,-0.000024,-0.001,-0.000010,0.000000,-0.000000,-0.000001,-0.000,0.000003,0.000013,0.000377
3.4200,6,10.692893,10.692893,-0.302453,0.000544,-0.338742,-19.408,-0.097754,0.098372,-0.000000,-0.731133,-41.891,-0.198163,0.197203,-0.004147,-0.381144,-21.838,-0.108838,0.103769,0.000004,-0.000024,-0.001,-0.000010,-0.000001,-0.000000,-0.000001,-0.000,0.000003,0.000012,0.000304
3.4300,6,10.692911,10.692911,-0.303982,0.000504,-0.339710,-19.464,-0.096770,0.096042,0.000000,-0.733095,-42.003,-0.196191,0.193571,-0.004870,-0.382222,-21.900,-0.107800,0.102566,0.000005,-0.000024,-0.001,-0.000010,-0.000002,-0.000000,-0.000001,-0.000,0.000003,0.000011,0.000227
3.4400,6,10.692929,10.692929,-0.305516,0.000459,-0.340668,-19.519,-0.095810,0.092702,-0.000000,-0.735037,-42.115,-0.194255,0.190677,-0.005669,-0.383289,-21.961,-0.106775,0.101087,0.000005,-0.000024,-0.001,-0.000010,-0.000003,-0.000000,-0.000000,-0.000,0.000003,0.000008,0.000149
3.4500,6,10.692948,10.692948,-0.307067,0.000409,-0.341617,-19.573,-0.094883,0.087680,0.000000,-0.736961,-42.225,-0.192348,0.188974,-0.006557,-0.384347,-22.021,-0.105764,0.099144,0.000006,-0.000024,-0.001,-0.000010,-0.000004,-0.000000,-0.000000,-0.000,0.000003,0.000004,0.000069
3.4600,6,10.692967,10.692967,-0.308652,0.000353,-0.342557,-19.627,-0.094006,0.079872,-0.000000,-0.738865,-42.334,-0.190459,0.189233,-0.007542,-0.385395,-22.081,-0.104773,0.096416,0.000007,-0.000024,-0.001,-0.000010,-0.000003,-0.000000,-0.000000,-0.000,0.000003,-0.000004,-0.000011
3.4700,6,10.692987,10.692987,-0.310297,0.000289,-0.343489,-19.680,-0.093207,0.068353,-0.000000,-0.740751,-42.442,-0.188566,0.193810,-0.008634,-0.386433,-22.141,-0.103808,0.091696,0.000008,-0.000024,-0.001,-0.000010,0.000073,-0.000000,-0.000000,-0.000,0.000003,-0.000014,-0.000091
3.4800,6,10.693007,10.693007,-0.312048,0.000216,-0.344414,-19.733,-0.092524,0.131677,-0.000000,-0.742617,-42.549,-0.186628,0.315833,-0.009826,-0.387462,-22.200,-0.102891,0.061057,0.000011,-0.000024,-0.001,-0.000009,0.002328,-0.000000,-0.000000,-0.000,0.000003,0.000467,-0.000169
3.4900,6,10.693028,10.693028,-0.313880,0.000132,-0.345326,-19.786,-0.091207,8.798558,-0.000000,-0.744452,-42.654,-0.183470,17.083138,-0.022648,-0.388485,-22.259,-0.102281,9.677700,0.000076,-0.000024,-0.001,0.000014,-0.001978,-0.000000,-0.000000,-0.000,0.000008,-0.000582,0.004790
3.5000,7,10.695166,10.695166,-0.308665,-0.000400,-0.345358,-19.788,-0.003221,-15.255794,0.000000,-0.744578,-42.661,-0.012638,-30.634855,0.035919,-0.388540,-22.262,-0.005504,-15.394932,-0.000144,-0.000024,-0.001,-0.000006,0.003104,-0.000000,-0.000000,-0.000,0.000002,-0.001156,-0.006623
3.5100,7,10.692525,10.692525,-0.316291,0.000574,-0.346916,-19.877,-0.155779,0.516939,0.000000,-0.747768,-42.844,-0.318987,-0.119218,0.012909,-0.390134,-22.353,-0.159453,0.314949,-0.000020,-0.000024,-0.001,0.000025,-0.004095,-0.000000,-0.000000,-0.000,-0.000010,-0.000298,-0.000404
3.5200,7,10.692525,10.692525,-0.313436,0.000696,-0.348422,-19.963,-0.150610,0.445947,-0.000000,-0.750970,-43.027,-0.320179,0.237544,0.011508,-0.391697,-22.443,-0.156304,0.199127,-0.000016,-0.000024,-0.001,-0.000016,-0.000095,-0.000000,-0.000000,-0.000,-0.000013,0.000413,-0.000481
3.5300,7,10.692526,10.692526,-0.312606,0.000804,-0.349884,-20.047,-0.146150,0.310576,0.000000,-0.754148,-43.209,-0.317804,0.323242,0.010032,-0.393240,-22.531,-0.154312,0.161033,-0.000015,-0.000024,-0.001,-0.000017,0.000028,-0.000000,-0.000001,-0.000,-0.000008,0.000258,-0.000546
3.5400,7,10.692527,10.692527,-0.313091,0.000902,-0.351314,-20.129,-0.143045,0.228652,-0.000000,-0.757294,-43.390,-0.314571,0.369466,0.008613,-0.394767,-22.619,-0.152702,0.139630,-0.000014,-0.000025,-0.001,-0.000016,0.000023,-0.000000,-0.000001,-0.000,-0.000006,0.000160,-0.000601
3.5500,7,10.692529,10.692529,-0.314350,0.000987,-0.352722,-20.209,-0.140758,0.179959,0.000000,-0.760402,-43.568,-0.310877,0.393257,0.007315,-0.396280,-22.705,-0.151306,0.127427,-0.000013,-0.000025,-0.001,-0.000016,0.000019,-0.000000,-0.000001,-0.000,-0.000004,0.000101,-0.000647
3.5600,7,10.692531,10.692531,-0.316056,0.001061,-0.354111,-20.289,-0.138959,0.151242,0.000000,-0.763472,-43.744,-0.306944,0.403655,0.006163,-0.397781,-22.791,-0.150031,0.120685,-0.000011,-0.000025,-0.001,-0.000016,0.000016,-0.000000,-0.000001,-0.000,-0.000003,0.000066,-0.000684
3.5700,7,10.692534,10.692534,-0.318014,0.001123,-0.355486,-20.368,-0.137446,0.134495,-0.000000,-0.766501,-43.917,-0.302908,0.406096,0.005162,-0.399269,-22.876,-0.148825,0.117164,-0.000010,-0.000025,-0.001,-0.000016,0.000016,-0.000000,-0.000001,-0.000,-0.000003,0.000044,-0.000712
3.5800,7,10.692537,10.692537,-0.320106,0.001175,-0.356847,-20.446,-0.136101,0.124893,0.000000,-0.769489,-44.088,-0.298847,0.403854,0.004305,-0.400745,-22.961,-0.147653,0.115516,-0.000008,-0.000025,-0.001,-0.000016,0.000015,-0.000000,-0.000001,-0.000,-0.000002,0.000032,-0.000732
3.5900,7,10.692540,10.692540,-0.322264,0.001219,-0.358195,-20.523,-0.134852,0.119529,0.000000,-0.772438,-44.257,-0.294808,0.398898,0.003583,-0.402210,-23.045,-0.146498,0.114932,-0.000007,-0.000025,-0.001,-0.000015,0.000016,-0.000000,-0.000001,-0.000,-0.000002,0.000024,-0.000744
3.6000,7,10.692544,10.692544,-0.324446,0.001254,-0.359532,-20.600,-0.133657,0.116656,0.000000,-0.775346,-44.424,-0.290819,0.392412,0.002983,-0.403664,-23.128,-0.145349,0.114927,-0.000006,-0.000025,-0.001,-0.000015,0.000016,-0.000000,-0.000001,-0.000,-0.000002,0.000020,-0.000746
3.6100,7,10.692548,10.692548,-0.326629,0.001283,-0.360857,-20.676,-0.132490,0.115225,-0.000000,-0.778215,-44.588,-0.286895,0.385104,0.002490,-0.405106,-23.211,-0.144199,0.115214,-0.000005,-0.000026,-0.001,-0.000015,0.000017,-0.000000,-0.000001,-0.000,-0.000001,0.000017,-0.000740
3.6200,7,10.692553,10.692553,-0.328798,0.001305,-0.362170,-20.751,-0.131338,0.114606,0.000000,-0.781045,-44.751,-0.283044,0.377396,0.002092,-0.406536,-23.293,-0.143047,0.115623,-0.000005,-0.000026,-0.001,-0.000015,0.000017,-0.000000,-0.000001,-0.000,-0.000001,0.000016,-0.000726
3.6300,7,10.692558,10.692558,-0.330946,0.001322,-0.363472,-20.825,-0.130192,0.114426,-0.000000,-0.783838,-44.911,-0.279270,0.369539,0.001776,-0.407955,-23.374,-0.141891,0.116055,-0.000004,-0.000026,-0.001,-0.000015,0.000017,-0.000000,-0.000001,-0.000,-0.000001,0.000015,-0.000703
3.6400,7,10.692564,10.692564,-0.333070,0.001334,-0.364763,-20.899,-0.129048,0.114461,0.000000,-0.786594,-45.068,-0.275575,0.361680,0.001531,-0.409363,-23.455,-0.140730,0.116453,-0.000003,-0.000026,-0.001,-0.000015,0.000018,-0.000000,-0.000001,-0.000,-0.000001,0.000014,-0.000672
3.6500,7,10.692570,10.692570,-0.335168,0.001342,-0.366042,-20.973,-0.127903,0.114581,0.000000,-0.789313,-45.224,-0.271958,0.353902,0.001345,-0.410758,-23.535,-0.139566,0.116788,-0.000003,-0.000026,-0.002,-0.000014,0.000018,-0.000000,-0.000001,-0.000,-0.000001,0.000014,-0.000633
3.6600,7,10.692576,10.692576,-0.337240,0.001345,-0.367309,-21.045,-0.126757,0.114710,-0.000000,-0.791997,-45.378,-0.268419,0.346252,0.001210,-0.412142,-23.614,-0.138398,0.117044,-0.000002,-0.000026,-0.002,-0.000014,0.000018,-0.000000,-0.000001,-0.000,-0.000001,0.000014,-0.000587
3.6700,7,10.692583,10.692583,-0.339285,0.001346,-0.368565,-21.117,-0.125610,0.114805,0.000000,-0.794647,-45.530,-0.264956,0.338755,0.001117,-0.413515,-23.693,-0.137227,0.117214,-0.000002,-0.000026,-0.002,-0.000014,0.000018,-0.000000,-0.000001,-0.000,-0.000001,0.000014,-0.000534
3.6800,7,10.692590,10.692590,-0.341305,0.001343,-0.369810,-21.189,-0.124462,0.114844,0.000000,-0.797263,-45.680,-0.261569,0.331422,0.001057,-0.414875,-23.771,-0.136055,0.117297,-0.000001,-0.000027,-0.002,-0.000014,0.000018,-0.000000,-0.000001,-0.000,-0.000000,0.000014,-0.000475
3.6900,7,10.692598,10.692598,-0.343301,0.001338,-0.371043,-21.259,-0.123314,0.114816,-0.000000,-0.799845,-45.828,-0.258254,0.324256,0.001023,-0.416224,-23.848,-0.134882,0.117294,-0.000001,-0.000027,-0.002,-0.000014,0.000018,-0.000000,-0.000001,-0.000,-0.000000,0.000014,-0.000410
3.7000,7,10.692606,10.692606,-0.345274,0.001330,-0.372265,-21.329,-0.122166,0.114716,0.000000,-0.802395,-45.974,-0.255012,0.317256,0.001008,-0.417561,-23.924,-0.133709,0.117211,-0.000001,-0.000027,-0.002,-0.000013,0.000018,-0.000000,-0.000001,-0.000,-0.000000,0.000014,-0.000340
3.7100,7,10.692615,10.692615,-0.347226,0.001320,-0.373475,-21.399,-0.121019,0.114545,-0.000000,-0.804914,-46.118,-0.251839,0.310419,0.001006,-0.418886,-24.000,-0.132537,0.117050,-0.000000,-0.000027,-0.002,-0.000013,0.000017,-0.000000,-0.000001,-0.000,0.000000,0.000014,-0.000266
3.7200,7,10.692623,10.692623,-0.349156,0.001307,-0.374674,-21.467,-0.119873,0.114305,-0.000000,-0.807401,-46.261,-0.248735,0.303737,0.001012,-0.420200,-24.076,-0.131367,0.116818,0.000000,-0.000027,-0.002,-0.000013,0.000017,-0.000000,-0.000001,-0.000,0.000000,0.000014,-0.000189
3.7300,7,10.692633,10.692633,-0.351066,0.001293,-0.375861,-21.535,-0.118730,0.113998,0.000000,-0.809858,-46.401,-0.245698,0.297207,0.001019,-0.421502,-24.150,-0.130199,0.116519,0.000000,-0.000027,-0.002,-0.000013,0.000017,-0.000000,-0.000001,-0.000,0.000000,0.000014,-0.000109
3.7400,7,10.692643,10.692643,-0.352958,0.001277,-0.377037,-21.603,-0.117590,0.113630,-0.000000,-0.812285,-46.541,-0.242726,0.290820,0.001023,-0.422792,-24.224,-0.129033,0.116158,0.000001,-0.000027,-0.002,-0.000013,0.000016,-0.000000,-0.000001,-0.000,0.000000,0.000015,-0.000028
3.7500,7,10.692653,10.692653,-0.354832,0.001260,-0.378201,-21.669,-0.116454,0.113205,-0.000000,-0.814683,-46.678,-0.239817,0.284572,0.001019,-0.424071,-24.297,-0.127872,0.115740,0.000001,-0.000028,-0.002,-0.000013,0.000016,-0.000000,-0.000001,-0.000,0.000001,0.000015,0.000054
3.7600,7,10.692664,10.692664,-0.356690,0.001241,-0.379355,-21.735,-0.115322,0.112728,-0.000000,-0.817053,-46.814,-0.236972,0.278454,0.001002,-0.425338,-24.370,-0.126714,0.115271,0.000001,-0.000028,-0.002,-0.000012,0.000015,-0.000000,-0.000001,-0.000,0.000001,0.000015,0.000135
3.7700,7,10.692675,10.692675,-0.358531,0.001220,-0.380497,-21.801,-0.114194,0.112203,-0.000000,-0.819395,-46.948,-0.234187,0.272462,0.000969,-0.426594,-24.442,-0.125562,0.114754,0.000001,-0.000028,-0.002,-0.000012,0.000014,-0.000000,-0.000001,-0.000,0.000001,0.000015,0.000215
3.7800,7,10.692686,10.692686,-0.360358,0.001198,-0.381627,-21.866,-0.113072,0.111634,0.000000,-0.821710,-47.080,-0.231463,0.266588,0.000914,-0.427838,-24.513,-0.124414,0.114195,0.000001,-0.000028,-0.002,-0.000012,0.000014,-0.000000,-0.000001,-0.000,0.000001,0.000015,0.000293
3.7900,7,10.692698,10.692698,-0.362170,0.001175,-0.382747,-21.930,-0.111956,0.111025,-0.000000,-0.823998,-47.212,-0.228797,0.260827,0.000835,-0.429071,-24.584,-0.123272,0.113598,0.000002,-0.000028,-0.002,-0.000012,0.000013,-0.000000,-0.000001,-0.000,0.000001,0.000015,0.000368
3.8000,7,10.692711,10.692711,-0.363968,0.001150,-0.383855,-21.993,-0.110846,0.110382,0.000000,-0.826259,-47.341,-0.226188,0.255174,0.000726,-0.430292,-24.654,-0.122136,0.112967,0.000002,-0.000028,-0.002,-0.000012,0.000012,-0.000000,-0.000001,-0.000,0.000001,0.000015,0.000439
3.8100,7,10.692724,10.692724,-0.365754,0.001124,-0.384953,-22.056,-0.109742,0.109706,0.000000,-0.828496,-47.469,-0.223637,0.249622,0.000585,-0.431502,-24.723,-0.121007,0.112306,0.000002,-0.000028,-0.002,-0.000012,0.000011,-0.000000,-0.000001,-0.000,0.000002,0.000015,0.000506
3.8200,7,10.692737,10.692737,-0.367527,0.001096,-0.386039,-22.118,-0.108645,0.109002,0.000000,-0.830707,-47.596,-0.221140,0.244168,0.000406,-0.432701,-24.792,-0.119884,0.111618,0.000002,-0.000028,-0.002,-0.000012,0.000010,-0.000000,-0.000001,-0.000,0.000002,0.000016,0.000567
3.8300,7,10.692751,10.692751,-0.369288,0.001066,-0.387115,-22.180,-0.107555,0.108271,-0.000000,-0.832894,-47.721,-0.218699,0.238807,0.000186,-0.433889,-24.860,-0.118767,0.110907,0.000003,-0.000029,-0.002,-0.000012,0.000010,-0.000000,-0.000001,-0.000,0.000002,0.000016,0.000622
3.8400,7,10.692765,10.692765,-0.371039,0.001035,-0.388179,-22.241,-0.106472,0.107513,0.000000,-0.835057,-47.845,-0.216311,0.233537,-0.000081,-0.435065,-24.927,-0.117658,0.110175,0.000003,-0.000029,-0.002,-0.000011,0.000009,-0.000000,-0.000001,-0.000,0.000002,0.000016,0.000670
3.8500,7,10.692779,10.692779,-0.372778,0.001002,-0.389233,-22.301,-0.105397,0.106728,-0.000000,-0.837197,-47.968,-0.213975,0.228354,-0.000399,-0.436231,-24.994,-0.116557,0.109425,0.000003,-0.000029,-0.002,-0.000011,0.000008,-0.000000,-0.000001,-0.000,0.000002,0.000016,0.000711
3.8600,7,10.692794,10.692794,-0.374508,0.000966,-0.390277,-22.361,-0.104330,0.105910,0.000000,-0.839314,-48.089,-0.211692,0.223262,-0.000773,-0.437385,-25.060,-0.115462,0.108658,0.000004,-0.000029,-0.002,-0.000011,0.000007,-0.000000,-0.000001,-0.000,0.000002,0.000016,0.000745
3.8700,7,10.692810,10.692810,-0.376227,0.000928,-0.391309,-22.420,-0.103271,0.105049,-0.000000,-0.841409,-48.209,-0.209459,0.218264,-0.001210,-0.438529,-25.126,-0.114376,0.107873,0.000004,-0.000029,-0.002,-0.000011,0.000006,-0.000000,-0.000001,-0.000,0.000002,0.000016,0.000770
3.8800,7,10.692825,10.692825,-0.377938,0.000887,-0.392332,-22.479,-0.102220,0.104123,0.000000,-0.843481,-48.328,-0.207277,0.213372,-0.001716,-0.439662,-25.191,-0.113297,0.107066,0.000005,-0.000029,-0.002,-0.000011,0.000005,-0.000000,-0.000001,-0.000,0.000003,0.000016,0.000787
3.8900,7,10.692842,10.692842,-0.379641,0.000843,-0.393343,-22.537,-0.101179,0.103096,-0.000000,-0.845533,-48.445,-0.205143,0.208610,-0.002300,-0.440784,-25.255,-0.112226,0.106229,0.000005,-0.000029,-0.002,-0.000011,0.000004,-0.000000,-0.000001,-0.000,0.000003,0.000016,0.000795
3.9000,7,10.692858,10.692858,-0.381337,0.000795,-0.394345,-22.594,-0.100148,0.101904,0.000000,-0.847563,-48.562,-0.203057,0.204021,-0.002970,-0.441896,-25.319,-0.111164,0.105345,0.000006,-0.000029,-0.002,-0.000011,0.000003,-0.000000,-0.000001,-0.000,0.000003,0.000016,0.000795
3.9100,7,10.692875,10.692875,-0.383028,0.000743,-0.395336,-22.651,-0.099129,0.100436,0.000000,-0.849574,-48.677,-0.201017,0.199677,-0.003736,-0.442997,-25.382,-0.110111,0.104386,0.000007,-0.000029,-0.002,-0.000011,0.000002,-0.000000,-0.000001,-0.000,0.000003,0.000015,0.000786
3.9200,7,10.692893,10.692893,-0.384717,0.000686,-0.396317,-22.707,-0.098125,0.098506,0.000000,-0.851564,-48.791,-0.199020,0.195706,-0.004611,-0.444088,-25.444,-0.109067,0.103300,0.000007,-0.000030,-0.002,-0.000011,0.000001,-0.000000,-0.000001,-0.000,0.000003,0.000014,0.000769
3.9300,7,10.692911,10.692911,-0.386408,0.000622,-0.397289,-22.763,-0.097140,0.095799,0.000000,-0.853534,-48.904,-0.197063,0.192324,-0.005608,-0.445168,-25.506,-0.108034,0.101998,0.000008,-0.000030,-0.002,-0.000011,0.000000,-0.000000,-0.000000,-0.000,0.000003,0.000012,0.000743
3.9400,7,10.692929,10.692929,-0.388110,0.000551,-0.398251,-22.818,-0.096182,0.091785,0.000000,-0.855486,-49.016,-0.195139,0.189896,-0.006742,-0.446238,-25.568,-0.107014,0.100331,0.000010,-0.000030,-0.002,-0.000011,-0.000001,-0.000000,-0.000000,-0.000,0.000004,0.000009,0.000709
3.9500,7,10.692948,10.692948,-0.389834,0.000473,-0.399203,-22.873,-0.095264,0.085571,0.000000,-0.857418,-49.126,-0.193240,0.189040,-0.008030,-0.447298,-25.628,-0.106010,0.098042,0.000011,-0.000030,-0.002,-0.000011,-0.000002,-0.000000,-0.000000,-0.000,0.000004,0.000003,0.000668
3.9600,7,10.692967,10.692967,-0.391603,0.000384,-0.400147,-22.927,-0.094408,0.075685,0.000000,-0.859332,-49.236,-0.191350,0.190826,-0.009491,-0.448349,-25.688,-0.105030,0.094687,0.000013,-0.000030,-0.002,-0.000011,-0.000000,-0.000000,-0.000000,-0.000,0.000004,-0.000007,0.000619
3.9700,7,10.692987,10.692987,-0.393452,0.000285,-0.401084,-22.980,-0.093651,0.061388,0.000000,-0.861226,-49.345,-0.189442,0.199200,-0.011143,-0.449390,-25.748,-0.104083,0.088634,0.000014,-0.000030,-0.002,-0.000011,0.000101,-0.000000,-0.000000,-0.000,0.000004,-0.000018,0.000563
3.9800,7,10.693007,10.693007,-0.395439,0.000172,-0.402014,-23.034,-0.093037,0.158388,-0.000000,-0.863101,-49.452,-0.187450,0.382146,-0.013047,-0.450422,-25.807,-0.103197,0.057722,0.000019,-0.000030,-0.002,-0.000010,0.002824,-0.000000,-0.000000,-0.000,0.000003,0.000548,0.000501
3.9900,7,10.693028,10.693028,-0.397514,0.000042,-0.402929,-23.086,-0.091453,8.789184,-0.000000,-0.864937,-49.557,-0.183628,16.879996,-0.029852,-0.451448,-25.866,-0.102620,9.633104,0.000085,-0.000030,-0.002,0.000018,-0.002508,-0.000000,-0.000000,-0.000,0.000009,-0.000649,0.005469
4.0000,8,10.695166,10.695166,-0.391985,-0.000556,-0.402964,-23.088,-0.003562,-15.214907,0.000000,-0.865085,-49.566,-0.014828,-30.252713,0.051853,-0.451511,-25.870,-0.006289,-15.322852,-0.000158,-0.000030,-0.002,-0.000007,0.003738,-0.000000,-0.000000,-0.000,0.000002,-0.001115,-0.005949
4.0100,8,10.692525,10.692525,-0.400662,0.000523,-0.404522,-23.177,-0.155711,0.467611,0.000000,-0.868259,-49.748,-0.317356,-0.249477,0.021394,-0.453106,-25.961,-0.159517,0.321986,-0.000033,-0.000030,-0.002,0.000031,-0.005008,-0.000000,-0.000000,-0.000,-0.000009,-0.000432,0.000276
4.0200,8,10.692525,10.692525,-0.397898,0.000713,-0.406032,-23.264,-0.151034,0.455533,-0.000000,-0.871457,-49.931,-0.319850,0.221511,0.018474,-0.454669,-26.051,-0.156297,0.204419,-0.000024,-0.000030,-0.002,-0.000020,-0.000149,-0.000000,-0.000000,-0.000,-0.000013,0.000424,0.000185
4.0300,8,10.692526,10.692526,-0.397159,0.000876,-0.407497,-23.348,-0.146479,0.315165,-0.000000,-0.874634,-50.113,-0.317635,0.315709,0.015829,-0.456211,-26.139,-0.154253,0.163141,-0.000022,-0.000030,-0.002,-0.000021,0.000026,-0.000000,-0.000000,-0.000,-0.000009,0.000266,0.000096
4.0400,8,10.692527,10.692527,-0.397775,0.001018,-0.408930,-23.430,-0.143327,0.230205,-0.000000,-0.877778,-50.293,-0.314478,0.365178,0.013423,-0.457737,-26.226,-0.152622,0.140313,-0.000020,-0.000030,-0.002,-0.000021,0.000026,-0.000000,-0.000001,-0.000,-0.000006,0.000163,0.000010
4.0500,8,10.692529,10.692529,-0.399182,0.001141,-0.410340,-23.511,-0.141025,0.180217,-0.000000,-0.880887,-50.471,-0.310826,0.390527,0.011277,-0.459250,-26.313,-0.151219,0.127409,-0.000017,-0.000031,-0.002,-0.000021,0.000023,-0.000000,-0.000001,-0.000,-0.000005,0.000102,-0.000073
4.0600,8,10.692531,10.692531,-0.401040,0.001246,-0.411732,-23.591,-0.139223,0.151049,0.000000,-0.883956,-50.647,-0.306921,0.401642,0.009386,-0.460749,-26.399,-0.149944,0.120333,-0.000015,-0.000031,-0.002,-0.000020,0.000022,-0.000000,-0.000001,-0.000,-0.000004,0.000066,-0.000154
4.0700,8,10.692534,10.692534,-0.403150,0.001335,-0.413110,-23.669,-0.137713,0.134223,0.000000,-0.886985,-50.820,-0.302905,0.404384,0.007733,-0.462237,-26.484,-0.148741,0.116661,-0.000013,-0.000031,-0.002,-0.000020,0.000022,-0.000000,-0.000001,-0.000,-0.000003,0.000045,-0.000232
4.0800,8,10.692537,10.692537,-0.405394,0.001410,-0.414473,-23.748,-0.136371,0.124687,-0.000000,-0.889973,-50.992,-0.298861,0.402248,0.006297,-0.463712,-26.569,-0.147574,0.114949,-0.000012,-0.000031,-0.002,-0.000020,0.000023,-0.000000,-0.000001,-0.000,-0.000002,0.000032,-0.000307
4.0900,8,10.692540,10.692540,-0.407700,0.001473,-0.415824,-23.825,-0.135124,0.119428,0.000000,-0.892922,-51.161,-0.294838,0.397313,0.005058,-0.465177,-26.653,-0.146425,0.114340,-0.000010,-0.000031,-0.002,-0.000020,0.000024,-0.000000,-0.000001,-0.000,-0.000002,0.000025,-0.000377
4.1000,8,10.692544,10.692544,-0.410029,0.001526,-0.417164,-23.902,-0.133929,0.116655,-0.000000,-0.895830,-51.327,-0.290865,0.390816,0.003995,-0.466629,-26.736,-0.145282,0.114327,-0.000009,-0.000032,-0.002,-0.000019,0.000024,-0.000000,-0.000001,-0.000,-0.000002,0.000020,-0.000444
4.1100,8,10.692548,10.692548,-0.412357,0.001569,-0.418491,-23.978,-0.132763,0.115304,-0.000000,-0.898700,-51.492,-0.286957,0.383489,0.003086,-0.468071,-26.818,-0.144138,0.114612,-0.000008,-0.000032,-0.002,-0.000019,0.000025,-0.000000,-0.000001,-0.000,-0.000002,0.000018,-0.000504
4.1200,8,10.692553,10.692553,-0.414671,0.001604,-0.419808,-24.053,-0.131610,0.114744,0.000000,-0.901531,-51.654,-0.283122,0.375764,0.002315,-0.469501,-26.900,-0.142992,0.115019,-0.000007,-0.000032,-0.002,-0.000019,0.000025,-0.000000,-0.000001,-0.000,-0.000001,0.000017,-0.000560
4.1300,8,10.692558,10.692558,-0.416963,0.001632,-0.421112,-24.128,-0.130462,0.114604,-0.000000,-0.904325,-51.814,-0.279364,0.367894,0.001666,-0.470919,-26.982,-0.141842,0.115448,-0.000006,-0.000032,-0.002,-0.000019,0.000026,-0.000000,-0.000001,-0.000,-0.000001,0.000016,-0.000608
4.1400,8,10.692564,10.692564,-0.419231,0.001654,-0.422405,-24.202,-0.129316,0.114664,-0.000000,-0.907082,-51.972,-0.275686,0.360026,0.001123,-0.472326,-27.062,-0.140688,0.115843,-0.000005,-0.000032,-0.002,-0.000018,0.000026,-0.000000,-0.000001,-0.000,-0.000001,0.000016,-0.000649
4.1500,8,10.692570,10.692570,-0.421472,0.001670,-0.423687,-24.275,-0.128170,0.114800,-0.000000,-0.909803,-52.128,-0.272085,0.352243,0.000674,-0.473721,-27.142,-0.139529,0.116174,-0.000004,-0.000032,-0.002,-0.000018,0.000026,-0.000000,-0.000001,-0.000,-0.000001,0.000015,-0.000683
4.1600,8,10.692576,10.692576,-0.423688,0.001682,-0.424957,-24.348,-0.127022,0.114937,-0.000000,-0.912488,-52.282,-0.268563,0.344590,0.000307,-0.475105,-27.222,-0.138367,0.116424,-0.000003,-0.000033,-0.002,-0.000018,0.000027,-0.000000,-0.000001,-0.000,-0.000001,0.000015,-0.000709
4.1700,8,10.692583,10.692583,-0.425877,0.001690,-0.426216,-24.420,-0.125872,0.115037,-0.000000,-0.915139,-52.434,-0.265117,0.337091,0.000011,-0.476477,-27.300,-0.137203,0.116590,-0.000003,-0.000033,-0.002,-0.000018,0.000026,-0.000000,-0.000001,-0.000,-0.000001,0.000015,-0.000727
4.1800,8,10.692590,10.692590,-0.428041,0.001693,-0.427463,-24.492,-0.124722,0.115078,0.000000,-0.917757,-52.584,-0.261746,0.329756,-0.000223,-0.477837,-27.378,-0.136037,0.116668,-0.000002,-0.000033,-0.002,-0.000017,0.000026,-0.000000,-0.000001,-0.000,-0.000001,0.000015,-0.000736
4.1900,8,10.692598,10.692598,-0.430180,0.001694,-0.428699,-24.563,-0.123571,0.115051,0.000000,-0.920341,-52.732,-0.258448,0.322588,-0.000403,-0.479186,-27.455,-0.134871,0.116663,-0.000002,-0.000033,-0.002,-0.000017,0.000026,-0.000000,-0.000001,-0.000,-0.000000,0.000016,-0.000737
4.2000,8,10.692606,10.692606,-0.432297,0.001691,-0.429923,-24.633,-0.122421,0.114951,-0.000000,-0.922894,-52.878,-0.255223,0.315586,-0.000538,-0.480523,-27.532,-0.133704,0.116576,-0.000002,-0.000033,-0.002,-0.000017,0.000026,-0.000000,-0.000001,-0.000,-0.000000,0.000016,-0.000729
4.2100,8,10.692614,10.692615,-0.434392,0.001685,-0.431136,-24.702,-0.121271,0.114780,-0.000000,-0.925414,-53.022,-0.252067,0.308744,-0.000636,-0.481848,-27.608,-0.132538,0.116414,-0.000001,-0.000034,-0.002,-0.000017,0.000025,-0.000000,-0.000001,-0.000,-0.000000,0.000016,-0.000712
4.2200,8,10.692623,10.692623,-0.436466,0.001677,-0.432337,-24.771,-0.120123,0.114540,0.000000,-0.927904,-53.165,-0.248979,0.302058,-0.000704,-0.483162,-27.683,-0.131374,0.116181,-0.000001,-0.000034,-0.002,-0.000016,0.000025,-0.000000,-0.000001,-0.000,0.000000,0.000016,-0.000688
4.2300,8,10.692633,10.692633,-0.438520,0.001666,-0.433527,-24.839,-0.118978,0.114236,-0.000000,-0.930364,-53.306,-0.245959,0.295520,-0.000748,-0.484464,-27.758,-0.130212,0.115882,-0.000000,-0.000034,-0.002,-0.000016,0.000024,-0.000000,-0.000001,-0.000,0.000000,0.000016,-0.000655
4.2400,8,10.692643,10.692643,-0.440555,0.001653,-0.434705,-24.907,-0.117836,0.113870,0.000000,-0.932794,-53.445,-0.243004,0.289126,-0.000775,-0.485755,-27.832,-0.129053,0.115522,-0.000000,-0.000034,-0.002,-0.000016,0.000023,-0.000000,-0.000001,-0.000,0.000000,0.000016,-0.000614
4.2500,8,10.692653,10.692653,-0.442573,0.001638,-0.435872,-24.974,-0.116697,0.113449,0.000000,-0.935195,-53.583,-0.240112,0.282868,-0.000792,-0.487034,-27.905,-0.127898,0.115107,0.000000,-0.000034,-0.002,-0.000016,0.000023,-0.000000,-0.000001,-0.000,0.000001,0.000016,-0.000566
4.2600,8,10.692664,10.692664,-0.444573,0.001620,-0.437028,-25.040,-0.115562,0.112976,-0.000000,-0.937568,-53.719,-0.237284,0.276739,-0.000805,-0.488301,-27.978,-0.126747,0.114641,0.000001,-0.000034,-0.002,-0.000015,0.000022,-0.000000,-0.000001,-0.000,0.000001,0.000017,-0.000512
4.2700,8,10.692675,10.692675,-0.446558,0.001600,-0.438172,-25.105,-0.114433,0.112457,0.000000,-0.939913,-53.853,-0.234516,0.270733,-0.000820,-0.489557,-28.050,-0.125601,0.114130,0.000001,-0.000034,-0.002,-0.000015,0.000021,-0.000000,-0.000001,-0.000,0.000001,0.000017,-0.000451
4.2800,8,10.692686,10.692686,-0.448528,0.001578,-0.439305,-25.170,-0.113308,0.111895,-0.000000,-0.942231,-53.986,-0.231809,0.264845,-0.000843,-0.490802,-28.121,-0.124459,0.113577,0.000001,-0.000035,-0.002,-0.000015,0.000020,-0.000000,-0.000001,-0.000,0.000001,0.000017,-0.000385
4.2900,8,10.692698,10.692698,-0.450483,0.001553,-0.440427,-25.235,-0.112189,0.111294,-0.000000,-0.944523,-54.117,-0.229160,0.259068,-0.000883,-0.492035,-28.192,-0.123324,0.112987,0.000002,-0.000035,-0.002,-0.000015,0.000019,-0.000000,-0.000001,-0.000,0.000001,0.000017,-0.000314
4.3000,8,10.692711,10.692711,-0.452424,0.001526,-0.441538,-25.298,-0.111076,0.110660,0.000000,-0.946788,-54.247,-0.226570,0.253397,-0.000944,-0.493257,-28.262,-0.122194,0.112365,0.000002,-0.000035,-0.002,-0.000015,0.000018,-0.000000,-0.000001,-0.000,0.000001,0.000017,-0.000239
4.3100,8,10.692724,10.692724,-0.454353,0.001496,-0.442638,-25.361,-0.109970,0.109995,-0.000000,-0.949029,-54.375,-0.224036,0.247826,-0.001034,-0.494468,-28.331,-0.121070,0.111713,0.000003,-0.000035,-0.002,-0.000014,0.000017,-0.000000,-0.000001,-0.000,0.000002,0.000017,-0.000161
4.3200,8,10.692737,10.692737,-0.456269,0.001464,-0.443726,-25.424,-0.108870,0.109301,0.000000,-0.951244,-54.502,-0.221558,0.242351,-0.001161,-0.495667,-28.400,-0.119953,0.111037,0.000003,-0.000035,-0.002,-0.000014,0.000016,-0.000000,-0.000001,-0.000,0.000002,0.000018,-0.000081
4.3300,8,10.692751,10.692751,-0.458173,0.001429,-0.444804,-25.485,-0.107777,0.108582,0.000000,-0.953435,-54.628,-0.219134,0.236967,-0.001333,-0.496856,-28.468,-0.118843,0.110338,0.000004,-0.000035,-0.002,-0.000014,0.000015,-0.000000,-0.000001,-0.000,0.000002,0.000018,0.000000
4.3400,8,10.692765,10.692765,-0.460066,0.001390,-0.445871,-25.547,-0.106691,0.107836,-0.000000,-0.955603,-54.752,-0.216764,0.231673,-0.001557,-0.498033,-28.535,-0.117739,0.109620,0.000004,-0.000035,-0.002,-0.000014,0.000014,-0.000000,-0.000001,-0.000,0.000002,0.000018,0.000082
4.3500,8,10.692779,10.692779,-0.461948,0.001348,-0.446927,-25.607,-0.105612,0.107063,-0.000000,-0.957748,-54.875,-0.214448,0.226467,-0.001844,-0.499200,-28.602,-0.116643,0.108884,0.000005,-0.000036,-0.002,-0.000014,0.000013,-0.000000,-0.000001,-0.000,0.000002,0.000018,0.000163
4.3600,8,10.692794,10.692794,-0.463820,0.001302,-0.447972,-25.667,-0.104542,0.106255,-0.000000,-0.959869,-54.996,-0.212183,0.221350,-0.002203,-0.500355,-28.668,-0.115554,0.108131,0.000005,-0.000036,-0.002,-0.000014,0.000011,-0.000000,-0.000001,-0.000,0.000002,0.000018,0.000243
4.3700,8,10.692810,10.692810,-0.465682,0.001252,-0.449007,-25.726,-0.103479,0.105399,0.000000,-0.961969,-55.117,-0.209969,0.216332,-0.002645,-0.501500,-28.734,-0.114473,0.107360,0.000006,-0.000036,-0.002,-0.000013,0.000010,-0.000000,-0.000001,-0.000,0.000003,0.000019,0.000321
4.3800,8,10.692825,10.692825,-0.467535,0.001196,-0.450031,-25.785,-0.102425,0.104470,-0.000000,-0.964047,-55.236,-0.207806,0.211426,-0.003184,-0.502634,-28.799,-0.113399,0.106566,0.000007,-0.000036,-0.002,-0.000013,0.000009,-0.000000,-0.000001,-0.000,0.000003,0.000019,0.000395
4.3900,8,10.692842,10.692842,-0.469381,0.001135,-0.451045,-25.843,-0.101381,0.103421,-0.000000,-0.966104,-55.354,-0.205692,0.206663,-0.003832,-0.503757,-28.863,-0.112334,0.105736,0.000008,-0.000036,-0.002,-0.000013,0.000008,-0.000000,-0.000001,-0.000,0.000003,0.000019,0.000465
4.4000,8,10.692858,10.692858,-0.471220,0.001068,-0.452049,-25.900,-0.100346,0.102174,0.000000,-0.968140,-55.470,-0.203625,0.202097,-0.004605,-0.504870,-28.927,-0.111276,0.104851,0.000009,-0.000036,-0.002,-0.000013,0.000007,-0.000000,-0.000001,-0.000,0.000003,0.000018,0.000530
4.4100,8,10.692875,10.692875,-0.473055,0.000993,-0.453042,-25.957,-0.099325,0.100590,0.000000,-0.970156,-55.586,-0.201604,0.197823,-0.005522,-0.505972,-28.990,-0.110228,0.103871,0.000010,-0.000036,-0.002,-0.000013,0.000006,-0.000000,-0.000000,-0.000,0.000003,0.000018,0.000590
4.4200,8,10.692893,10.692893,-0.474888,0.000910,-0.454025,-26.014,-0.098319,0.098432,0.000000,-0.972153,-55.700,-0.199626,0.194007,-0.006602,-0.507064,-29.053,-0.109189,0.102729,0.000012,-0.000037,-0.002,-0.000013,0.000004,-0.000000,-0.000000,-0.000,0.000004,0.000017,0.000643
4.4300,8,10.692911,10.692911,-0.476727,0.000818,-0.454999,-26.069,-0.097334,0.095298,0.000000,-0.974130,-55.814,-0.197686,0.190932,-0.007868,-0.508146,-29.115,-0.108162,0.101309,0.000013,-0.000037,-0.002,-0.000013,0.000003,-0.000000,-0.000000,-0.000,0.000004,0.000014,0.000690
4.4400,8,10.692929,10.692929,-0.478579,0.000714,-0.455962,-26.125,-0.096381,0.090499,-0.000000,-0.976087,-55.926,-0.195777,0.189085,-0.009345,-0.509217,-29.176,-0.107149,0.099409,0.000015,-0.000037,-0.002,-0.000013,0.000002,-0.000000,-0.000000,-0.000,0.000004,0.000010,0.000729
4.4500,8,10.692948,10.692948,-0.480462,0.000598,-0.456917,-26.179,-0.095476,0.082865,-0.000000,-0.978026,-56.037,-0.193886,0.189294,-0.011064,-0.510279,-29.237,-0.106155,0.096686,0.000017,-0.000037,-0.002,-0.000013,0.000001,-0.000000,-0.000000,-0.000,0.000004,0.000002,0.000761
4.4600,8,10.692967,10.692967,-0.482402,0.000466,-0.457864,-26.234,-0.094648,0.070466,0.000000,-0.979946,-56.147,-0.191993,0.193050,-0.013057,-0.511331,-29.297,-0.105188,0.092529,0.000020,-0.000037,-0.002,-0.000013,0.000004,-0.000000,-0.000000,-0.000,0.000004,-0.000011,0.000784
4.4700,8,10.692987,10.692987,-0.484445,0.000318,-0.458803,-26.287,-0.093943,0.053189,-0.000000,-0.981847,-56.256,-0.190062,0.206943,-0.015361,-0.512373,-29.357,-0.104262,0.084848,0.000022,-0.000037,-0.002,-0.000013,0.000139,-0.000000,-0.000000,-0.000,0.000004,-0.000022,0.000799
4.4800,8,10.693007,10.693007,-0.486664,0.000150,-0.459737,-26.341,-0.093411,0.193755,-0.000000,-0.983727,-56.363,-0.187993,0.467469,-0.018155,-0.513407,-29.416,-0.103414,0.057116,0.000030,-0.000037,-0.002,-0.000012,0.003351,-0.000000,-0.000000,-0.000,0.000004,0.000635,0.000805
4.4900,8,10.693028,10.693028,-0.488972,-0.000046,-0.460652,-26.393,-0.091474,8.761400,0.000000,-0.985560,-56.468,-0.183318,16.623787,-0.039011,-0.514436,-29.475,-0.102843,9.579452,0.000096,-0.000037,-0.002,0.000022,-0.003014,-0.000000,-0.000000,-0.000,0.000010,-0.000725,0.005792
4.5000,9,10.695166,10.695166,-0.483100,-0.000728,-0.460690,-26.396,-0.003860,-15.151020,0.000000,-0.985731,-56.478,-0.017080,-29.803657,0.071215,-0.514506,-29.479,-0.007048,-15.246571,-0.000175,-0.000037,-0.002,-0.000008,0.004154,-0.000000,-0.000000,-0.000,0.000003,-0.001052,-0.005489
4.5100,9,10.692525,10.692525,-0.492827,0.000473,-0.462244,-26.485,-0.155370,0.403195,0.000000,-0.988882,-56.659,-0.315117,-0.416696,0.033137,-0.516101,-29.570,-0.159514,0.324754,-0.000048,-0.000037,-0.002,0.000033,-0.005981,-0.000000,-0.000000,-0.000,-0.000008,-0.000577,0.000731
4.5200,9,10.692525,10.692525,-0.490123,0.000753,-0.463758,-26.571,-0.151338,0.466998,-0.000000,-0.992075,-56.842,-0.319284,0.199881,0.028329,-0.517664,-29.660,-0.156266,0.211111,-0.000035,-0.000037,-0.002,-0.000026,-0.000218,-0.000000,-0.000000,-0.000,-0.000014,0.000436,0.000701
4.5300,9,10.692526,10.692526,-0.489438,0.000985,-0.465224,-26.655,-0.146668,0.320957,-0.000000,-0.995247,-57.023,-0.317285,0.306250,0.024295,-0.519206,-29.748,-0.154155,0.165883,-0.000031,-0.000037,-0.002,-0.000029,0.000024,-0.000000,-0.000000,-0.000,-0.000009,0.000274,0.000662
4.5400,9,10.692527,10.692527,-0.490160,0.001183,-0.466659,-26.738,-0.143458,0.232110,-0.000000,-0.998390,-57.204,-0.314223,0.359978,0.020737,-0.520731,-29.836,-0.152497,0.141222,-0.000027,-0.000038,-0.002,-0.000028,0.000030,-0.000000,-0.000000,-0.000,-0.000006,0.000167,0.000616
4.5500,9,10.692529,10.692529,-0.491693,0.001352,-0.468070,-26.818,-0.141137,0.180443,-0.000000,-1.001496,-57.381,-0.310623,0.387340,0.017613,-0.522241,-29.922,-0.151084,0.127427,-0.000023,-0.000038,-0.002,-0.000028,0.000030,-0.000000,-0.000000,-0.000,-0.000005,0.000103,0.000564
4.5600,9,10.692531,10.692531,-0.493687,0.001495,-0.469464,-26.898,-0.139333,0.150671,0.000000,-1.004563,-57.557,-0.306749,0.399378,0.014876,-0.523740,-30.008,-0.149810,0.119933,-0.000020,-0.000038,-0.002,-0.000028,0.000031,-0.000000,-0.000001,-0.000,-0.000004,0.000066,0.000506
4.5700,9,10.692534,10.692534,-0.495932,0.001616,-0.470842,-26.977,-0.137826,0.133719,0.000000,-1.007591,-57.731,-0.302756,0.402511,0.012482,-0.525226,-30.093,-0.148611,0.116075,-0.000017,-0.000039,-0.002,-0.000027,0.000032,-0.000000,-0.000001,-0.000,-0.000003,0.000045,0.000443
4.5800,9,10.692537,10.692537,-0.498309,0.001717,-0.472207,-27.055,-0.136489,0.124242,-0.000000,-1.010578,-57.902,-0.298731,0.400516,0.010389,-0.526700,-30.178,-0.147450,0.114289,-0.000015,-0.000039,-0.002,-0.000027,0.000033,-0.000000,-0.000001,-0.000,-0.000003,0.000032,0.000375
4.5900,9,10.692540,10.692540,-0.500748,0.001801,-0.473559,-27.133,-0.135247,0.119096,-0.000000,-1.013526,-58.071,-0.294725,0.395615,0.008559,-0.528163,-30.262,-0.146307,0.113655,-0.000013,-0.000039,-0.002,-0.000027,0.000034,-0.000000,-0.000001,-0.000,-0.000002,0.000025,0.000303
4.6000,9,10.692544,10.692544,-0.503207,0.001871,-0.474900,-27.210,-0.134056,0.116434,0.000000,-1.016433,-58.237,-0.290769,0.389109,0.006959,-0.529615,-30.345,-0.145171,0.113638,-0.000011,-0.000039,-0.002,-0.000026,0.000035,-0.000000,-0.000001,-0.000,-0.000002,0.000021,0.000228
4.6100,9,10.692548,10.692548,-0.505665,0.001928,-0.476229,-27.286,-0.132891,0.115173,-0.000000,-1.019302,-58.402,-0.286878,0.381762,0.005561,-0.531055,-30.427,-0.144034,0.113924,-0.000010,-0.000040,-0.002,-0.000026,0.000036,-0.000000,-0.000001,-0.000,-0.000002,0.000019,0.000151
4.6200,9,10.692553,10.692553,-0.508107,0.001975,-0.477546,-27.361,-0.131740,0.114680,-0.000000,-1.022133,-58.564,-0.283061,0.374019,0.004339,-0.532484,-30.509,-0.142895,0.114334,-0.000008,-0.000040,-0.002,-0.000026,0.000036,-0.000000,-0.000001,-0.000,-0.000002,0.000017,0.000072
4.6300,9,10.692558,10.692558,-0.510528,0.002013,-0.478852,-27.436,-0.130593,0.114585,-0.000000,-1.024926,-58.724,-0.279320,0.366135,0.003271,-0.533902,-30.590,-0.141752,0.114765,-0.000007,-0.000040,-0.002,-0.000025,0.000037,-0.000000,-0.000001,-0.000,-0.000001,0.000017,-0.000008
4.6400,9,10.692564,10.692564,-0.512924,0.002042,-0.480146,-27.510,-0.129447,0.114676,0.000000,-1.027682,-58.882,-0.275659,0.358259,0.002340,-0.535308,-30.671,-0.140604,0.115160,-0.000006,-0.000040,-0.002,-0.000025,0.000037,-0.000000,-0.000001,-0.000,-0.000001,0.000017,-0.000087
4.6500,9,10.692570,10.692570,-0.515294,0.002065,-0.481429,-27.584,-0.128300,0.114830,-0.000000,-1.030403,-59.038,-0.272076,0.350471,0.001528,-0.536702,-30.751,-0.139452,0.115490,-0.000005,-0.000041,-0.002,-0.000025,0.000038,-0.000000,-0.000001,-0.000,-0.000001,0.000017,-0.000166
4.6600,9,10.692576,10.692576,-0.517638,0.002082,-0.482701,-27.657,-0.127152,0.114979,-0.000000,-1.033089,-59.192,-0.268572,0.342816,0.000822,-0.538085,-30.830,-0.138297,0.115739,-0.000004,-0.000041,-0.002,-0.000024,0.000038,-0.000000,-0.000001,-0.000,-0.000001,0.000017,-0.000242
4.6700,9,10.692583,10.692583,-0.519956,0.002093,-0.483961,-27.729,-0.126002,0.115085,-0.000000,-1.035740,-59.344,-0.265144,0.335316,0.000208,-0.539457,-30.909,-0.137140,0.115903,-0.000004,-0.000041,-0.002,-0.000024,0.000038,-0.000000,-0.000001,-0.000,-0.000001,0.000017,-0.000315
4.6800,9,10.692590,10.692590,-0.522249,0.002100,-0.485209,-27.800,-0.124851,0.115130,-0.000000,-1.038358,-59.494,-0.261790,0.327982,-0.000324,-0.540816,-30.987,-0.135981,0.115980,-0.000003,-0.000041,-0.002,-0.000024,0.000037,-0.000000,-0.000001,-0.000,-0.000001,0.000017,-0.000384
4.6900,9,10.692598,10.692598,-0.524518,0.002103,-0.486446,-27.871,-0.123700,0.115104,-0.000000,-1.040943,-59.642,-0.258511,0.320813,-0.000783,-0.542165,-31.064,-0.134821,0.115974,-0.000003,-0.000042,-0.002,-0.000023,0.000037,-0.000000,-0.000001,-0.000,-0.000000,0.000017,-0.000449
4.7000,9,10.692606,10.692606,-0.526764,0.002103,-0.487672,-27.942,-0.122549,0.115007,0.000000,-1.043496,-59.788,-0.255302,0.313810,-0.001179,-0.543501,-31.140,-0.133661,0.115887,-0.000002,-0.000042,-0.002,-0.000023,0.000037,-0.000000,-0.000001,-0.000,-0.000000,0.000017,-0.000509
4.7100,9,10.692614,10.692615,-0.528989,0.002099,-0.488886,-28.011,-0.121399,0.114838,0.000000,-1.046018,-59.932,-0.252164,0.306966,-0.001521,-0.544826,-31.216,-0.132503,0.115726,-0.000002,-0.000042,-0.002,-0.000022,0.000036,-0.000000,-0.000001,-0.000,-0.000000,0.000017,-0.000562
4.7200,9,10.692623,10.692623,-0.531193,0.002092,-0.490088,-28.080,-0.120250,0.114601,-0.000000,-1.048509,-60.075,-0.249095,0.300276,-0.001815,-0.546140,-31.292,-0.131345,0.115494,-0.000001,-0.000042,-0.002,-0.000022,0.000035,-0.000000,-0.000001,-0.000,0.000000,0.000017,-0.000609
4.7300,9,10.692633,10.692633,-0.533377,0.002082,-0.491279,-28.148,-0.119104,0.114300,-0.000000,-1.050970,-60.216,-0.246092,0.293734,-0.002069,-0.547442,-31.366,-0.130190,0.115198,-0.000001,-0.000042,-0.002,-0.000022,0.000034,-0.000000,-0.000001,-0.000,0.000000,0.000018,-0.000649
4.7400,9,10.692643,10.692643,-0.535542,0.002069,-0.492459,-28.216,-0.117961,0.113939,-0.000000,-1.053401,-60.355,-0.243155,0.287332,-0.002290,-0.548732,-31.440,-0.129038,0.114842,-0.000000,-0.000043,-0.002,-0.000021,0.000034,-0.000000,-0.000001,-0.000,0.000000,0.000018,-0.000681
4.7500,9,10.692653,10.692653,-0.537690,0.002054,-0.493627,-28.283,-0.116822,0.113523,0.000000,-1.055804,-60.493,-0.240281,0.281066,-0.002485,-0.550011,-31.513,-0.127890,0.114432,0.000000,-0.000043,-0.002,-0.000021,0.000033,-0.000000,-0.000001,-0.000,0.000001,0.000018,-0.000705
4.7600,9,10.692664,10.692664,-0.539821,0.002036,-0.494784,-28.349,-0.115687,0.113057,0.000000,-1.058179,-60.629,-0.237471,0.274927,-0.002660,-0.551278,-31.586,-0.126746,0.113972,0.000000,-0.000043,-0.002,-0.000021,0.000032,-0.000000,-0.000001,-0.000,0.000001,0.000018,-0.000721
4.7700,9,10.692675,10.692675,-0.541936,0.002016,-0.495930,-28.415,-0.114556,0.112546,0.000000,-1.060526,-60.764,-0.234721,0.268910,-0.002824,-0.552534,-31.658,-0.125606,0.113468,0.000001,-0.000043,-0.002,-0.000020,0.000030,-0.000000,-0.000001,-0.000,0.000001,0.000018,-0.000728
4.7800,9,10.692686,10.692686,-0.544035,0.001993,-0.497064,-28.480,-0.113431,0.111993,0.000000,-1.062846,-60.897,-0.232032,0.263008,-0.002983,-0.553779,-31.729,-0.124471,0.112924,0.000001,-0.000043,-0.002,-0.000020,0.000029,-0.000000,-0.000001,-0.000,0.000001,0.000019,-0.000727
4.7900,9,10.692698,10.692698,-0.546120,0.001967,-0.498187,-28.544,-0.112311,0.111404,0.000000,-1.065140,-61.028,-0.229402,0.257216,-0.003146,-0.555013,-31.800,-0.123342,0.112344,0.000002,-0.000044,-0.003,-0.000020,0.000028,-0.000000,-0.000001,-0.000,0.000001,0.000019,-0.000717
4.8000,9,10.692711,10.692711,-0.548191,0.001937,-0.499299,-28.608,-0.111197,0.110781,-0.000000,-1.067409,-61.158,-0.226830,0.251528,-0.003320,-0.556235,-31.870,-0.122219,0.111732,0.000002,-0.000044,-0.003,-0.000020,0.000027,-0.000000,-0.000001,-0.000,0.000002,0.000019,-0.000698
4.8100,9,10.692724,10.692724,-0.550249,0.001905,-0.500400,-28.671,-0.110089,0.110129,0.000000,-1.069652,-61.287,-0.224315,0.245938,-0.003514,-0.557446,-31.939,-0.121101,0.111093,0.000003,-0.000044,-0.003,-0.000019,0.000025,-0.000000,-0.000001,-0.000,0.000002,0.000019,-0.000672
4.8200,9,10.692737,10.692737,-0.552294,0.001869,-0.501490,-28.733,-0.108988,0.109450,0.000000,-1.071870,-61.414,-0.221855,0.240442,-0.003739,-0.558646,-32.008,-0.119990,0.110429,0.000003,-0.000044,-0.003,-0.000019,0.000024,-0.000000,-0.000001,-0.000,0.000002,0.000019,-0.000637
4.8300,9,10.692750,10.692751,-0.554327,0.001829,-0.502569,-28.795,-0.107893,0.108746,0.000000,-1.074065,-61.539,-0.219451,0.235037,-0.004005,-0.559835,-32.076,-0.118886,0.109745,0.000004,-0.000044,-0.003,-0.000019,0.000023,-0.000000,-0.000001,-0.000,0.000002,0.000020,-0.000594
4.8400,9,10.692765,10.692765,-0.556349,0.001784,-0.503637,-28.856,-0.106806,0.108017,0.000000,-1.076236,-61.664,-0.217101,0.229719,-0.004323,-0.561012,-32.144,-0.117789,0.109042,0.000005,-0.000045,-0.003,-0.000019,0.000021,-0.000000,-0.000001,-0.000,0.000002,0.000020,-0.000545
4.8500,9,10.692779,10.692779,-0.558359,0.001734,-0.504694,-28.917,-0.105726,0.107259,-0.000000,-1.078384,-61.787,-0.214803,0.224489,-0.004706,-0.562179,-32.211,-0.116698,0.108323,0.000006,-0.000045,-0.003,-0.000018,0.000020,-0.000000,-0.000001,-0.000,0.000002,0.000020,-0.000489
4.8600,9,10.692794,10.692794,-0.560359,0.001679,-0.505741,-28.977,-0.104653,0.106466,0.000000,-1.080510,-61.909,-0.212558,0.219349,-0.005170,-0.563336,-32.277,-0.115615,0.107587,0.000007,-0.000045,-0.003,-0.000018,0.000018,-0.000000,-0.000001,-0.000,0.000003,0.000021,-0.000427
4.8700,9,10.692810,10.692810,-0.562350,0.001617,-0.506777,-29.036,-0.103588,0.105621,0.000000,-1.082613,-62.029,-0.210365,0.214309,-0.005729,-0.564481,-32.342,-0.114539,0.106833,0.000008,-0.000045,-0.003,-0.000018,0.000017,-0.000000,-0.000001,-0.000,0.000003,0.000021,-0.000359
4.8800,9,10.692825,10.692825,-0.564331,0.001549,-0.507802,-29.095,-0.102532,0.104694,0.000000,-1.084695,-62.148,-0.208222,0.209389,-0.006404,-0.565616,-32.407,-0.113471,0.106053,0.000009,-0.000045,-0.003,-0.000018,0.000016,-0.000000,-0.000000,-0.000,0.000003,0.000021,-0.000287
4.8900,9,10.692842,10.692842,-0.566305,0.001472,-0.508817,-29.153,-0.101485,0.103631,-0.000000,-1.086757,-62.267,-0.206128,0.204625,-0.007213,-0.566740,-32.472,-0.112410,0.105233,0.000010,-0.000046,-0.003,-0.000018,0.000014,-0.000000,-0.000000,-0.000,0.000003,0.000021,-0.000211
4.9000,9,10.692858,10.692858,-0.568272,0.001385,-0.509821,-29.211,-0.100449,0.102334,0.000000,-1.088798,-62.384,-0.204082,0.200086,-0.008181,-0.567853,-32.536,-0.111358,0.104346,0.000012,-0.000046,-0.003,-0.000017,0.000013,-0.000000,-0.000000,-0.000,0.000004,0.000021,-0.000133
4.9100,9,10.692875,10.692875,-0.570234,0.001288,-0.510815,-29.268,-0.099425,0.100636,-0.000000,-1.090818,-62.499,-0.202081,0.195891,-0.009334,-0.568957,-32.599,-0.110314,0.103343,0.000014,-0.000046,-0.003,-0.000017,0.000011,-0.000000,-0.000000,-0.000,0.000004,0.000020,-0.000052
4.9200,9,10.692893,10.692893,-0.572197,0.001179,-0.511800,-29.324,-0.098419,0.098243,-0.000000,-1.092820,-62.614,-0.200122,0.192252,-0.010702,-0.570049,-32.661,-0.109281,0.102139,0.000016,-0.000046,-0.003,-0.000017,0.000010,-0.000000,-0.000000,-0.000,0.000004,0.000019,0.000030
4.9300,9,10.692911,10.692911,-0.574167,0.001056,-0.512774,-29.380,-0.097437,0.094648,0.000000,-1.094802,-62.728,-0.198199,0.189535,-0.012320,-0.571132,-32.723,-0.108260,0.100580,0.000018,-0.000046,-0.003,-0.000017,0.000008,-0.000000,-0.000000,-0.000,0.000004,0.000016,0.000111
4.9400,9,10.692929,10.692929,-0.576155,0.000917,-0.513739,-29.435,-0.096490,0.088973,0.000000,-1.096765,-62.840,-0.196304,0.188377,-0.014228,-0.572204,-32.785,-0.107254,0.098403,0.000021,-0.000046,-0.003,-0.000017,0.000007,-0.000000,-0.000000,-0.000,0.000004,0.000011,0.000193
4.9500,9,10.692948,10.692948,-0.578180,0.000759,-0.514695,-29.490,-0.095600,0.079709,-0.000000,-1.098709,-62.951,-0.194420,0.189882,-0.016472,-0.573267,-32.846,-0.106270,0.095150,0.000024,-0.000047,-0.003,-0.000017,0.000006,-0.000000,-0.000000,-0.000,0.000004,0.000001,0.000273
4.9600,9,10.692967,10.692967,-0.580276,0.000580,-0.515643,-29.544,-0.094803,0.064381,0.000000,-1.100634,-63.062,-0.192521,0.196134,-0.019106,-0.574320,-32.906,-0.105318,0.089995,0.000028,-0.000047,-0.003,-0.000017,0.000012,-0.000000,-0.000000,-0.000,0.000004,-0.000015,0.000350
4.9700,9,10.692987,10.692987,-0.582500,0.000376,-0.516585,-29.598,-0.094160,0.044200,-0.000000,-1.102540,-63.171,-0.190560,0.217843,-0.022195,-0.575365,-32.966,-0.104418,0.080436,0.000032,-0.000047,-0.003,-0.000017,0.000191,-0.000000,-0.000000,-0.000,0.000004,-0.000026,0.000425
4.9800,9,10.693007,10.693007,-0.584944,0.000143,-0.517522,-29.652,-0.093718,0.238066,0.000000,-1.104423,-63.279,-0.188382,0.571588,-0.026088,-0.576401,-33.025,-0.103614,0.060091,0.000043,-0.000047,-0.003,-0.000015,0.003899,-0.000000,-0.000000,-0.000,0.000004,0.000728,0.000494
4.9900,9,10.693028,10.693028,-0.587471,-0.000131,-0.518435,-29.704,-0.091337,8.721341,-0.000000,-1.106250,-63.383,-0.182666,16.326769,-0.050866,-0.577431,-33.084,-0.103013,9.522926,0.000109,-0.000047,-0.003,0.000024,-0.003377,-0.000000,0.000000,0.000,0.000011,-0.000813,0.005493
5.0000,9,10.695166,10.695166,-0.581228,-0.000905,-0.518476,-29.707,-0.004124,8.721341,0.000000,-1.106444,-63.395,-0.019398,16.326769,0.000000,-0.577509,-33.089,-0.007784,9.522926,0.000000,-0.000047,-0.003,-0.000010,-0.003377,0.000000,0.000000,0.000,0.000003,-0.000813,0.000000
