<?xml version="1.0" encoding="UTF-8" standalone="no" ?>
<COLLADA xmlns="http://www.collada.org/2005/11/COLLADASchema" version="1.4.1">
  <asset>
    <contributor>
      <author>Assimp</author>
      <authoring_tool>Assimp Exporter</authoring_tool>
    </contributor>
    <created>2025-12-08T10:04:59</created>
    <modified>2025-12-08T10:04:59</modified>
    <unit name="meter" meter="1" />
    <up_axis>Y_UP</up_axis>
  </asset>
  <library_images>
  </library_images>
  <library_effects>
    <effect id="material_0-fx" name="">
      <profile_COMMON>
        <technique sid="standard">
          <phong>
            <emission>
              <color sid="emission">0   0   0   4.53488209e-41</color>
            </emission>
            <ambient>
              <color sid="ambient">0.498039246   0.498039246   0.498039246   -0.021484375</color>
            </ambient>
            <diffuse>
              <color sid="diffuse">0.498039246   0.498039246   0.498039246   -0.021484375</color>
            </diffuse>
            <specular>
              <color sid="specular">0.498039246   0.498039246   0.498039246   2.55843558e-11</color>
            </specular>
          </phong>
        </technique>
      </profile_COMMON>
    </effect>
  </library_effects>
  <library_materials>
    <material id="material_0" name="">
      <instance_effect url="#material_0-fx"/>
    </material>
  </library_materials>
  <library_geometries>
    <geometry id="mesh_0" name="" >
      <mesh>
        <source id="mesh_0-positions" name="mesh_0-positions">
          <float_array id="mesh_0-positions-array" count="8622"> -0.0150044803 0.0388831161 -0.195742399 -0.0147540113 0.0361281708 -0.175324574 0.0064610811 0.0380117223 -0.18230392 0.0128006991 0.0317661241 -0.168538362 0.0064610811 0.0380117223 -0.18230392 -0.0147540113 0.0361281708 -0.175324574 -0.0150023876 0.0205173902 -0.157709911 0.0128006991 0.0317661241 -0.168538362 -0.0147540113 0.0361281708 -0.175324574 -0.00183969911 0.0151280798 -0.151983231 -0.0150023876 0.0205173902 -0.157709911 -0.0120343314 0.0143212192 -0.15139474 0.0160706379 0.0190077219 -0.156373277 -0.0150023876 0.0205173902 -0.157709911 -0.00183969911 0.0151280798 -0.151983231 0.0160706379 0.0190077219 -0.156373277 0.0128006991 0.0317661241 -0.168538362 -0.0150023876 0.0205173902 -0.157709911 -0.0148339896 0.0286227781 -0.21856226 -0.0150044803 0.0388831161 -0.195742399 0.00473533524 0.0361943357 -0.206566736 -0.00234216289 -0.0165759679 -0.152276263 0.00288143894 -0.0148160709 -0.107727297 -0.00491514895 -0.0145075694 -0.103603996 -0.012827904 -0.00795125589 -0.145831943 -0.00234216289 -0.0165759679 -0.152276263 -0.00491514895 -0.0145075694 -0.103603996 -0.0134310098 -0.00701762224 -0.0917893425 -0.012827904 -0.00795125589 -0.145831943 -0.00491514895 -0.0145075694 -0.103603996 -0.0150428442 -0.00175277947 -0.103106827 -0.012827904 -0.00795125589 -0.145831943 -0.0134310098 -0.00701762224 -0.0917893425 -0.01352592 0.0067627402 -0.0943862796 -0.0121334847 0.00956889056 -0.136058852 -0.0150428442 -0.00175277947 -0.103106827 -0.00783406943 0.0131444409 -0.117476806 -0.0121334847 0.00956889056 -0.136058852 -0.01352592 0.0067627402 -0.0943862796 0.00900216028 0.0127154542 -0.148375392 -0.00183969911 0.0151280798 -0.151983231 0.00653487956 0.013449192 -0.0982884988 0.013072622 0.00776260113 -0.0934997126 0.00900216028 0.0127154542 -0.148375392 0.00653487956 0.013449192 -0.0982884988 0.0138503006 0.00758483633 -0.118828386 0.0149359638 0.00266384217 -0.13003388 0.013072622 0.00776260113 -0.0934997126 0.0151189659 -0.00404031342 -0.0964815021 0.0138503006 0.00758483633 -0.118828386 0.013072622 0.00776260113 -0.0934997126 0.0100479284 -0.0115937348 -0.138951108 0.0118926503 -0.00946060102 -0.145281449 0.0144072296 -0.00441355025 -0.117483325 -0.0118315285 0.00209785416 -0.120829806 -0.0102020083 0.00631864136 -0.0714066252 -0.0119901933 0.00165649271 -0.0761492923 0.00895669963 -0.0080305459 -0.15733178 0.0111881653 -0.00434769271 -0.0714147091 0.0108846985 -0.00499905506 -0.156765327 0.0119996341 6.50526863e-06 -0.117262475 0.0138503006 0.00758483633 -0.118828386 0.0111881653 -0.00434769271 -0.0714147091 0.0108846985 -0.00499905506 -0.156765327 0.0111881653 -0.00434769271 -0.0714147091 0.0138503006 0.00758483633 -0.118828386 0.0121359006 -0.000229683152 -0.155935585 0.0108846985 -0.00499905506 -0.156765327 0.0138503006 0.00758483633 -0.118828386 0.0111346478 0.0046130605 -0.156540453 0.0121359006 -0.000229683152 -0.155935585 0.0138503006 0.00758483633 -0.118828386 0.0111346478 0.0046130605 -0.156540453 0.0138503006 0.00758483633 -0.118828386 0.0119996341 6.50526863e-06 -0.117262475 -0.0115340697 -0.00351100066 -0.156336665 -0.0119619714 0.00172291149 -0.156327784 -0.0118315285 0.00209785416 -0.120829806 -0.0118104732 -0.00215069647 -0.110999659 -0.0115340697 -0.00351100066 -0.156336665 -0.0118315285 0.00209785416 -0.120829806 -0.00999788661 -0.00666641677 -0.0766611546 -0.0115340697 -0.00351100066 -0.156336665 -0.0118104732 -0.00215069647 -0.110999659 -0.00770283351 -0.00930190273 -0.157687858 -0.0115340697 -0.00351100066 -0.156336665 -0.00999788661 -0.00666641677 -0.0766611546 -0.00723952521 -0.009573007 -0.0715228692 -0.00770283351 -0.00930190273 -0.157687858 -0.00999788661 -0.00666641677 -0.0766611546 0.0119658401 -0.000751269923 -0.0758100376 0.0119996341 6.50526863e-06 -0.117262475 0.0111881653 -0.00434769271 -0.0714147091 0.0119658401 -0.000751269923 -0.0758100376 0.0111346478 0.0046130605 -0.156540453 0.0119996341 6.50526863e-06 -0.117262475 0.00878746714 -0.0082893651 -0.0749747083 0.00895669963 -0.0080305459 -0.15733178 0.00538084516 -0.0107325045 -0.0714276806 0.00878746714 -0.0082893651 -0.0749747083 0.0111881653 -0.00434769271 -0.0714147091 0.00895669963 -0.0080305459 -0.15733178 0.00878746714 -0.0082893651 -0.0749747083 0.00538084516 -0.0107325045 -0.0714276806 0.0111881653 -0.00434769271 -0.0714147091 0.000756416935 -0.012042013 -0.119161531 0.000655684213 -0.0120703876 -0.077042371 0.00538084516 -0.0107325045 -0.0714276806 0.00110722031 -0.01194881 -0.157399997 -0.00343823992 -0.0114674475 -0.156832725 0.000756416935 -0.012042013 -0.119161531 0.00534886029 -0.0107419593 -0.157399997 0.00538084516 -0.0107325045 -0.0714276806 0.00895669963 -0.0080305459 -0.15733178 0.00534886029 -0.0107419593 -0.157399997 0.000756416935 -0.012042013 -0.119161531 0.00538084516 -0.0107325045 -0.0714276806 0.00534886029 -0.0107419593 -0.157399997 0.00110722031 -0.01194881 -0.157399997 0.000756416935 -0.012042013 -0.119161531 -0.00295242574 -0.0116422363 -0.0751148686 0.000655684213 -0.0120703876 -0.077042371 -0.00343823992 -0.0114674475 -0.156832725 -0.00343823992 -0.0114674475 -0.156832725 0.000655684213 -0.0120703876 -0.077042371 0.000756416935 -0.012042013 -0.119161531 -0.00343823992 -0.0114674475 -0.156832725 -0.00770283351 -0.00930190273 -0.157687858 -0.00723952521 -0.009573007 -0.0715228692 -0.00295242574 -0.0116422363 -0.0751148686 -0.00343823992 -0.0114674475 -0.156832725 -0.00723952521 -0.009573007 -0.0715228692 -0.0118104732 -0.00215069647 -0.110999659 -0.0118315285 0.00209785416 -0.120829806 -0.0119901933 0.00165649271 -0.0761492923 -0.0103509082 0.00612546364 -0.15698722 -0.00714320643 0.00961761177 -0.157376945 -0.00770392967 0.00932146423 -0.0743764639 -0.0103509082 0.00612546364 -0.15698722 -0.00770392967 0.00932146423 -0.0743764639 -0.0102020083 0.00631864136 -0.0714066252 -0.0103509082 0.00612546364 -0.15698722 -0.0118315285 0.00209785416 -0.120829806 -0.0119619714 0.00172291149 -0.156327784 -0.0103509082 0.00612546364 -0.15698722 -0.0102020083 0.00631864136 -0.0714066252 -0.0118315285 0.00209785416 -0.120829806 -0.00328395562 0.0115419077 -0.157399997 -0.00315984036 0.0115981232 -0.100682087 -0.00714320643 0.00961761177 -0.157376945 -0.00315984036 0.0115981232 -0.100682087 -0.00770392967 0.00932146423 -0.0743764639 -0.00714320643 0.00961761177 -0.157376945 0.000521297916 0.0120371319 -0.118850142 -0.00328395562 0.0115419077 -0.157399997 0.0034191357 0.011559682 -0.15743719 0.000521297916 0.0120371319 -0.118850142 -0.00315984036 0.0115981232 -0.100682087 -0.00328395562 0.0115419077 -0.157399997 0.00529530505 0.0107731419 -0.0714135095 -0.00315984036 0.0115981232 -0.100682087 0.000521297916 0.0120371319 -0.118850142 0.000345495384 0.0120378248 -0.0755309686 0.000521297916 0.0120371319 -0.118850142 -0.00315984036 0.0115981232 -0.100682087 0.00897485297 0.00803188235 -0.157355383 0.00529530505 0.0107731419 -0.0714135095 0.0034191357 0.011559682 -0.15743719 0.00875181053 0.00828452036 -0.0740306452 0.00529530505 0.0107731419 -0.0714135095 0.00897485297 0.00803188235 -0.157355383 0.00529530505 0.0107731419 -0.0714135095 0.000521297916 0.0120371319 -0.118850142 0.0034191357 0.011559682 -0.15743719 0.0111913793 0.00433109421 -0.071414724 0.00875181053 0.00828452036 -0.0740306452 0.00897485297 0.00803188235 -0.157355383 0.0111913793 0.00433109421 -0.071414724 0.00897485297 0.00803188235 -0.157355383 0.0111346478 0.0046130605 -0.156540453 0.0111913793 0.00433109421 -0.071414724 0.0111346478 0.0046130605 -0.156540453 0.0119658401 -0.000751269923 -0.0758100376 -0.0145893348 -0.00932899024 -0.0714000314 -0.0102020083 0.00631864136 -0.0714066252 -0.00625226367 0.0142474798 -0.0713954419 -0.00725782663 -0.0144389765 -0.0713922828 0.0111881653 -0.00434769271 -0.0714147091 0.00538084516 -0.0107325045 -0.0714276806 -0.0205122717 0.000440087984 -0.0713899359 -0.0145893348 -0.00932899024 -0.0714000314 -0.0142552415 0.00911044423 -0.0713960826 -0.0223002061 0.0114208898 -0.0721951276 -0.0142552415 0.00911044423 -0.0713960826 -0.00625226367 0.0142474798 -0.0713954419 -0.0110683711 0.0224176496 -0.0726722628 -0.0223002061 0.0114208898 -0.0721951276 -0.00625226367 0.0142474798 -0.0713954419 -0.0104374783 0.015002693 -0.0772188008 -0.0110683711 0.0224176496 -0.0726722628 -0.00625226367 0.0142474798 -0.0713954419 0.0121879391 0.0217890404 -0.071417518 0.000492077321 0.0172777735 -0.0713988245 0.00384879904 0.0212574489 -0.0817664266 0.0241918173 0.00640969863 -0.0714000016 0.0121879391 0.0217890404 -0.071417518 0.00689613027 0.0143653713 -0.0714696348 0.0169181358 -0.0120161725 -0.0713998452 0.0243975017 -0.00513524748 -0.0722243711 0.0241918173 0.00640969863 -0.0714000016 0.0142271444 -0.00865825173 -0.0825446546 0.0243975017 -0.00513524748 -0.0722243711 0.0169181358 -0.0120161725 -0.0713998452 0.00951356255 -0.014323202 -0.085125953 0.0169181358 -0.0120161725 -0.0713998452 0.00152966892 -0.025358865 -0.0719220191 0.0144792283 -0.0211516879 -0.0784184113 0.0169181358 -0.0120161725 -0.0713998452 0.00951356255 -0.014323202 -0.085125953 0.0144792283 -0.0211516879 -0.0784184113 0.0243975017 -0.00513524748 -0.0722243711 0.0169181358 -0.0120161725 -0.0713998452 -0.00347455335 -0.0187394489 -0.0778302476 0.00152966892 -0.025358865 -0.0719220191 0.0169181358 -0.0120161725 -0.0713998452 -0.00818520319 -0.0235813446 -0.0792414173 0.00152966892 -0.025358865 -0.0719220191 -0.00347455335 -0.0187394489 -0.0778302476 -0.0161870196 -0.0189158656 -0.0714008063 0.00152966892 -0.025358865 -0.0719220191 -0.00818520319 -0.0235813446 -0.0792414173 -0.0122068748 -0.0183508918 -0.0807516128 -0.0161870196 -0.0189158656 -0.0714008063 -0.00818520319 -0.0235813446 -0.0792414173 -0.00347455335 -0.0187394489 -0.0778302476 0.0169181358 -0.0120161725 -0.0713998452 -0.00725782663 -0.0144389765 -0.0713922828 -0.0218913052 -0.0116809532 -0.0795124993 -0.0161870196 -0.0189158656 -0.0714008063 -0.0145893348 -0.00932899024 -0.0714000314 -0.0218913052 -0.0116809532 -0.0795124993 -0.0205122717 0.000440087984 -0.0713899359 -0.0161870196 -0.0189158656 -0.0714008063 -0.0174225364 -0.00319569861 -0.0850048214 -0.0145893348 -0.00932899024 -0.0714000314 -0.0205122717 0.000440087984 -0.0713899359 0.00689613027 0.0143653713 -0.0714696348 0.00529530505 0.0107731419 -0.0714135095 0.0111913793 0.00433109421 -0.071414724 0.00689613027 0.0143653713 -0.0714696348 -0.00625226367 0.0142474798 -0.0713954419 0.00529530505 0.0107731419 -0.0714135095 0.0241918173 0.00640969863 -0.0714000016 0.00689613027 0.0143653713 -0.0714696348 0.0111913793 0.00433109421 -0.071414724 -0.0145893348 -0.00932899024 -0.0714000314 -0.00723952521 -0.009573007 -0.0715228692 -0.0102020083 0.00631864136 -0.0714066252 -0.0161870196 -0.0189158656 -0.0714008063 -0.00723952521 -0.009573007 -0.0715228692 -0.0145893348 -0.00932899024 -0.0714000314 -0.0161870196 -0.0189158656 -0.0714008063 -0.00725782663 -0.0144389765 -0.0713922828 -0.00723952521 -0.009573007 -0.0715228692 0.0169181358 -0.0120161725 -0.0713998452 0.0241918173 0.00640969863 -0.0714000016 0.0111913793 0.00433109421 -0.071414724 0.0169181358 -0.0120161725 -0.0713998452 0.0111913793 0.00433109421 -0.071414724 -0.00725782663 -0.0144389765 -0.0713922828 -0.00725782663 -0.0144389765 -0.0713922828 0.0111913793 0.00433109421 -0.071414724 0.0111881653 -0.00434769271 -0.0714147091 0.00689613027 0.0143653713 -0.0714696348 0.000492077321 0.0172777735 -0.0713988245 -0.00625226367 0.0142474798 -0.0713954419 -0.0142552415 0.00911044423 -0.0713960826 -0.0145893348 -0.00932899024 -0.0714000314 -0.00625226367 0.0142474798 -0.0713954419 0.0180454478 0.0180293396 -0.0766476244 0.0121879391 0.0217890404 -0.071417518 0.0241918173 0.00640969863 -0.0714000016 -0.0174041744 -0.0179537088 -0.0747053102 -0.00818520319 -0.0235813446 -0.0792414173 -0.0161870196 -0.0189158656 -0.0714008063 -0.0174041744 -0.0179537088 -0.0747053102 -0.0161870196 -0.0189158656 -0.0714008063 -0.0218913052 -0.0116809532 -0.0795124993 -0.0193417054 0.0158980582 -0.0778338462 -0.0223002061 0.0114208898 -0.0721951276 -0.0110683711 0.0224176496 -0.0726722628 0.0221711192 0.0115317535 -0.0798264295 0.0241918173 0.00640969863 -0.0714000016 0.0244231503 0.00358452112 -0.0776940808 -0.0104374783 0.015002693 -0.0772188008 -0.00783406943 0.0131444409 -0.117476806 -0.01352592 0.0067627402 -0.0943862796 0.012431304 0.0205448661 -0.0798202828 0.0221711192 0.0115317535 -0.0798264295 0.013072622 0.00776260113 -0.0934997126 -0.00296226912 0.0182183757 -0.0852661654 0.00384879904 0.0212574489 -0.0817664266 0.00653487956 0.013449192 -0.0982884988 -0.0193417054 0.0158980582 -0.0778338462 -0.0104374783 0.015002693 -0.0772188008 -0.01352592 0.0067627402 -0.0943862796 -0.0193417054 0.0158980582 -0.0778338462 -0.0110683711 0.0224176496 -0.0726722628 -0.0104374783 0.015002693 -0.0772188008 -0.000883818662 0.0257359948 -0.0761276335 -0.00296226912 0.0182183757 -0.0852661654 -0.0110683711 0.0224176496 -0.0726722628 -0.0187223889 0.00299916021 -0.0844678134 -0.01352592 0.0067627402 -0.0943862796 -0.0150428442 -0.00175277947 -0.103106827 -0.0255666617 -0.00207745261 -0.0782634467 -0.0223002061 0.0114208898 -0.0721951276 -0.0187223889 0.00299916021 -0.0844678134 -0.0255666617 -0.00207745261 -0.0782634467 -0.0174225364 -0.00319569861 -0.0850048214 -0.0218913052 -0.0116809532 -0.0795124993 -0.0187223889 0.00299916021 -0.0844678134 -0.0134310098 -0.00701762224 -0.0917893425 -0.0174225364 -0.00319569861 -0.0850048214 0.00297182356 -0.0182849374 -0.0851661488 -0.00347455335 -0.0187394489 -0.0778302476 -0.00662519643 -0.0142361093 -0.0919714719 0.0144792283 -0.0211516879 -0.0784184113 0.0142271444 -0.00865825173 -0.0825446546 0.0243975017 -0.00513524748 -0.0722243711 0.00951356255 -0.014323202 -0.085125953 0.0151189659 -0.00404031342 -0.0964815021 0.0142271444 -0.00865825173 -0.0825446546 -0.000883818662 0.0257359948 -0.0761276335 0.012431304 0.0205448661 -0.0798202828 0.00384879904 0.0212574489 -0.0817664266 -0.000883818662 0.0257359948 -0.0761276335 0.00384879904 0.0212574489 -0.0817664266 -0.00296226912 0.0182183757 -0.0852661654 0.012431304 0.0205448661 -0.0798202828 0.0180454478 0.0180293396 -0.0766476244 0.0221711192 0.0115317535 -0.0798264295 0.0144792283 -0.0211516879 -0.0784184113 0.00951356255 -0.014323202 -0.085125953 0.0142271444 -0.00865825173 -0.0825446546 0.00297182356 -0.0182849374 -0.0851661488 0.0144792283 -0.0211516879 -0.0784184113 -0.00818520319 -0.0235813446 -0.0792414173 0.00297182356 -0.0182849374 -0.0851661488 -0.00818520319 -0.0235813446 -0.0792414173 -0.00347455335 -0.0187394489 -0.0778302476 -0.0218913052 -0.0116809532 -0.0795124993 -0.0134310098 -0.00701762224 -0.0917893425 -0.0122068748 -0.0183508918 -0.0807516128 -0.00662519643 -0.0142361093 -0.0919714719 -0.0122068748 -0.0183508918 -0.0807516128 -0.0134310098 -0.00701762224 -0.0917893425 -0.000591342105 0.0150674954 -0.0984312594 -0.0104374783 0.015002693 -0.0772188008 -0.00296226912 0.0182183757 -0.0852661654 -0.000591342105 0.0150674954 -0.0984312594 -0.00296226912 0.0182183757 -0.0852661654 0.00653487956 0.013449192 -0.0982884988 0.00689613027 0.0143653713 -0.0714696348 0.013072622 0.00776260113 -0.0934997126 0.00653487956 0.013449192 -0.0982884988 0.0244231503 0.00358452112 -0.0776940808 0.0243975017 -0.00513524748 -0.0722243711 0.0151189659 -0.00404031342 -0.0964815021 0.0244231503 0.00358452112 -0.0776940808 0.0151189659 -0.00404031342 -0.0964815021 0.013072622 0.00776260113 -0.0934997126 0.00297182356 -0.0182849374 -0.0851661488 0.00288143894 -0.0148160709 -0.107727297 0.00951356255 -0.014323202 -0.085125953 0.00297182356 -0.0182849374 -0.0851661488 -0.00491514895 -0.0145075694 -0.103603996 0.00288143894 -0.0148160709 -0.107727297 0.00297182356 -0.0182849374 -0.0851661488 -0.00662519643 -0.0142361093 -0.0919714719 -0.00491514895 -0.0145075694 -0.103603996 -0.000591342105 0.0150674954 -0.0984312594 -0.00783406943 0.0131444409 -0.117476806 -0.0104374783 0.015002693 -0.0772188008 0.012431304 0.0205448661 -0.0798202828 0.013072622 0.00776260113 -0.0934997126 0.00689613027 0.0143653713 -0.0714696348 0.0100479284 -0.0115937348 -0.138951108 0.0144072296 -0.00441355025 -0.117483325 0.0151189659 -0.00404031342 -0.0964815021 0.0100479284 -0.0115937348 -0.138951108 0.0151189659 -0.00404031342 -0.0964815021 0.00288143894 -0.0148160709 -0.107727297 0.00951356255 -0.014323202 -0.085125953 0.00288143894 -0.0148160709 -0.107727297 0.0151189659 -0.00404031342 -0.0964815021 -0.00662519643 -0.0142361093 -0.0919714719 -0.0134310098 -0.00701762224 -0.0917893425 -0.00491514895 -0.0145075694 -0.103603996 -0.0187223889 0.00299916021 -0.0844678134 -0.0150428442 -0.00175277947 -0.103106827 -0.0134310098 -0.00701762224 -0.0917893425 -0.0255666617 -0.00207745261 -0.0782634467 -0.0187223889 0.00299916021 -0.0844678134 -0.0174225364 -0.00319569861 -0.0850048214 -0.0146564748 0.0354226418 -0.191394761 0.00498462794 0.0337964855 -0.201207414 0.00613081129 0.0336703211 -0.181188822 0.0150154801 0.0170812998 -0.160725221 0.0160706379 0.0190077219 -0.156373277 0.0121359006 -0.000229683152 -0.155935585 0.0150154801 0.0170812998 -0.160725221 0.0121359006 -0.000229683152 -0.155935585 0.0111346478 0.0046130605 -0.156540453 0.0150154801 0.0170812998 -0.160725221 0.0111346478 0.0046130605 -0.156540453 0.00897485297 0.00803188235 -0.157355383 -0.0150157465 0.0161143448 -0.160332099 0.00897485297 0.00803188235 -0.157355383 -0.0103509082 0.00612546364 -0.15698722 -0.0150157465 0.0161143448 -0.160332099 -0.0103509082 0.00612546364 -0.15698722 -0.0150023876 0.0205173902 -0.157709911 -0.0103509082 0.00612546364 -0.15698722 -0.0119619714 0.00172291149 -0.156327784 -0.0150023876 0.0205173902 -0.157709911 0.0150959594 -0.0170979444 -0.159067482 0.0108846985 -0.00499905506 -0.156765327 0.0121359006 -0.000229683152 -0.155935585 0.0150959594 -0.0170979444 -0.159067482 0.0121359006 -0.000229683152 -0.155935585 0.0160706379 0.0190077219 -0.156373277 0.0150839575 -0.0171371922 -0.160711333 0.00895669963 -0.0080305459 -0.15733178 0.0150959594 -0.0170979444 -0.159067482 0.0150959594 -0.0170979444 -0.159067482 0.00895669963 -0.0080305459 -0.15733178 0.0108846985 -0.00499905506 -0.156765327 -0.015064409 -0.0123468479 -0.15858382 -0.0115340697 -0.00351100066 -0.156336665 -0.00770283351 -0.00930190273 -0.157687858 -0.015064409 -0.0123468479 -0.15858382 -0.0150023876 0.0205173902 -0.157709911 -0.0119619714 0.00172291149 -0.156327784 -0.015064409 -0.0123468479 -0.15858382 -0.0119619714 0.00172291149 -0.156327784 -0.0115340697 -0.00351100066 -0.156336665 -0.01495534 0.0263090841 -0.167534947 0.013761647 0.0271156449 -0.168864533 0.0150154801 0.0170812998 -0.160725221 -0.01495534 0.0263090841 -0.167534947 0.0150154801 0.0170812998 -0.160725221 -0.0150157465 0.0161143448 -0.160332099 -0.01495534 0.0263090841 -0.167534947 0.00613081129 0.0336703211 -0.181188822 0.013761647 0.0271156449 -0.168864533 -0.01495534 0.0263090841 -0.167534947 -0.0146564748 0.0354226418 -0.191394761 0.00613081129 0.0336703211 -0.181188822 -0.0145049328 0.0321529657 -0.205505878 0.00498462794 0.0337964855 -0.201207414 -0.0146564748 0.0354226418 -0.191394761 0.00498357043 0.0237520076 -0.217919514 0.00498462794 0.0337964855 -0.201207414 -0.0145049328 0.0321529657 -0.205505878 -0.0148676857 0.0247877557 -0.216780752 0.00498357043 0.0237520076 -0.217919514 -0.0145049328 0.0321529657 -0.205505878 -0.0150166601 0.00586082833 -0.225886524 0.0050167595 0.0059765894 -0.225825384 0.00498357043 0.0237520076 -0.217919514 -0.0150166601 0.00586082833 -0.225886524 0.00498357043 0.0237520076 -0.217919514 -0.0148676857 0.0247877557 -0.216780752 -0.00778672984 -0.0013529117 -0.226765439 0.0050167595 0.0059765894 -0.225825384 -0.0150166601 0.00586082833 -0.225886524 0.00446906872 -0.0118148811 -0.224592492 0.0050167595 0.0059765894 -0.225825384 -0.00778672984 -0.0013529117 -0.226765439 -0.0148889348 -0.0175628588 -0.221867949 0.00446906872 -0.0118148811 -0.224592492 -0.00778672984 -0.0013529117 -0.226765439 0.00499942619 -0.0173077062 -0.222023398 0.00446906872 -0.0118148811 -0.224592492 -0.0148889348 -0.0175628588 -0.221867949 -0.0150145199 -0.028099183 -0.212219834 -0.0150357923 -0.0355709195 -0.192378357 0.00489606475 -0.0340122916 -0.199947402 0.00500276033 -0.0276041199 -0.213048011 -0.0150145199 -0.028099183 -0.212219834 0.00489606475 -0.0340122916 -0.199947402 0.00794202648 -0.0330942236 -0.178147122 0.00489606475 -0.0340122916 -0.199947402 -0.0150357923 -0.0355709195 -0.192378357 -0.0147513272 -0.0325497314 -0.178038448 0.00794202648 -0.0330942236 -0.178147122 -0.0150357923 -0.0355709195 -0.192378357 -0.0150294928 -0.0282376297 -0.170718789 0.00794202648 -0.0330942236 -0.178147122 -0.0147513272 -0.0325497314 -0.178038448 -0.0046138647 -0.0250945576 -0.166709736 0.00794202648 -0.0330942236 -0.178147122 -0.0150294928 -0.0282376297 -0.170718789 0.013313042 -0.0274087209 -0.169545725 0.00794202648 -0.0330942236 -0.178147122 -0.0046138647 -0.0250945576 -0.166709736 -0.0149999997 -0.0196415465 -0.162430882 -0.0046138647 -0.0250945576 -0.166709736 -0.0150294928 -0.0282376297 -0.170718789 -0.0149999997 -0.0196415465 -0.162430882 0.0150839575 -0.0171371922 -0.160711333 -0.0046138647 -0.0250945576 -0.166709736 -0.0149999997 -0.0196415465 -0.162430882 -0.015064409 -0.0123468479 -0.15858382 0.0150839575 -0.0171371922 -0.160711333 -0.015064409 -0.0123468479 -0.15858382 -0.00770283351 -0.00930190273 -0.157687858 0.0150839575 -0.0171371922 -0.160711333 0.0150839575 -0.0171371922 -0.160711333 -0.00770283351 -0.00930190273 -0.157687858 0.00895669963 -0.0080305459 -0.15733178 -0.0150157465 0.0161143448 -0.160332099 0.0150154801 0.0170812998 -0.160725221 0.00897485297 0.00803188235 -0.157355383 0.0034191357 0.011559682 -0.15743719 -0.00328395562 0.0115419077 -0.157399997 -0.00714320643 0.00961761177 -0.157376945 0.00897485297 0.00803188235 -0.157355383 0.0034191357 0.011559682 -0.15743719 -0.00714320643 0.00961761177 -0.157376945 0.00897485297 0.00803188235 -0.157355383 -0.00714320643 0.00961761177 -0.157376945 -0.0103509082 0.00612546364 -0.15698722 0.00110722031 -0.01194881 -0.157399997 -0.00770283351 -0.00930190273 -0.157687858 -0.00343823992 -0.0114674475 -0.156832725 0.00534886029 -0.0107419593 -0.157399997 -0.00770283351 -0.00930190273 -0.157687858 0.00110722031 -0.01194881 -0.157399997 0.00534886029 -0.0107419593 -0.157399997 0.00895669963 -0.0080305459 -0.15733178 -0.00770283351 -0.00930190273 -0.157687858 -0.0147133032 -0.0372101851 -0.1790068 0.014816992 -0.0300091673 -0.166013867 -0.0125932973 -0.0294927452 -0.165508494 0.00710661011 -0.0376625545 -0.180450946 0.014816992 -0.0300091673 -0.166013867 -0.0147133032 -0.0372101851 -0.1790068 -0.0145796118 -0.039243333 -0.19316256 0.00710661011 -0.0376625545 -0.180450946 -0.0147133032 -0.0372101851 -0.1790068 -0.0150105478 -0.0339163281 -0.21091482 0.00476222252 -0.0370521396 -0.205001429 -0.0145796118 -0.039243333 -0.19316256 -0.0150152175 -0.0227050986 -0.223079532 0.00478329742 -0.0285872184 -0.218613744 -0.0150105478 -0.0339163281 -0.21091482 0.00478329742 -0.0285872184 -0.218613744 0.00476222252 -0.0370521396 -0.205001429 -0.0150105478 -0.0339163281 -0.21091482 0.00492938142 -0.0156277865 -0.227662191 0.00478329742 -0.0285872184 -0.218613744 -0.0150152175 -0.0227050986 -0.223079532 -0.0146632176 -0.00107335462 -0.230979562 0.00492938142 -0.0156277865 -0.227662191 -0.0150152175 -0.0227050986 -0.223079532 0.00498312479 0.0163261946 -0.227269411 0.0049650874 -5.30803009e-05 -0.230926633 -0.0144005679 0.0157039464 -0.227635846 0.00498312479 0.0163261946 -0.227269411 -0.0144005679 0.0157039464 -0.227635846 -0.0148339896 0.0286227781 -0.21856226 0.00498258788 0.029227566 -0.217712864 0.00498312479 0.0163261946 -0.227269411 -0.0148339896 0.0286227781 -0.21856226 0.00498258788 0.029227566 -0.217712864 -0.0148339896 0.0286227781 -0.21856226 0.00473533524 0.0361943357 -0.206566736 0.00484824879 0.0387253724 -0.195890546 0.00473533524 0.0361943357 -0.206566736 -0.0150044803 0.0388831161 -0.195742399 -0.0144005679 0.0157039464 -0.227635846 0.0049650874 -5.30803009e-05 -0.230926633 -0.0146632176 -0.00107335462 -0.230979562 0.0049650874 -5.30803009e-05 -0.230926633 0.00492938142 -0.0156277865 -0.227662191 -0.0146632176 -0.00107335462 -0.230979562 -0.0125932973 -0.0294927452 -0.165508494 -0.0150294928 -0.0282376297 -0.170718789 -0.0147513272 -0.0325497314 -0.178038448 -0.0146632176 -0.00107335462 -0.230979562 -0.0150152175 -0.0227050986 -0.223079532 -0.0150166601 0.00586082833 -0.225886524 -0.0146564748 0.0354226418 -0.191394761 -0.0147540113 0.0361281708 -0.175324574 -0.0150044803 0.0388831161 -0.195742399 -0.0147133032 -0.0372101851 -0.1790068 -0.0125932973 -0.0294927452 -0.165508494 -0.0147513272 -0.0325497314 -0.178038448 -0.01495534 0.0263090841 -0.167534947 -0.0147540113 0.0361281708 -0.175324574 -0.0146564748 0.0354226418 -0.191394761 -0.0148889348 -0.0175628588 -0.221867949 -0.00778672984 -0.0013529117 -0.226765439 -0.0150166601 0.00586082833 -0.225886524 -0.0145796118 -0.039243333 -0.19316256 -0.0147133032 -0.0372101851 -0.1790068 -0.0150357923 -0.0355709195 -0.192378357 -0.0145049328 0.0321529657 -0.205505878 -0.0146564748 0.0354226418 -0.191394761 -0.0150044803 0.0388831161 -0.195742399 -0.0150152175 -0.0227050986 -0.223079532 -0.0148889348 -0.0175628588 -0.221867949 -0.0150166601 0.00586082833 -0.225886524 -0.0150152175 -0.0227050986 -0.223079532 -0.0150145199 -0.028099183 -0.212219834 -0.0148889348 -0.0175628588 -0.221867949 -0.0150152175 -0.0227050986 -0.223079532 -0.0150105478 -0.0339163281 -0.21091482 -0.0150145199 -0.028099183 -0.212219834 -0.0150105478 -0.0339163281 -0.21091482 -0.0150357923 -0.0355709195 -0.192378357 -0.0150145199 -0.028099183 -0.212219834 -0.0150105478 -0.0339163281 -0.21091482 -0.0145796118 -0.039243333 -0.19316256 -0.0150357923 -0.0355709195 -0.192378357 -0.0144005679 0.0157039464 -0.227635846 -0.0146632176 -0.00107335462 -0.230979562 -0.0150166601 0.00586082833 -0.225886524 -0.0144005679 0.0157039464 -0.227635846 -0.0150166601 0.00586082833 -0.225886524 -0.0148676857 0.0247877557 -0.216780752 -0.0144005679 0.0157039464 -0.227635846 -0.0148676857 0.0247877557 -0.216780752 -0.0148339896 0.0286227781 -0.21856226 -0.0148676857 0.0247877557 -0.216780752 -0.0145049328 0.0321529657 -0.205505878 -0.0148339896 0.0286227781 -0.21856226 -0.0145049328 0.0321529657 -0.205505878 -0.0150044803 0.0388831161 -0.195742399 -0.0148339896 0.0286227781 -0.21856226 -0.0147133032 -0.0372101851 -0.1790068 -0.0147513272 -0.0325497314 -0.178038448 -0.0150357923 -0.0355709195 -0.192378357 -0.0149999997 -0.0196415465 -0.162430882 -0.0150294928 -0.0282376297 -0.170718789 -0.015064409 -0.0123468479 -0.15858382 -0.0125932973 -0.0294927452 -0.165508494 -0.015064409 -0.0123468479 -0.15858382 -0.0150294928 -0.0282376297 -0.170718789 -0.01495534 0.0263090841 -0.167534947 -0.0150157465 0.0161143448 -0.160332099 -0.0150023876 0.0205173902 -0.157709911 -0.01495534 0.0263090841 -0.167534947 -0.0150023876 0.0205173902 -0.157709911 -0.0147540113 0.0361281708 -0.175324574 0.014816992 -0.0300091673 -0.166013867 0.0150839575 -0.0171371922 -0.160711333 0.0150959594 -0.0170979444 -0.159067482 0.0149359638 0.00266384217 -0.13003388 0.0160706379 0.0190077219 -0.156373277 0.00900216028 0.0127154542 -0.148375392 0.0149359638 0.00266384217 -0.13003388 0.00900216028 0.0127154542 -0.148375392 0.013072622 0.00776260113 -0.0934997126 -0.00783406943 0.0131444409 -0.117476806 -0.0120343314 0.0143212192 -0.15139474 -0.0121334847 0.00956889056 -0.136058852 -0.00783406943 0.0131444409 -0.117476806 -0.00183969911 0.0151280798 -0.151983231 -0.0120343314 0.0143212192 -0.15139474 0.00900216028 0.0127154542 -0.148375392 0.0160706379 0.0190077219 -0.156373277 -0.00183969911 0.0151280798 -0.151983231 -0.0147953667 0.00284130755 -0.139637917 -0.0121334847 0.00956889056 -0.136058852 -0.0120343314 0.0143212192 -0.15139474 -0.0147953667 0.00284130755 -0.139637917 -0.0120343314 0.0143212192 -0.15139474 -0.0150023876 0.0205173902 -0.157709911 -0.0147953667 0.00284130755 -0.139637917 -0.0150023876 0.0205173902 -0.157709911 -0.015064409 -0.0123468479 -0.15858382 -0.0125932973 -0.0294927452 -0.165508494 -0.00234216289 -0.0165759679 -0.152276263 -0.015064409 -0.0123468479 -0.15858382 -0.0147953667 0.00284130755 -0.139637917 -0.015064409 -0.0123468479 -0.15858382 -0.012827904 -0.00795125589 -0.145831943 -0.0147953667 0.00284130755 -0.139637917 -0.012827904 -0.00795125589 -0.145831943 -0.0150428442 -0.00175277947 -0.103106827 -0.015064409 -0.0123468479 -0.15858382 -0.00234216289 -0.0165759679 -0.152276263 -0.012827904 -0.00795125589 -0.145831943 -0.0125932973 -0.0294927452 -0.165508494 0.014816992 -0.0300091673 -0.166013867 -0.00234216289 -0.0165759679 -0.152276263 0.014816992 -0.0300091673 -0.166013867 0.0150959594 -0.0170979444 -0.159067482 -0.00234216289 -0.0165759679 -0.152276263 0.0100479284 -0.0115937348 -0.138951108 0.00288143894 -0.0148160709 -0.107727297 -0.00234216289 -0.0165759679 -0.152276263 0.0150959594 -0.0170979444 -0.159067482 0.0160706379 0.0190077219 -0.156373277 0.0118926503 -0.00946060102 -0.145281449 0.0150959594 -0.0170979444 -0.159067482 0.0118926503 -0.00946060102 -0.145281449 0.0100479284 -0.0115937348 -0.138951108 0.0150959594 -0.0170979444 -0.159067482 0.0100479284 -0.0115937348 -0.138951108 -0.00234216289 -0.0165759679 -0.152276263 0.0118926503 -0.00946060102 -0.145281449 0.0160706379 0.0190077219 -0.156373277 0.0149359638 0.00266384217 -0.13003388 0.0144072296 -0.00441355025 -0.117483325 0.0118926503 -0.00946060102 -0.145281449 0.0149359638 0.00266384217 -0.13003388 0.00484824879 0.0387253724 -0.195890546 0.0064610811 0.0380117223 -0.18230392 0.00498462794 0.0337964855 -0.201207414 0.00710661011 -0.0376625545 -0.180450946 0.00489606475 -0.0340122916 -0.199947402 0.00794202648 -0.0330942236 -0.178147122 0.00476222252 -0.0370521396 -0.205001429 0.00489606475 -0.0340122916 -0.199947402 0.00710661011 -0.0376625545 -0.180450946 0.00484824879 0.0387253724 -0.195890546 0.00498462794 0.0337964855 -0.201207414 0.00473533524 0.0361943357 -0.206566736 0.00498258788 0.029227566 -0.217712864 0.00473533524 0.0361943357 -0.206566736 0.00498462794 0.0337964855 -0.201207414 0.00498258788 0.029227566 -0.217712864 0.00498462794 0.0337964855 -0.201207414 0.00498357043 0.0237520076 -0.217919514 0.00498258788 0.029227566 -0.217712864 0.00498357043 0.0237520076 -0.217919514 0.00498312479 0.0163261946 -0.227269411 0.00498312479 0.0163261946 -0.227269411 0.00498357043 0.0237520076 -0.217919514 0.0050167595 0.0059765894 -0.225825384 0.00498312479 0.0163261946 -0.227269411 0.0050167595 0.0059765894 -0.225825384 0.0049650874 -5.30803009e-05 -0.230926633 0.0049650874 -5.30803009e-05 -0.230926633 0.0050167595 0.0059765894 -0.225825384 0.00446906872 -0.0118148811 -0.224592492 0.0049650874 -5.30803009e-05 -0.230926633 0.00446906872 -0.0118148811 -0.224592492 0.00492938142 -0.0156277865 -0.227662191 0.00492938142 -0.0156277865 -0.227662191 0.00446906872 -0.0118148811 -0.224592492 0.00499942619 -0.0173077062 -0.222023398 0.00492938142 -0.0156277865 -0.227662191 0.00499942619 -0.0173077062 -0.222023398 0.00478329742 -0.0285872184 -0.218613744 0.00478329742 -0.0285872184 -0.218613744 0.00499942619 -0.0173077062 -0.222023398 0.00500276033 -0.0276041199 -0.213048011 0.00478329742 -0.0285872184 -0.218613744 0.00500276033 -0.0276041199 -0.213048011 0.00476222252 -0.0370521396 -0.205001429 0.00476222252 -0.0370521396 -0.205001429 0.00500276033 -0.0276041199 -0.213048011 0.00489606475 -0.0340122916 -0.199947402 0.013761647 0.0271156449 -0.168864533 0.0064610811 0.0380117223 -0.18230392 0.0128006991 0.0317661241 -0.168538362 0.013761647 0.0271156449 -0.168864533 0.00613081129 0.0336703211 -0.181188822 0.0064610811 0.0380117223 -0.18230392 0.00710661011 -0.0376625545 -0.180450946 0.00794202648 -0.0330942236 -0.178147122 0.013313042 -0.0274087209 -0.169545725 0.00710661011 -0.0376625545 -0.180450946 0.013313042 -0.0274087209 -0.169545725 0.014816992 -0.0300091673 -0.166013867 0.014816992 -0.0300091673 -0.166013867 0.013313042 -0.0274087209 -0.169545725 0.0150839575 -0.0171371922 -0.160711333 0.013761647 0.0271156449 -0.168864533 0.0128006991 0.0317661241 -0.168538362 0.0160706379 0.0190077219 -0.156373277 0.013761647 0.0271156449 -0.168864533 0.0160706379 0.0190077219 -0.156373277 0.0150154801 0.0170812998 -0.160725221 0.00613081129 0.0336703211 -0.181188822 0.00498462794 0.0337964855 -0.201207414 0.0064610811 0.0380117223 -0.18230392 0.013313042 -0.0274087209 -0.169545725 -0.0046138647 -0.0250945576 -0.166709736 0.0150839575 -0.0171371922 -0.160711333 0.00478329742 -0.0285872184 -0.218613744 -0.0148889348 -0.0175628588 -0.221867949 -0.0150145199 -0.028099183 -0.212219834 0.00478329742 -0.0285872184 -0.218613744 0.00499942619 -0.0173077062 -0.222023398 -0.0148889348 -0.0175628588 -0.221867949 0.00478329742 -0.0285872184 -0.218613744 -0.0150145199 -0.028099183 -0.212219834 0.00500276033 -0.0276041199 -0.213048011 -0.0145049328 0.0321529657 -0.205505878 0.00473533524 0.0361943357 -0.206566736 0.00498462794 0.0337964855 -0.201207414 0.013761647 0.0271156449 -0.168864533 0.00613081129 0.0336703211 -0.181188822 -0.0147540113 0.0361281708 -0.175324574 0.00529530505 0.0107731419 -0.0714135095 -0.00770392967 0.00932146423 -0.0743764639 -0.00315984036 0.0115981232 -0.100682087 -0.00625226367 0.0142474798 -0.0713954419 -0.00770392967 0.00932146423 -0.0743764639 0.00529530505 0.0107731419 -0.0714135095 -0.00625226367 0.0142474798 -0.0713954419 -0.0102020083 0.00631864136 -0.0714066252 -0.00770392967 0.00932146423 -0.0743764639 -0.00723952521 -0.009573007 -0.0715228692 -0.0119901933 0.00165649271 -0.0761492923 -0.0102020083 0.00631864136 -0.0714066252 -0.00723952521 -0.009573007 -0.0715228692 -0.0118104732 -0.00215069647 -0.110999659 -0.0119901933 0.00165649271 -0.0761492923 -0.00723952521 -0.009573007 -0.0715228692 -0.00999788661 -0.00666641677 -0.0766611546 -0.0118104732 -0.00215069647 -0.110999659 -0.00725782663 -0.0144389765 -0.0713922828 -0.00295242574 -0.0116422363 -0.0751148686 -0.00723952521 -0.009573007 -0.0715228692 -0.00725782663 -0.0144389765 -0.0713922828 0.000655684213 -0.0120703876 -0.077042371 -0.00295242574 -0.0116422363 -0.0751148686 -0.00725782663 -0.0144389765 -0.0713922828 0.00538084516 -0.0107325045 -0.0714276806 0.000655684213 -0.0120703876 -0.077042371 0.0111913793 0.00433109421 -0.071414724 0.0119658401 -0.000751269923 -0.0758100376 0.0111881653 -0.00434769271 -0.0714147091 0.0111913793 0.00433109421 -0.071414724 0.00529530505 0.0107731419 -0.0714135095 0.00875181053 0.00828452036 -0.0740306452 -0.0255666617 -0.00207745261 -0.0782634467 -0.0218913052 -0.0116809532 -0.0795124993 -0.0205122717 0.000440087984 -0.0713899359 -0.0255666617 -0.00207745261 -0.0782634467 -0.0205122717 0.000440087984 -0.0713899359 -0.0223002061 0.0114208898 -0.0721951276 -0.000883818662 0.0257359948 -0.0761276335 -0.0110683711 0.0224176496 -0.0726722628 0.000492077321 0.0172777735 -0.0713988245 -0.000883818662 0.0257359948 -0.0761276335 0.000492077321 0.0172777735 -0.0713988245 0.0121879391 0.0217890404 -0.071417518 0.0244231503 0.00358452112 -0.0776940808 0.0241918173 0.00640969863 -0.0714000016 0.0243975017 -0.00513524748 -0.0722243711 0.012431304 0.0205448661 -0.0798202828 0.0121879391 0.0217890404 -0.071417518 0.0180454478 0.0180293396 -0.0766476244 -0.000883818662 0.0257359948 -0.0761276335 0.0121879391 0.0217890404 -0.071417518 0.012431304 0.0205448661 -0.0798202828 0.0221711192 0.0115317535 -0.0798264295 0.0180454478 0.0180293396 -0.0766476244 0.0241918173 0.00640969863 -0.0714000016 -0.00818520319 -0.0235813446 -0.0792414173 0.0144792283 -0.0211516879 -0.0784184113 0.00152966892 -0.025358865 -0.0719220191 -0.0174041744 -0.0179537088 -0.0747053102 -0.0218913052 -0.0116809532 -0.0795124993 -0.0122068748 -0.0183508918 -0.0807516128 -0.0174041744 -0.0179537088 -0.0747053102 -0.0122068748 -0.0183508918 -0.0807516128 -0.00818520319 -0.0235813446 -0.0792414173 0.00484824879 0.0387253724 -0.195890546 -0.0150044803 0.0388831161 -0.195742399 0.0064610811 0.0380117223 -0.18230392 0.00476222252 -0.0370521396 -0.205001429 0.00710661011 -0.0376625545 -0.180450946 -0.0145796118 -0.039243333 -0.19316256 0.0138772866 0.00789036229 -0.0713202879 0.0241918173 0.00640969863 -0.0714000016 0.0244231503 0.00358452112 -0.0776940808 0.0138772866 0.00789036229 -0.0713202879 0.0244231503 0.00358452112 -0.0776940808 0.013072622 0.00776260113 -0.0934997126 0.0138772866 0.00789036229 -0.0713202879 0.0221711192 0.0115317535 -0.0798264295 0.0241918173 0.00640969863 -0.0714000016 0.0138772866 0.00789036229 -0.0713202879 0.013072622 0.00776260113 -0.0934997126 0.0221711192 0.0115317535 -0.0798264295 0.012431304 0.0205448661 -0.0798202828 0.00689613027 0.0143653713 -0.0714696348 0.0121879391 0.0217890404 -0.071417518 0.012431304 0.0205448661 -0.0798202828 0.0121879391 0.0217890404 -0.071417518 0.00384879904 0.0212574489 -0.0817664266 0.00689613027 0.0143653713 -0.0714696348 0.00384879904 0.0212574489 -0.0817664266 0.000492077321 0.0172777735 -0.0713988245 0.00689613027 0.0143653713 -0.0714696348 0.00653487956 0.013449192 -0.0982884988 0.00384879904 0.0212574489 -0.0817664266 -0.00296226912 0.0182183757 -0.0852661654 -0.0104374783 0.015002693 -0.0772188008 -0.00625226367 0.0142474798 -0.0713954419 -0.00296226912 0.0182183757 -0.0852661654 -0.00625226367 0.0142474798 -0.0713954419 0.000492077321 0.0172777735 -0.0713988245 -0.00296226912 0.0182183757 -0.0852661654 0.000492077321 0.0172777735 -0.0713988245 -0.0110683711 0.0224176496 -0.0726722628 -0.0193417054 0.0158980582 -0.0778338462 -0.01352592 0.0067627402 -0.0943862796 -0.0142552415 0.00911044423 -0.0713960826 -0.0193417054 0.0158980582 -0.0778338462 -0.0142552415 0.00911044423 -0.0713960826 -0.0223002061 0.0114208898 -0.0721951276 -0.0187223889 0.00299916021 -0.0844678134 -0.0223002061 0.0114208898 -0.0721951276 -0.0205122717 0.000440087984 -0.0713899359 -0.0187223889 0.00299916021 -0.0844678134 -0.0142552415 0.00911044423 -0.0713960826 -0.01352592 0.0067627402 -0.0943862796 -0.0187223889 0.00299916021 -0.0844678134 -0.0205122717 0.000440087984 -0.0713899359 -0.0142552415 0.00911044423 -0.0713960826 -0.0174225364 -0.00319569861 -0.0850048214 -0.0134310098 -0.00701762224 -0.0917893425 -0.0145893348 -0.00932899024 -0.0714000314 -0.0174225364 -0.00319569861 -0.0850048214 -0.0205122717 0.000440087984 -0.0713899359 -0.0218913052 -0.0116809532 -0.0795124993 -0.0218913052 -0.0116809532 -0.0795124993 -0.0145893348 -0.00932899024 -0.0714000314 -0.0134310098 -0.00701762224 -0.0917893425 -0.00662519643 -0.0142361093 -0.0919714719 -0.0161870196 -0.0189158656 -0.0714008063 -0.0122068748 -0.0183508918 -0.0807516128 -0.00662519643 -0.0142361093 -0.0919714719 -0.00725782663 -0.0144389765 -0.0713922828 -0.0161870196 -0.0189158656 -0.0714008063 -0.00662519643 -0.0142361093 -0.0919714719 -0.00347455335 -0.0187394489 -0.0778302476 -0.00725782663 -0.0144389765 -0.0713922828 0.00297182356 -0.0182849374 -0.0851661488 0.00951356255 -0.014323202 -0.085125953 0.00152966892 -0.025358865 -0.0719220191 0.00297182356 -0.0182849374 -0.0851661488 0.00152966892 -0.025358865 -0.0719220191 0.0144792283 -0.0211516879 -0.0784184113 0.0142271444 -0.00865825173 -0.0825446546 0.0151189659 -0.00404031342 -0.0964815021 0.0243975017 -0.00513524748 -0.0722243711 0.0244231503 0.00358452112 -0.0776940808 0.0119658401 -0.000751269923 -0.0758100376 0.0243975017 -0.00513524748 -0.0722243711 0.0244231503 0.00358452112 -0.0776940808 0.0119658401 -0.000751269923 -0.0758100376 0.0111913793 0.00433109421 -0.071414724 0.00152966892 -0.025358865 -0.0719220191 -0.00295242574 -0.0116422363 -0.0751148686 0.000655684213 -0.0120703876 -0.077042371 -0.0174041744 -0.0179537088 -0.0747053102 -0.0161870196 -0.0189158656 -0.0714008063 -0.00999788661 -0.00666641677 -0.0766611546 -0.0174041744 -0.0179537088 -0.0747053102 -0.00723952521 -0.009573007 -0.0715228692 -0.00999788661 -0.00666641677 -0.0766611546 -0.0203379504 -0.00155217503 -0.0742749572 -0.0255666617 -0.00207745261 -0.0782634467 -0.0119901933 0.00165649271 -0.0761492923 -0.0193417054 0.0158980582 -0.0778338462 -0.0102020083 0.00631864136 -0.0714066252 -0.00770392967 0.00932146423 -0.0743764639 0.00653487956 0.013449192 -0.0982884988 -0.00183969911 0.0151280798 -0.151983231 -0.00783406943 0.0131444409 -0.117476806 -0.000591342105 0.0150674954 -0.0984312594 0.00653487956 0.013449192 -0.0982884988 -0.00783406943 0.0131444409 -0.117476806 0.000521297916 0.0120371319 -0.118850142 -0.00783406943 0.0131444409 -0.117476806 -0.00315984036 0.0115981232 -0.100682087 -0.0147953667 0.00284130755 -0.139637917 -0.0150428442 -0.00175277947 -0.103106827 -0.0121334847 0.00956889056 -0.136058852 0.0144072296 -0.00441355025 -0.117483325 0.0138503006 0.00758483633 -0.118828386 0.0151189659 -0.00404031342 -0.0964815021 0.0144072296 -0.00441355025 -0.117483325 0.0149359638 0.00266384217 -0.13003388 0.0138503006 0.00758483633 -0.118828386 0.0121359006 -0.000229683152 -0.155935585 0.0138503006 0.00758483633 -0.118828386 0.0144072296 -0.00441355025 -0.117483325 -0.0118104732 -0.00215069647 -0.110999659 -0.0150428442 -0.00175277947 -0.103106827 -0.0118315285 0.00209785416 -0.120829806 -0.0406999998 0.0123700555 -0.213961288 -0.0300175678 0.0116589861 -0.212848201 -0.0406999998 0.0172073096 -0.211112767 -0.0299999956 0.0163037237 -0.209559992 -0.0300175678 0.0116589861 -0.212848201 -0.0406999998 0.0172073096 -0.211112767 -0.0406824313 0.011426691 -0.212972745 -0.0299999975 0.00691326428 -0.216636866 -0.0299999975 0.0119610056 -0.214180648 -0.0406999998 0.0061190105 -0.21502544 -0.0406824313 0.011426691 -0.212972745 -0.0299999975 0.00691326428 -0.216636866 0.0143946083 0.0179693457 -0.214042529 0.0145846726 0.0312823728 -0.206054762 0.0143622169 0.0295921601 -0.190829337 0.0143765155 -0.0132168829 -0.166169494 0.0144418739 0.0133940028 -0.164250091 0.0143917734 -0.00430005835 -0.1568892 0.0153526729 0.00915145315 -0.225463718 0.00445002737 0.0229275282 -0.218224734 0.0143946083 0.0179693457 -0.214042529 0.013389145 -0.0346902013 -0.198167399 0.00441910792 -0.0322714299 -0.207401067 0.0144103458 -0.0286416039 -0.201508775 -0.0300048962 -0.00797592755 -0.185116619 -0.030001469 -0.0102081671 -0.193067461 -0.0299999584 -0.0233250037 -0.17104049 -0.0299998596 0.010539188 -0.1891606 -0.0300548021 0.000598968356 -0.182248965 -0.0299591776 0.0173802786 -0.215345919 -0.0300666988 0.00697082561 -0.198798433 -0.0299998596 0.010539188 -0.1891606 -0.0299591776 0.0173802786 -0.215345919 -0.0299903546 -0.000657435623 -0.202165082 -0.0300666988 0.00697082561 -0.198798433 -0.0294480063 -0.00884202402 -0.224364251 -0.0299903546 -0.000657435623 -0.202165082 -0.0299999584 -0.0233250037 -0.17104049 -0.030001469 -0.0102081671 -0.193067461 -0.0299903546 -0.000657435623 -0.202165082 -0.0294480063 -0.00884202402 -0.224364251 -0.0299999584 -0.0233250037 -0.17104049 -0.0294732302 0.0338263512 -0.194154665 -0.0299591776 0.0173802786 -0.215345919 -0.0294112694 0.0259903818 -0.169703797 -0.0296985339 -0.0140202725 -0.160669193 -0.0299591776 0.0173802786 -0.215345919 -0.0299999584 -0.0233250037 -0.17104049 -0.0299591776 0.0173802786 -0.215345919 -0.0300048962 -0.00797592755 -0.185116619 -0.0299999584 -0.0233250037 -0.17104049 -0.0299591776 0.0173802786 -0.215345919 -0.0300548021 0.000598968356 -0.182248965 -0.0300048962 -0.00797592755 -0.185116619 -0.0294480063 -0.00884202402 -0.224364251 -0.0300666988 0.00697082561 -0.198798433 -0.0299591776 0.0173802786 -0.215345919 -0.0296985339 -0.0140202725 -0.160669193 -0.0294112694 0.0259903818 -0.169703797 -0.0299591776 0.0173802786 -0.215345919 -0.0292244796 -0.0306447558 -0.207749516 -0.0299999584 -0.0233250037 -0.17104049 -0.0294480063 -0.00884202402 -0.224364251 -0.0292244796 -0.0306447558 -0.207749516 -0.0296985339 -0.0140202725 -0.160669193 -0.0299999584 -0.0233250037 -0.17104049 -0.0292408466 0.00596362539 -0.158275485 -0.0294112694 0.0259903818 -0.169703797 -0.0296985339 -0.0140202725 -0.160669193 0.0278315675 0.0206395518 -0.171379149 0.0143622169 0.0295921601 -0.190829337 0.0144418739 0.0133940028 -0.164250091 0.0142513933 -0.027915556 -0.184778661 0.0235526059 -0.0204884689 -0.171345294 0.0143765155 -0.0132168829 -0.166169494 0.0239409581 -0.028025087 -0.19778958 0.0142513933 -0.027915556 -0.184778661 0.0144103458 -0.0286416039 -0.201508775 0.0165951941 0.01010055 -0.164798826 0.0144418739 0.0133940028 -0.164250091 0.0143765155 -0.0132168829 -0.166169494 0.0291559007 -0.000528504839 -0.162804782 0.0165951941 0.01010055 -0.164798826 0.0143765155 -0.0132168829 -0.166169494 0.0291559007 -0.000528504839 -0.162804782 0.0143765155 -0.0132168829 -0.166169494 0.0235526059 -0.0204884689 -0.171345294 0.0234827604 0.0105719911 -0.218214661 0.0143946083 0.0179693457 -0.214042529 0.0285285506 0.0194378067 -0.213640094 0.0273104142 -0.0262393542 -0.18026346 0.0235526059 -0.0204884689 -0.171345294 0.0142513933 -0.027915556 -0.184778661 0.0165951941 0.01010055 -0.164798826 0.0278315675 0.0206395518 -0.171379149 0.0144418739 0.0133940028 -0.164250091 0.030191699 0.0290232021 -0.190344959 0.0143622169 0.0295921601 -0.190829337 0.0278315675 0.0206395518 -0.171379149 0.030191699 0.0290232021 -0.190344959 0.0285285506 0.0194378067 -0.213640094 0.0143622169 0.0295921601 -0.190829337 0.0285285506 0.0194378067 -0.213640094 0.0143946083 0.0179693457 -0.214042529 0.0143622169 0.0295921601 -0.190829337 0.0149895344 -0.00298306905 -0.220276028 0.0143946083 0.0179693457 -0.214042529 0.0234827604 0.0105719911 -0.218214661 0.0142402826 -0.0114245778 -0.21810095 0.0149895344 -0.00298306905 -0.220276028 0.0308421776 -0.0106214853 -0.217605561 0.0275362525 -0.0196936093 -0.211634547 0.0142402826 -0.0114245778 -0.21810095 0.0308421776 -0.0106214853 -0.217605561 0.0275362525 -0.0196936093 -0.211634547 0.0144103458 -0.0286416039 -0.201508775 0.0142402826 -0.0114245778 -0.21810095 0.0275362525 -0.0196936093 -0.211634547 0.0239409581 -0.028025087 -0.19778958 0.0144103458 -0.0286416039 -0.201508775 0.0273104142 -0.0262393542 -0.18026346 0.0142513933 -0.027915556 -0.184778661 0.0239409581 -0.028025087 -0.19778958 0.0149169434 0.0293864347 -0.181806996 0.0153456852 0.0333666615 -0.180499166 0.0167174898 0.0283117443 -0.17095001 0.0113632241 -0.0240592081 -0.216917798 0.00621674675 -0.0152564161 -0.223071098 0.0142402826 -0.0114245778 -0.21810095 0.0150788585 0.0351599753 -0.189981058 0.0153456852 0.0333666615 -0.180499166 0.0149169434 0.0293864347 -0.181806996 0.00909667928 0.0103767812 -0.157825634 0.015776936 0.00312869577 -0.156980783 0.0144418739 0.0133940028 -0.164250091 0.015776936 0.00312869577 -0.156980783 0.0143917734 -0.00430005835 -0.1568892 0.0144418739 0.0133940028 -0.164250091 0.0173412338 -0.00510305306 -0.226150215 0.0142402826 -0.0114245778 -0.21810095 0.00621674675 -0.0152564161 -0.223071098 0.0159586482 -0.0340793096 -0.183969885 0.0142513933 -0.027915556 -0.184778661 0.016975617 -0.029701788 -0.173740983 0.0157599505 -0.00943005644 -0.160324022 0.0143765155 -0.0132168829 -0.166169494 0.0143917734 -0.00430005835 -0.1568892 0.0146384882 -0.0203071777 -0.166786402 0.016975617 -0.029701788 -0.173740983 0.0142513933 -0.027915556 -0.184778661 0.0173412338 -0.00510305306 -0.226150215 0.0149895344 -0.00298306905 -0.220276028 0.0142402826 -0.0114245778 -0.21810095 0.0159586482 -0.0340793096 -0.183969885 0.013389145 -0.0346902013 -0.198167399 0.0144103458 -0.0286416039 -0.201508775 0.00715141604 -0.0262070354 -0.167821258 0.016975617 -0.029701788 -0.173740983 0.0146384882 -0.0203071777 -0.166786402 -0.000114644477 -0.00100376026 -0.227095976 0.00445002737 0.0229275282 -0.218224734 0.0153526729 0.00915145315 -0.225463718 0.00183642225 0.0242970996 -0.165576994 0.0153456852 0.0333666615 -0.180499166 -0.00153557525 0.0346807539 -0.184098274 0.00285503967 0.0320511274 -0.206572294 -0.00153557525 0.0346807539 -0.184098274 0.0150788585 0.0351599753 -0.189981058 0.0151511123 0.018345939 -0.161344171 0.00909667928 0.0103767812 -0.157825634 0.0144418739 0.0133940028 -0.164250091 0.0173412338 -0.00510305306 -0.226150215 0.0153526729 0.00915145315 -0.225463718 0.0149895344 -0.00298306905 -0.220276028 0.0044897208 -0.015167742 -0.159444377 0.00715141604 -0.0262070354 -0.167821258 0.0146384882 -0.0203071777 -0.166786402 0.000611404073 -0.0332269631 -0.179552078 0.013389145 -0.0346902013 -0.198167399 0.0159586482 -0.0340793096 -0.183969885 0.000611404073 -0.0332269631 -0.179552078 0.0159586482 -0.0340793096 -0.183969885 0.016975617 -0.029701788 -0.173740983 0.000611404073 -0.0332269631 -0.179552078 0.016975617 -0.029701788 -0.173740983 0.00715141604 -0.0262070354 -0.167821258 -0.000114644477 -0.00100376026 -0.227095976 0.0173412338 -0.00510305306 -0.226150215 0.00621674675 -0.0152564161 -0.223071098 -0.000114644477 -0.00100376026 -0.227095976 0.0153526729 0.00915145315 -0.225463718 0.0173412338 -0.00510305306 -0.226150215 0.0155196553 0.0244782269 -0.215703264 0.00445002737 0.0229275282 -0.218224734 0.00285503967 0.0320511274 -0.206572294 0.00285503967 0.0320511274 -0.206572294 0.0150788585 0.0351599753 -0.189981058 0.0145846726 0.0312823728 -0.206054762 -0.00153557525 0.0346807539 -0.184098274 0.0153456852 0.0333666615 -0.180499166 0.0150788585 0.0351599753 -0.189981058 0.00183642225 0.0242970996 -0.165576994 0.0167174898 0.0283117443 -0.17095001 0.0153456852 0.0333666615 -0.180499166 0.0151511123 0.018345939 -0.161344171 0.0167174898 0.0283117443 -0.17095001 0.00183642225 0.0242970996 -0.165576994 0.00167772779 -0.000553686579 -0.156133041 0.015776936 0.00312869577 -0.156980783 0.00909667928 0.0103767812 -0.157825634 0.00167772779 -0.000553686579 -0.156133041 0.0143917734 -0.00430005835 -0.1568892 0.015776936 0.00312869577 -0.156980783 0.00167772779 -0.000553686579 -0.156133041 0.0044897208 -0.015167742 -0.159444377 0.0143917734 -0.00430005835 -0.1568892 0.0044897208 -0.015167742 -0.159444377 0.0143765155 -0.0132168829 -0.166169494 0.0157599505 -0.00943005644 -0.160324022 0.0155196553 0.0244782269 -0.215703264 0.0143946083 0.0179693457 -0.214042529 0.00445002737 0.0229275282 -0.218224734 0.0155196553 0.0244782269 -0.215703264 0.00285503967 0.0320511274 -0.206572294 0.0145846726 0.0312823728 -0.206054762 0.0150788585 0.0351599753 -0.189981058 0.0143622169 0.0295921601 -0.190829337 0.0145846726 0.0312823728 -0.206054762 0.0044897208 -0.015167742 -0.159444377 0.0157599505 -0.00943005644 -0.160324022 0.0143917734 -0.00430005835 -0.1568892 0.0151511123 0.018345939 -0.161344171 0.00183642225 0.0242970996 -0.165576994 0.00909667928 0.0103767812 -0.157825634 0.0156164169 0.0228806604 -0.170437977 0.0167174898 0.0283117443 -0.17095001 0.0151511123 0.018345939 -0.161344171 -0.0316688232 -0.00657550106 -0.211474955 -0.0376064964 -0.0112648113 -0.200415865 -0.0346545503 -0.0138584441 -0.187564969 -0.0347800963 0.00293789222 -0.205462903 -0.0376064964 -0.0112648113 -0.200415865 -0.0316688232 -0.00657550106 -0.211474955 -0.0365717523 0.00128340849 -0.208949983 -0.0347800963 0.00293789222 -0.205462903 -0.0364915915 0.0185812246 -0.213342577 -0.0362794586 0.0165380891 -0.193288624 -0.0364915915 0.0185812246 -0.213342577 -0.0346919112 0.030504277 -0.20589909 -0.0346926525 -0.00243640179 -0.225130677 -0.0346919112 0.030504277 -0.20589909 -0.0364915915 0.0185812246 -0.213342577 -0.0378113799 0.0126031209 -0.2002206 -0.0347800963 0.00293789222 -0.205462903 -0.0365717523 0.00128340849 -0.208949983 -0.0346926525 -0.00243640179 -0.225130677 -0.0364915915 0.0185812246 -0.213342577 -0.0347800963 0.00293789222 -0.205462903 -0.0346997641 0.0319778956 -0.182661891 -0.036602702 0.0127748605 -0.179190323 -0.0346912257 0.0126483003 -0.160583526 -0.0377993435 -0.00700757187 -0.174447775 -0.0365717523 0.00128340849 -0.208949983 -0.0365005508 -0.0177598577 -0.198394194 -0.036602702 0.0127748605 -0.179190323 -0.0362794586 0.0165380891 -0.193288624 -0.0378113799 0.0126031209 -0.2002206 -0.0377993435 -0.00700757187 -0.174447775 -0.0376064964 -0.0112648113 -0.200415865 -0.0347800963 0.00293789222 -0.205462903 -0.03497703 -0.00281663192 -0.177778214 -0.0376064964 -0.0112648113 -0.200415865 -0.0377993435 -0.00700757187 -0.174447775 -0.03497703 -0.00281663192 -0.177778214 -0.0377993435 -0.00700757187 -0.174447775 -0.036602702 0.0127748605 -0.179190323 -0.03497703 -0.00281663192 -0.177778214 -0.036602702 0.0127748605 -0.179190323 -0.0378113799 0.0126031209 -0.2002206 -0.0377993435 -0.00700757187 -0.174447775 -0.0378113799 0.0126031209 -0.2002206 -0.0365717523 0.00128340849 -0.208949983 -0.0377993435 -0.00700757187 -0.174447775 -0.0347800963 0.00293789222 -0.205462903 -0.0378113799 0.0126031209 -0.2002206 -0.0347024016 0.0097298054 -0.181032673 -0.03497703 -0.00281663192 -0.177778214 -0.0378113799 0.0126031209 -0.2002206 -0.03497703 -0.00281663192 -0.177778214 -0.0346545503 -0.0138584441 -0.187564969 -0.0376064964 -0.0112648113 -0.200415865 -0.0347024016 0.0097298054 -0.181032673 -0.0378113799 0.0126031209 -0.2002206 -0.0362794586 0.0165380891 -0.193288624 -0.0346985981 -0.0307017732 -0.207921401 -0.0294480063 -0.00884202402 -0.224364251 -0.036392387 -0.0101919519 -0.225350007 -0.0346997641 0.0319778956 -0.182661891 -0.0294112694 0.0259903818 -0.169703797 -0.0346912257 0.0126483003 -0.160583526 -0.0292393863 0.0201370306 -0.218866557 -0.0346919112 0.030504277 -0.20589909 -0.0346926525 -0.00243640179 -0.225130677 -0.0292426981 -0.0327090621 -0.181634292 -0.0346985981 -0.0307017732 -0.207921401 -0.0346854329 -0.0305067878 -0.182806343 -0.0346986428 -0.0281655248 -0.173378259 -0.0346988514 -0.00878562219 -0.158921063 -0.0296985339 -0.0140202725 -0.160669193 -0.0198864695 -0.0303058736 -0.209819973 -0.03648993 -0.02368729 -0.217392594 -0.0188831314 -0.0132600926 -0.223958611 -0.0185473207 0.0063925446 -0.225388631 -0.0364869982 0.0216743499 -0.220021427 -0.0191597529 0.0235249437 -0.217228472 -0.0346854329 -0.0305067878 -0.182806343 -0.0316688232 -0.00657550106 -0.211474955 -0.0346545503 -0.0138584441 -0.187564969 -0.0347000025 -0.0115605686 -0.215817198 -0.0346926525 -0.00243640179 -0.225130677 -0.0316688232 -0.00657550106 -0.211474955 -0.031617485 -0.0148305809 -0.209910586 -0.0347000025 -0.0115605686 -0.215817198 -0.0316688232 -0.00657550106 -0.211474955 -0.031617485 -0.0148305809 -0.209910586 -0.0316688232 -0.00657550106 -0.211474955 -0.0346854329 -0.0305067878 -0.182806343 -0.0364918821 0.0171053056 -0.16009216 -0.0363350026 -0.0102507723 -0.157655165 -0.0187825561 0.00282000867 -0.156805947 -0.019888537 -0.0352541097 -0.192874119 -0.0364903472 -0.0328564756 -0.178413793 -0.0364997871 -0.0333962291 -0.203575253 -0.0185473207 0.0063925446 -0.225388631 -0.0364120789 0.002993959 -0.226402104 -0.0364869982 0.0216743499 -0.220021427 -0.0188831314 -0.0132600926 -0.223958611 -0.03648993 -0.02368729 -0.217392594 -0.036392387 -0.0101919519 -0.225350007 -0.0364997871 -0.0333962291 -0.203575253 -0.03648993 -0.02368729 -0.217392594 -0.0198864695 -0.0303058736 -0.209819973 -0.019888537 -0.0352541097 -0.192874119 -0.0364997871 -0.0333962291 -0.203575253 -0.0198864695 -0.0303058736 -0.209819973 -0.019888537 -0.0352541097 -0.192874119 -0.0185271706 -0.0312517919 -0.176691055 -0.0364903472 -0.0328564756 -0.178413793 -0.0363350026 -0.0102507723 -0.157655165 -0.0364360996 -0.0245238226 -0.166216999 -0.0185223278 -0.0179936662 -0.16210933 -0.0364918821 0.0171053056 -0.16009216 -0.0187825561 0.00282000867 -0.156805947 -0.0185914636 0.0178802349 -0.161243424 -0.0364918821 0.0171053056 -0.16009216 -0.0185914636 0.0178802349 -0.161243424 -0.0364305899 0.0297551248 -0.172656953 -0.0364968665 0.0345666073 -0.1851549 -0.0364305899 0.0297551248 -0.172656953 -0.0186389498 0.03333712 -0.179887608 -0.0364263169 0.0351171233 -0.197207287 -0.0364968665 0.0345666073 -0.1851549 -0.0186389498 0.03333712 -0.179887608 -0.0364869982 0.0216743499 -0.220021427 -0.0364263169 0.0351171233 -0.197207287 -0.0185627341 0.0310550444 -0.207678095 -0.0191597529 0.0235249437 -0.217228472 -0.0364869982 0.0216743499 -0.220021427 -0.0185627341 0.0310550444 -0.207678095 -0.031617485 -0.0148305809 -0.209910586 -0.0346854329 -0.0305067878 -0.182806343 -0.0347000025 -0.0115605686 -0.215817198 -0.0362794586 0.0165380891 -0.193288624 -0.0364263169 0.0351171233 -0.197207287 -0.0364915915 0.0185812246 -0.213342577 -0.0364869982 0.0216743499 -0.220021427 -0.0364120789 0.002993959 -0.226402104 -0.0364915915 0.0185812246 -0.213342577 -0.0364869982 0.0216743499 -0.220021427 -0.0364915915 0.0185812246 -0.213342577 -0.0364263169 0.0351171233 -0.197207287 -0.0362794586 0.0165380891 -0.193288624 -0.0364968665 0.0345666073 -0.1851549 -0.0364263169 0.0351171233 -0.197207287 -0.036602702 0.0127748605 -0.179190323 -0.0364305899 0.0297551248 -0.172656953 -0.0364968665 0.0345666073 -0.1851549 -0.0364918821 0.0171053056 -0.16009216 -0.0364305899 0.0297551248 -0.172656953 -0.036602702 0.0127748605 -0.179190323 -0.0364997871 -0.0333962291 -0.203575253 -0.0364360996 -0.0245238226 -0.166216999 -0.0363350026 -0.0102507723 -0.157655165 -0.0364997871 -0.0333962291 -0.203575253 -0.0364903472 -0.0328564756 -0.178413793 -0.0364360996 -0.0245238226 -0.166216999 -0.0364997871 -0.0333962291 -0.203575253 -0.036602702 0.0127748605 -0.179190323 -0.0377993435 -0.00700757187 -0.174447775 -0.0364997871 -0.0333962291 -0.203575253 -0.0377993435 -0.00700757187 -0.174447775 -0.0365005508 -0.0177598577 -0.198394194 -0.0364997871 -0.0333962291 -0.203575253 -0.0365005508 -0.0177598577 -0.198394194 -0.03648993 -0.02368729 -0.217392594 -0.03648993 -0.02368729 -0.217392594 -0.0365005508 -0.0177598577 -0.198394194 -0.0365717523 0.00128340849 -0.208949983 -0.03648993 -0.02368729 -0.217392594 -0.0365717523 0.00128340849 -0.208949983 -0.036392387 -0.0101919519 -0.225350007 -0.0365717523 0.00128340849 -0.208949983 -0.0364915915 0.0185812246 -0.213342577 -0.0364120789 0.002993959 -0.226402104 -0.036392387 -0.0101919519 -0.225350007 -0.0365717523 0.00128340849 -0.208949983 -0.0364120789 0.002993959 -0.226402104 -0.0364918821 0.0171053056 -0.16009216 -0.036602702 0.0127748605 -0.179190323 -0.0363350026 -0.0102507723 -0.157655165 -0.0364997871 -0.0333962291 -0.203575253 -0.0363350026 -0.0102507723 -0.157655165 -0.036602702 0.0127748605 -0.179190323 -0.036602702 0.0127748605 -0.179190323 -0.0364968665 0.0345666073 -0.1851549 -0.0362794586 0.0165380891 -0.193288624 -0.0346988514 -0.00878562219 -0.158921063 -0.0346912257 0.0126483003 -0.160583526 -0.0292408466 0.00596362539 -0.158275485 -0.0346997641 0.0319778956 -0.182661891 -0.0294732302 0.0338263512 -0.194154665 -0.0294112694 0.0259903818 -0.169703797 -0.036392387 -0.0101919519 -0.225350007 -0.0294480063 -0.00884202402 -0.224364251 -0.0346926525 -0.00243640179 -0.225130677 -0.0346997641 0.0319778956 -0.182661891 -0.0346919112 0.030504277 -0.20589909 -0.0294732302 0.0338263512 -0.194154665 -0.0346986428 -0.0281655248 -0.173378259 -0.0346545503 -0.0138584441 -0.187564969 -0.0346988514 -0.00878562219 -0.158921063 -0.0347000025 -0.0115605686 -0.215817198 -0.0346854329 -0.0305067878 -0.182806343 -0.0346985981 -0.0307017732 -0.207921401 -0.0346986428 -0.0281655248 -0.173378259 -0.0346854329 -0.0305067878 -0.182806343 -0.0346545503 -0.0138584441 -0.187564969 -0.0347000025 -0.0115605686 -0.215817198 -0.0346985981 -0.0307017732 -0.207921401 -0.036392387 -0.0101919519 -0.225350007 -0.0346926525 -0.00243640179 -0.225130677 -0.0347800963 0.00293789222 -0.205462903 -0.0316688232 -0.00657550106 -0.211474955 -0.0346988514 -0.00878562219 -0.158921063 -0.03497703 -0.00281663192 -0.177778214 -0.0347024016 0.0097298054 -0.181032673 -0.0346988514 -0.00878562219 -0.158921063 -0.0347024016 0.0097298054 -0.181032673 -0.0346997641 0.0319778956 -0.182661891 -0.0347000025 -0.0115605686 -0.215817198 -0.036392387 -0.0101919519 -0.225350007 -0.0346926525 -0.00243640179 -0.225130677 -0.0346988514 -0.00878562219 -0.158921063 -0.0346545503 -0.0138584441 -0.187564969 -0.03497703 -0.00281663192 -0.177778214 -0.0347024016 0.0097298054 -0.181032673 -0.0362794586 0.0165380891 -0.193288624 -0.0346919112 0.030504277 -0.20589909 -0.0347024016 0.0097298054 -0.181032673 -0.0346919112 0.030504277 -0.20589909 -0.0346997641 0.0319778956 -0.182661891 -0.0346988514 -0.00878562219 -0.158921063 -0.0346997641 0.0319778956 -0.182661891 -0.0346912257 0.0126483003 -0.160583526 -0.0346988514 -0.00878562219 -0.158921063 -0.0292408466 0.00596362539 -0.158275485 -0.0296985339 -0.0140202725 -0.160669193 -0.0346912257 0.0126483003 -0.160583526 -0.0294112694 0.0259903818 -0.169703797 -0.0292408466 0.00596362539 -0.158275485 -0.0292393863 0.0201370306 -0.218866557 -0.0294732302 0.0338263512 -0.194154665 -0.0346919112 0.030504277 -0.20589909 -0.0292393863 0.0201370306 -0.218866557 -0.0346926525 -0.00243640179 -0.225130677 -0.0294480063 -0.00884202402 -0.224364251 -0.0346985981 -0.0307017732 -0.207921401 -0.0292244796 -0.0306447558 -0.207749516 -0.0294480063 -0.00884202402 -0.224364251 -0.0292426981 -0.0327090621 -0.181634292 -0.0292244796 -0.0306447558 -0.207749516 -0.0346985981 -0.0307017732 -0.207921401 -0.0346986428 -0.0281655248 -0.173378259 -0.0292426981 -0.0327090621 -0.181634292 -0.0346854329 -0.0305067878 -0.182806343 -0.0346986428 -0.0281655248 -0.173378259 -0.0296985339 -0.0140202725 -0.160669193 -0.0292426981 -0.0327090621 -0.181634292 -0.0188831314 -0.0132600926 -0.223958611 -0.036392387 -0.0101919519 -0.225350007 -0.0364120789 0.002993959 -0.226402104 -0.019888537 -0.0352541097 -0.192874119 -0.0198864695 -0.0303058736 -0.209819973 -0.0140131712 -0.0310307629 -0.204379752 -0.0364903472 -0.0328564756 -0.178413793 -0.0185271706 -0.0312517919 -0.176691055 -0.0185223278 -0.0179936662 -0.16210933 -0.0364903472 -0.0328564756 -0.178413793 -0.0185223278 -0.0179936662 -0.16210933 -0.0364360996 -0.0245238226 -0.166216999 -0.0187825561 0.00282000867 -0.156805947 -0.0363350026 -0.0102507723 -0.157655165 -0.0185223278 -0.0179936662 -0.16210933 -0.0186389498 0.03333712 -0.179887608 -0.0364305899 0.0297551248 -0.172656953 -0.0185914636 0.0178802349 -0.161243424 -0.0185627341 0.0310550444 -0.207678095 -0.0364263169 0.0351171233 -0.197207287 -0.0186389498 0.03333712 -0.179887608 -0.0185473207 0.0063925446 -0.225388631 -0.0131827211 -0.00852950849 -0.224229246 -0.0364120789 0.002993959 -0.226402104 -0.0188831314 -0.0132600926 -0.223958611 -0.0364120789 0.002993959 -0.226402104 -0.0131827211 -0.00852950849 -0.224229246 -0.0198864695 -0.0303058736 -0.209819973 -0.0188831314 -0.0132600926 -0.223958611 -0.0139478967 -0.0269834157 -0.211958662 -0.0188831314 -0.0132600926 -0.223958611 -0.0131827211 -0.00852950849 -0.224229246 -0.0139478967 -0.0269834157 -0.211958662 -0.0191597529 0.0235249437 -0.217228472 -0.0185627341 0.0310550444 -0.207678095 -0.013194981 0.0255816802 -0.212893337 -0.0125073856 0.0317901038 -0.181281492 -0.0185627341 0.0310550444 -0.207678095 -0.0186389498 0.03333712 -0.179887608 -0.0144726979 0.0273109078 -0.172584519 -0.0125073856 0.0317901038 -0.181281492 -0.0186389498 0.03333712 -0.179887608 -0.0144726979 0.0273109078 -0.172584519 -0.0186389498 0.03333712 -0.179887608 -0.0185914636 0.0178802349 -0.161243424 -0.019888537 -0.0352541097 -0.192874119 -0.0115586044 -0.0326271541 -0.184625566 -0.0185271706 -0.0312517919 -0.176691055 -0.019888537 -0.0352541097 -0.192874119 -0.0140131712 -0.0310307629 -0.204379752 -0.0115586044 -0.0326271541 -0.184625566 -0.0198864695 -0.0303058736 -0.209819973 -0.0139478967 -0.0269834157 -0.211958662 -0.0140131712 -0.0310307629 -0.204379752 0.0113632241 -0.0240592081 -0.216917798 0.00441910792 -0.0322714299 -0.207401067 -0.0139478967 -0.0269834157 -0.211958662 0.00167772779 -0.000553686579 -0.156133041 0.00909667928 0.0103767812 -0.157825634 -0.0105418433 0.0150459148 -0.160560951 0.00285503967 0.0320511274 -0.206572294 0.00445002737 0.0229275282 -0.218224734 -0.0105236061 0.0315749981 -0.20577012 -0.000114644477 -0.00100376026 -0.227095976 0.00621674675 -0.0152564161 -0.223071098 -0.0131827211 -0.00852950849 -0.224229246 0.00183642225 0.0242970996 -0.165576994 -0.0105418433 0.0150459148 -0.160560951 0.00909667928 0.0103767812 -0.157825634 0.00167772779 -0.000553686579 -0.156133041 -0.0105418433 0.0150459148 -0.160560951 -0.0105133997 -0.00534494827 -0.158147663 0.00167772779 -0.000553686579 -0.156133041 -0.0105133997 -0.00534494827 -0.158147663 0.0044897208 -0.015167742 -0.159444377 0.0044897208 -0.015167742 -0.159444377 -0.0105133997 -0.00534494827 -0.158147663 -0.0105288653 -0.0239898823 -0.168220833 0.0044897208 -0.015167742 -0.159444377 -0.0105288653 -0.0239898823 -0.168220833 0.00715141604 -0.0262070354 -0.167821258 0.00715141604 -0.0262070354 -0.167821258 -0.0105288653 -0.0239898823 -0.168220833 -0.0115586044 -0.0326271541 -0.184625566 0.000611404073 -0.0332269631 -0.179552078 0.00715141604 -0.0262070354 -0.167821258 -0.0115586044 -0.0326271541 -0.184625566 0.000611404073 -0.0332269631 -0.179552078 -0.0115586044 -0.0326271541 -0.184625566 -0.00711908517 -0.0353664123 -0.190639392 0.00441910792 -0.0322714299 -0.207401067 -0.00711908517 -0.0353664123 -0.190639392 -0.0140131712 -0.0310307629 -0.204379752 0.00441910792 -0.0322714299 -0.207401067 -0.0140131712 -0.0310307629 -0.204379752 -0.0139478967 -0.0269834157 -0.211958662 0.0113632241 -0.0240592081 -0.216917798 -0.0139478967 -0.0269834157 -0.211958662 0.00621674675 -0.0152564161 -0.223071098 0.00621674675 -0.0152564161 -0.223071098 -0.0139478967 -0.0269834157 -0.211958662 -0.0131827211 -0.00852950849 -0.224229246 -0.000114644477 -0.00100376026 -0.227095976 -0.0131827211 -0.00852950849 -0.224229246 -0.00991051737 0.013225683 -0.223320499 0.00445002737 0.0229275282 -0.218224734 -0.00991051737 0.013225683 -0.223320499 -0.013194981 0.0255816802 -0.212893337 0.00445002737 0.0229275282 -0.218224734 -0.013194981 0.0255816802 -0.212893337 -0.0105236061 0.0315749981 -0.20577012 0.00285503967 0.0320511274 -0.206572294 -0.0105236061 0.0315749981 -0.20577012 -0.00153557525 0.0346807539 -0.184098274 -0.00153557525 0.0346807539 -0.184098274 -0.0105236061 0.0315749981 -0.20577012 -0.0125073856 0.0317901038 -0.181281492 -0.00153557525 0.0346807539 -0.184098274 -0.0125073856 0.0317901038 -0.181281492 -0.0144726979 0.0273109078 -0.172584519 0.00183642225 0.0242970996 -0.165576994 -0.00153557525 0.0346807539 -0.184098274 -0.0144726979 0.0273109078 -0.172584519 0.00183642225 0.0242970996 -0.165576994 -0.0144726979 0.0273109078 -0.172584519 -0.0105418433 0.0150459148 -0.160560951 -0.00711908517 -0.0353664123 -0.190639392 -0.0115586044 -0.0326271541 -0.184625566 -0.0140131712 -0.0310307629 -0.204379752 -0.0105418433 0.0150459148 -0.160560951 -0.0144726979 0.0273109078 -0.172584519 -0.0185914636 0.0178802349 -0.161243424 -0.0187825561 0.00282000867 -0.156805947 -0.0105418433 0.0150459148 -0.160560951 -0.0185914636 0.0178802349 -0.161243424 -0.0187825561 0.00282000867 -0.156805947 -0.0105133997 -0.00534494827 -0.158147663 -0.0105418433 0.0150459148 -0.160560951 -0.0187825561 0.00282000867 -0.156805947 -0.0185223278 -0.0179936662 -0.16210933 -0.0105133997 -0.00534494827 -0.158147663 -0.0105288653 -0.0239898823 -0.168220833 -0.0105133997 -0.00534494827 -0.158147663 -0.0185223278 -0.0179936662 -0.16210933 -0.0105288653 -0.0239898823 -0.168220833 -0.0185223278 -0.0179936662 -0.16210933 -0.0185271706 -0.0312517919 -0.176691055 -0.0105288653 -0.0239898823 -0.168220833 -0.0185271706 -0.0312517919 -0.176691055 -0.0115586044 -0.0326271541 -0.184625566 -0.0185473207 0.0063925446 -0.225388631 -0.00991051737 0.013225683 -0.223320499 -0.0131827211 -0.00852950849 -0.224229246 -0.0185473207 0.0063925446 -0.225388631 -0.0191597529 0.0235249437 -0.217228472 -0.00991051737 0.013225683 -0.223320499 -0.0191597529 0.0235249437 -0.217228472 -0.013194981 0.0255816802 -0.212893337 -0.00991051737 0.013225683 -0.223320499 -0.0105236061 0.0315749981 -0.20577012 -0.013194981 0.0255816802 -0.212893337 -0.0185627341 0.0310550444 -0.207678095 -0.0105236061 0.0315749981 -0.20577012 -0.0185627341 0.0310550444 -0.207678095 -0.0125073856 0.0317901038 -0.181281492 0.00599087356 -0.00603283104 -0.198219121 -0.00362500083 -0.0079374304 -0.195642307 0.0308482144 -0.00902443193 -0.19178012 0.0295064617 0.00347107882 -0.199756861 0.00599087356 -0.00603283104 -0.198219121 0.0308482144 -0.00902443193 -0.19178012 0.0220145658 -0.000714020571 -0.200516358 0.00599087356 -0.00603283104 -0.198219121 0.0295064617 0.00347107882 -0.199756861 0.0294910371 0.00877914485 -0.189223915 0.0420019291 0.00721376063 -0.196941212 0.0295064617 0.00347107882 -0.199756861 -0.037309438 0.00883819815 -0.193209618 0.0420019291 0.00721376063 -0.196941212 0.0294910371 0.00877914485 -0.189223915 0.0298500005 0.00895243604 -0.190911531 -0.037309438 0.00883819815 -0.193209618 0.0294910371 0.00877914485 -0.189223915 0.0308488533 0.00291618006 -0.182841748 -0.0366075486 0.0067081498 -0.185136199 0.0294910371 0.00877914485 -0.189223915 -0.0300548021 0.000598968356 -0.182248965 0.0308488533 0.00291618006 -0.182841748 0.0306108333 -0.00461929757 -0.183418736 -0.00362500083 -0.00790938269 -0.187154576 0.0306108333 -0.00461929757 -0.183418736 0.0308482144 -0.00902443193 -0.19178012 -0.00362500083 -0.00879410282 -0.189488769 -0.00362500083 -0.00790938269 -0.187154576 0.0308482144 -0.00902443193 -0.19178012 -0.00362500083 -0.00868469104 -0.193672568 0.0308482144 -0.00902443193 -0.19178012 -0.00362500083 -0.0079374304 -0.195642307 0.0294910371 0.00877914485 -0.189223915 0.0295064617 0.00347107882 -0.199756861 0.0308482144 -0.00902443193 -0.19178012 0.0308488533 0.00291618006 -0.182841748 0.0294910371 0.00877914485 -0.189223915 0.0308482144 -0.00902443193 -0.19178012 0.0306108333 -0.00461929757 -0.183418736 0.0308488533 0.00291618006 -0.182841748 0.0308482144 -0.00902443193 -0.19178012 0.0308421776 -0.0106214853 -0.217605561 0.0308482144 -0.00902443193 -0.19178012 0.0308535341 -0.0285973381 -0.195259467 0.0308522824 0.0178699307 -0.18057026 0.0308461674 -0.0109470719 -0.165172651 0.0308488533 0.00291618006 -0.182841748 0.0308421776 -0.0106214853 -0.217605561 0.0308522824 0.0178699307 -0.18057026 0.0308482144 -0.00902443193 -0.19178012 0.0308461674 -0.0109470719 -0.165172651 0.0308535341 -0.0285973381 -0.195259467 0.0308482144 -0.00902443193 -0.19178012 0.0308461674 -0.0109470719 -0.165172651 0.0308482144 -0.00902443193 -0.19178012 0.0308488533 0.00291618006 -0.182841748 0.0308522824 0.0178699307 -0.18057026 0.0308488533 0.00291618006 -0.182841748 0.0308482144 -0.00902443193 -0.19178012 0.0308421776 -0.0106214853 -0.217605561 0.030191699 0.0290232021 -0.190344959 0.0308522824 0.0178699307 -0.18057026 0.0275362525 -0.0196936093 -0.211634547 0.0308535341 -0.0285973381 -0.195259467 0.0239409581 -0.028025087 -0.19778958 0.0308421776 -0.0106214853 -0.217605561 0.0149895344 -0.00298306905 -0.220276028 0.0234827604 0.0105719911 -0.218214661 0.0308421776 -0.0106214853 -0.217605561 0.0234827604 0.0105719911 -0.218214661 0.0285285506 0.0194378067 -0.213640094 0.030191699 0.0290232021 -0.190344959 0.0278315675 0.0206395518 -0.171379149 0.0308522824 0.0178699307 -0.18057026 0.0273104142 -0.0262393542 -0.18026346 0.0308461674 -0.0109470719 -0.165172651 0.0235526059 -0.0204884689 -0.171345294 -0.0299998596 0.010539188 -0.1891606 -0.037309438 0.00883819815 -0.193209618 -0.0366075486 0.0067081498 -0.185136199 -0.0299998596 0.010539188 -0.1891606 -0.0366075486 0.0067081498 -0.185136199 -0.0300548021 0.000598968356 -0.182248965 -0.0300048962 -0.00797592755 -0.185116619 -0.0379165672 -0.00402608281 -0.199536741 -0.030001469 -0.0102081671 -0.193067461 -0.0299903546 -0.000657435623 -0.202165082 -0.0379165672 -0.00402608281 -0.199536741 -0.0300666988 0.00697082561 -0.198798433 -0.0300666988 0.00697082561 -0.198798433 -0.037309438 0.00883819815 -0.193209618 -0.0299998596 0.010539188 -0.1891606 -0.0300548021 0.000598968356 -0.182248965 -0.0366075486 0.0067081498 -0.185136199 0.0308488533 0.00291618006 -0.182841748 -0.0300548021 0.000598968356 -0.182248965 -0.00362500083 -0.00790938269 -0.187154576 -0.0300048962 -0.00797592755 -0.185116619 -0.0300548021 0.000598968356 -0.182248965 0.0306108333 -0.00461929757 -0.183418736 -0.00362500083 -0.00790938269 -0.187154576 -0.0300048962 -0.00797592755 -0.185116619 -0.00362500083 -0.00790938269 -0.187154576 -0.00362500083 -0.00879410282 -0.189488769 -0.0300048962 -0.00797592755 -0.185116619 -0.00362500083 -0.00879410282 -0.189488769 0.0308482144 -0.00902443193 -0.19178012 -0.0300048962 -0.00797592755 -0.185116619 0.0308482144 -0.00902443193 -0.19178012 -0.00362500083 -0.00868469104 -0.193672568 -0.0300048962 -0.00797592755 -0.185116619 -0.00362500083 -0.00868469104 -0.193672568 -0.00362500083 -0.0079374304 -0.195642307 -0.0300048962 -0.00797592755 -0.185116619 -0.00362500083 -0.0079374304 -0.195642307 -0.0379165672 -0.00402608281 -0.199536741 -0.0379165672 -0.00402608281 -0.199536741 -0.00362500083 -0.0079374304 -0.195642307 0.00599087356 -0.00603283104 -0.198219121 -0.0379165672 -0.00402608281 -0.199536741 0.0220145658 -0.000714020571 -0.200516358 0.0295064617 0.00347107882 -0.199756861 -0.0300666988 0.00697082561 -0.198798433 -0.0379165672 -0.00402608281 -0.199536741 0.0295064617 0.00347107882 -0.199756861 -0.0300666988 0.00697082561 -0.198798433 0.0295064617 0.00347107882 -0.199756861 0.0420019291 0.00721376063 -0.196941212 -0.0300666988 0.00697082561 -0.198798433 0.0420019291 0.00721376063 -0.196941212 -0.037309438 0.00883819815 -0.193209618 -0.0366075486 0.0067081498 -0.185136199 -0.037309438 0.00883819815 -0.193209618 0.0294910371 0.00877914485 -0.189223915 0.0223571267 -0.0183796585 -0.175516129 0.0308535341 -0.0285973381 -0.195259467 0.0308461674 -0.0109470719 -0.165172651 -0.0299903546 -0.000657435623 -0.202165082 -0.030001469 -0.0102081671 -0.193067461 -0.0379165672 -0.00402608281 -0.199536741 0.0291559007 -0.000528504839 -0.162804782 0.0308522824 0.0178699307 -0.18057026 0.0278315675 0.0206395518 -0.171379149 0.0273104142 -0.0262393542 -0.18026346 0.0308535341 -0.0285973381 -0.195259467 0.0308461674 -0.0109470719 -0.165172651 0.0291559007 -0.000528504839 -0.162804782 0.0308461674 -0.0109470719 -0.165172651 0.0308522824 0.0178699307 -0.18057026 0.0275362525 -0.0196936093 -0.211634547 0.0308421776 -0.0106214853 -0.217605561 0.0308535341 -0.0285973381 -0.195259467 0.0308421776 -0.0106214853 -0.217605561 0.0285285506 0.0194378067 -0.213640094 0.030191699 0.0290232021 -0.190344959 -0.0379165672 -0.00402608281 -0.199536741 0.00599087356 -0.00603283104 -0.198219121 0.0220145658 -0.000714020571 -0.200516358 0.000611404073 -0.0332269631 -0.179552078 -0.00711908517 -0.0353664123 -0.190639392 0.013389145 -0.0346902013 -0.198167399 0.013389145 -0.0346902013 -0.198167399 -0.00711908517 -0.0353664123 -0.190639392 0.00441910792 -0.0322714299 -0.207401067 -0.000114644477 -0.00100376026 -0.227095976 -0.00991051737 0.013225683 -0.223320499 0.00445002737 0.0229275282 -0.218224734 -0.0292426981 -0.0327090621 -0.181634292 -0.0296985339 -0.0140202725 -0.160669193 -0.0292244796 -0.0306447558 -0.207749516 -0.0292393863 0.0201370306 -0.218866557 -0.0299591776 0.0173802786 -0.215345919 -0.0294732302 0.0338263512 -0.194154665 -0.0292393863 0.0201370306 -0.218866557 -0.0294480063 -0.00884202402 -0.224364251 -0.0299591776 0.0173802786 -0.215345919 0.0044897208 -0.015167742 -0.159444377 0.0146384882 -0.0203071777 -0.166786402 0.0143765155 -0.0132168829 -0.166169494 0.0113632241 -0.0240592081 -0.216917798 0.0144103458 -0.0286416039 -0.201508775 0.00441910792 -0.0322714299 -0.207401067 0.0156164169 0.0228806604 -0.170437977 0.0149169434 0.0293864347 -0.181806996 0.0167174898 0.0283117443 -0.17095001 0.0291559007 -0.000528504839 -0.162804782 0.0235526059 -0.0204884689 -0.171345294 0.0308461674 -0.0109470719 -0.165172651 0.0291559007 -0.000528504839 -0.162804782 0.0278315675 0.0206395518 -0.171379149 0.0165951941 0.01010055 -0.164798826 0.0273104142 -0.0262393542 -0.18026346 0.0239409581 -0.028025087 -0.19778958 0.0308535341 -0.0285973381 -0.195259467 0.0149169434 0.0293864347 -0.181806996 0.0144418739 0.0133940028 -0.164250091 0.0143622169 0.0295921601 -0.190829337 0.0146384882 -0.0203071777 -0.166786402 0.0142513933 -0.027915556 -0.184778661 0.0143765155 -0.0132168829 -0.166169494 0.0159586482 -0.0340793096 -0.183969885 0.0144103458 -0.0286416039 -0.201508775 0.0142513933 -0.027915556 -0.184778661 0.0113632241 -0.0240592081 -0.216917798 0.0142402826 -0.0114245778 -0.21810095 0.0144103458 -0.0286416039 -0.201508775 0.0150788585 0.0351599753 -0.189981058 0.0149169434 0.0293864347 -0.181806996 0.0143622169 0.0295921601 -0.190829337 0.0156164169 0.0228806604 -0.170437977 0.0144418739 0.0133940028 -0.164250091 0.0149169434 0.0293864347 -0.181806996 0.0149895344 -0.00298306905 -0.220276028 0.0153526729 0.00915145315 -0.225463718 0.0143946083 0.0179693457 -0.214042529 0.0155196553 0.0244782269 -0.215703264 0.0145846726 0.0312823728 -0.206054762 0.0143946083 0.0179693457 -0.214042529 0.0156164169 0.0228806604 -0.170437977 0.0151511123 0.018345939 -0.161344171 0.0144418739 0.0133940028 -0.164250091 -0.00670667412 0.00385780632 -0.0545000061 -0.00492117833 0.00642365497 -0.0275000017 -0.000575711369 0.00786415115 -0.0545000061 -0.00748312194 0.000646947476 -0.0275000017 -0.00492117833 0.00642365497 -0.0275000017 -0.00670667412 0.00385780632 -0.0545000061 -0.00704223616 -0.00377100985 -0.0545000024 -0.00748312194 0.000646947476 -0.0275000017 -0.00670667412 0.00385780632 -0.0545000061 -0.00530929351 -0.00618092716 -0.0274999999 -0.00748312194 0.000646947476 -0.0275000017 -0.00704223616 -0.00377100985 -0.0545000024 0.000575711194 -0.00786415115 -0.0545000061 -0.00530929351 -0.00618092716 -0.0274999999 -0.00704223616 -0.00377100985 -0.0545000024 0.0049211788 -0.00642365497 -0.0275000054 -0.00530929351 -0.00618092716 -0.0274999999 0.000575711194 -0.00786415115 -0.0545000061 0.00869935565 0.00072847266 -0.0545000024 0.0049211788 -0.00642365497 -0.0275000054 0.000575711194 -0.00786415115 -0.0545000061 0.006741188 0.00521601178 -0.0275000017 0.0049211788 -0.00642365497 -0.0275000054 0.00869935565 0.00072847266 -0.0545000024 0.006741188 0.00521601178 -0.0275000017 0.00869935565 0.00072847266 -0.0545000024 -0.000575711369 0.00786415115 -0.0545000061 0.006741188 0.00521601178 -0.0275000017 -0.000575711369 0.00786415115 -0.0545000061 -0.00492117833 0.00642365497 -0.0275000017 -0.0292321015 -0.00108951854 -0.0241148937 0.0164651591 -0.0262305401 -0.0248061568 0.0294515379 -0.0076595908 -0.0256303288 -0.01532776 -0.0274893939 -0.0245025754 0.0164651591 -0.0262305401 -0.0248061568 -0.0292321015 -0.00108951854 -0.0241148937 0.00264277169 0.0314955562 -0.0252058562 -0.0266862027 0.0157127082 -0.025747925 -0.0292321015 -0.00108951854 -0.0241148937 0.0294321049 0.0113659007 -0.0255582705 -0.0292321015 -0.00108951854 -0.0241148937 0.0294515379 -0.0076595908 -0.0256303288 0.0294321049 0.0113659007 -0.0255582705 0.00264277169 0.0314955562 -0.0252058562 -0.0292321015 -0.00108951854 -0.0241148937 0.0156007502 0.0157892518 -0.0241000019 -0.01532776 -0.0274893939 -0.0245025754 -0.0292321015 -0.00108951854 -0.0241148937 0.016391702 0.0254963916 -0.0345771983 0.00252908515 0.0304947346 -0.0395250991 -0.0146382395 0.0268384311 -0.0389929637 0.00319160242 0.00812639575 -0.0481499992 -0.00647992315 0.00520872185 -0.0289000012 -0.00655789208 0.0049076518 -0.0481500067 0.00724349776 0.00615036115 -0.0288999975 -0.00647992315 0.00520872185 -0.0289000012 0.00319160242 0.00812639575 -0.0481499992 0.00813823938 -0.000791594852 -0.0481499992 0.00724349776 0.00615036115 -0.0288999975 0.00319160242 0.00812639575 -0.0481499992 0.00556193711 -0.00548341637 -0.0288999993 0.00724349776 0.00615036115 -0.0288999975 0.00813823938 -0.000791594852 -0.0481499992 0.00503758248 -0.00596873183 -0.0481500067 0.00556193711 -0.00548341637 -0.0288999993 0.00813823938 -0.000791594852 -0.0481499992 -0.00515558664 -0.00774618378 -0.0289000012 0.00556193711 -0.00548341637 -0.0288999993 0.00503758248 -0.00596873183 -0.0481500067 -0.00561259547 -0.00742173893 -0.0481499992 -0.00515558664 -0.00774618378 -0.0289000012 0.00503758248 -0.00596873183 -0.0481500067 -0.00561259547 -0.00742173893 -0.0481499992 -0.00647992315 0.00520872185 -0.0289000012 -0.00515558664 -0.00774618378 -0.0289000012 -0.00561259547 -0.00742173893 -0.0481499992 -0.00655789208 0.0049076518 -0.0481500067 -0.00647992315 0.00520872185 -0.0289000012 -0.00283299573 0.02377492 -0.000789662066 -0.0181954131 0.0154155903 -0.000127480758 0.0140382983 0.0193349421 -0.00019700249 -0.0231042579 -0.00913117267 -0.000207906007 0.0140382983 0.0193349421 -0.00019700249 -0.0181954131 0.0154155903 -0.000127480758 0.00588443642 0.00118050247 -0.000201125687 0.0140382983 0.0193349421 -0.00019700249 -0.0231042579 -0.00913117267 -0.000207906007 -0.00735594472 -0.0232145917 -0.000194611188 0.00588443642 0.00118050247 -0.000201125687 -0.0231042579 -0.00913117267 -0.000207906007 0.0227689464 -0.00865632761 -0.000215610533 0.00588443642 0.00118050247 -0.000201125687 -0.00735594472 -0.0232145917 -0.000194611188 0.0227689464 -0.00865632761 -0.000215610533 0.0140382983 0.0193349421 -0.00019700249 0.00588443642 0.00118050247 -0.000201125687 -0.00551854027 -0.00285327667 -0.0014456514 0.00588443642 0.00118050247 -0.000201125687 0.00400653668 -0.00508144405 -0.0335625969 -0.00551854027 -0.00285327667 -0.0014456514 -0.00735594472 -0.0232145917 -0.000194611188 0.00588443642 0.00118050247 -0.000201125687 -0.00438006874 0.00411148602 -0.0011845181 0.00588443642 0.00118050247 -0.000201125687 -0.00551854027 -0.00285327667 -0.0014456514 -0.000382599537 0.00616742531 -0.00108729175 0.00588443642 0.00118050247 -0.000201125687 -0.00438006874 0.00411148602 -0.0011845181 -0.00596240442 0.000843065791 -0.0603060573 -0.00438006874 0.00411148602 -0.0011845181 -0.00551854027 -0.00285327667 -0.0014456514 -0.00537641766 0.00269344193 -0.0601821803 -0.00438006874 0.00411148602 -0.0011845181 -0.00596240442 0.000843065791 -0.0603060573 -0.00522728311 0.00294542243 -0.00119999936 -0.00438006874 0.00411148602 -0.0011845181 -0.00537641766 0.00269344193 -0.0601821803 0.000537078304 -0.00649991399 -0.0600108653 -0.00551854027 -0.00285327667 -0.0014456514 0.00400653668 -0.00508144405 -0.0335625969 0.00609453022 0.0013910667 -0.0602220483 0.00400653668 -0.00508144405 -0.0335625969 0.00588443642 0.00118050247 -0.000201125687 0.00380838686 0.00471087825 -0.0602071397 0.00609453022 0.0013910667 -0.0602220483 0.00588443642 0.00118050247 -0.000201125687 0.00380838686 0.00471087825 -0.0602071397 0.00588443642 0.00118050247 -0.000201125687 -0.000382599537 0.00616742531 -0.00108729175 0.000537078304 -0.00649991399 -0.0600108653 -0.00596240442 0.000843065791 -0.0603060573 -0.00551854027 -0.00285327667 -0.0014456514 -0.00537641766 0.00269344193 -0.0601821803 -0.000382599537 0.00616742531 -0.00108729175 -0.00438006874 0.00411148602 -0.0011845181 0.00380838686 0.00471087825 -0.0602071397 -0.000382599537 0.00616742531 -0.00108729175 -0.00537641766 0.00269344193 -0.0601821803 0.00427383836 0.0251474939 -0.060899999 -0.00157330232 0.0243552905 -0.060899999 -0.000808331475 0.027660666 -0.0514999963 0.0042402586 0.0253794603 -0.0515000001 0.00427383836 0.0251474939 -0.060899999 -0.000808331475 0.027660666 -0.0514999963 -0.00242348877 0.0177136995 -0.0515000001 -0.000808331475 0.027660666 -0.0514999963 -0.00157330232 0.0243552905 -0.060899999 -0.00242348877 0.0177136995 -0.0515000001 0.00427383836 0.0251474939 -0.060899999 0.0042402586 0.0253794603 -0.0515000001 -0.00242348877 0.0177136995 -0.0515000001 -0.00157330232 0.0243552905 -0.060899999 0.00427383836 0.0251474939 -0.060899999 -0.0230620429 -0.00893120654 -0.0134342797 -0.0129076447 -0.0214060359 -0.0103407372 -0.0213234611 0.0109091867 -0.0102713015 0.0230620429 0.00893120654 -0.0134342788 0.0129076447 0.0214060359 -0.0103407381 0.0213234611 -0.0109091867 -0.0102713024 0.0101826712 0.0241055265 -0.060899999 0.00433553103 0.023313323 -0.060899999 0.00510050124 0.0266186986 -0.0515000038 0.0101490915 0.024337491 -0.0515000001 0.0101826712 0.0241055265 -0.060899999 0.00510050124 0.0266186986 -0.0515000038 0.00348534412 0.0166717321 -0.0514999963 0.00510050124 0.0266186986 -0.0515000038 0.00433553103 0.023313323 -0.060899999 0.00348534412 0.0166717321 -0.0514999963 0.0101826712 0.0241055265 -0.060899999 0.0101490915 0.024337491 -0.0515000001 0.00348534412 0.0166717321 -0.0514999963 0.00433553103 0.023313323 -0.060899999 0.0101826712 0.0241055265 -0.060899999 -0.0157085769 0.00243727188 -0.0594961978 -0.00863755215 -0.0133217406 -0.0608684048 0.0155902281 -0.00559203466 -0.0580001585 0.0157554634 0.0258464385 -0.0555531532 0.0250117779 0.0167570934 -0.0577172451 0.0138148209 0.00610137312 -0.0583388992 -0.022492284 0.0205466188 -0.0579115599 0.0155902281 -0.00559203466 -0.0580001585 -0.0287612081 0.00904154219 -0.0578173362 -0.030365549 -0.00295126042 -0.054430332 -0.0287612081 0.00904154219 -0.0578173362 0.0155902281 -0.00559203466 -0.0580001585 0.0266948845 -0.0150864488 -0.0578447282 0.0124839554 -0.0276009794 -0.0570602641 0.0155902281 -0.00559203466 -0.0580001585 0.0301418807 0.00394808548 -0.0575422049 0.0266948845 -0.0150864488 -0.0578447282 0.0155902281 -0.00559203466 -0.0580001585 0.0301418807 0.00394808548 -0.0575422049 0.0155902281 -0.00559203466 -0.0580001585 0.0138148209 0.00610137312 -0.0583388992 0.0301418807 0.00394808548 -0.0575422049 0.0138148209 0.00610137312 -0.0583388992 0.0250117779 0.0167570934 -0.0577172451 -0.0013426228 -0.0301716942 -0.0567798428 0.0155902281 -0.00559203466 -0.0580001585 0.0124839554 -0.0276009794 -0.0570602641 -0.022492284 0.0205466188 -0.0579115599 -0.0157085769 0.00243727188 -0.0594961978 0.0155902281 -0.00559203466 -0.0580001585 -0.0238492284 -0.0186335333 -0.0577250309 -0.030365549 -0.00295126042 -0.054430332 0.0155902281 -0.00559203466 -0.0580001585 -0.0148224477 -0.0265101977 -0.0578534007 -0.0238492284 -0.0186335333 -0.0577250309 0.0155902281 -0.00559203466 -0.0580001585 -0.0148224477 -0.0265101977 -0.0578534007 0.0155902281 -0.00559203466 -0.0580001585 -0.0013426228 -0.0301716942 -0.0567798428 0.00218139496 0.0305627901 -0.0568048842 -0.022492284 0.0205466188 -0.0579115599 -0.00645002583 0.0298472308 -0.043521408 0.00218139496 0.0305627901 -0.0568048842 -0.0157085769 0.00243727188 -0.0594961978 -0.022492284 0.0205466188 -0.0579115599 0.0138148209 0.00610137312 -0.0583388992 0.0155902281 -0.00559203466 -0.0580001585 -0.00863755215 -0.0133217406 -0.0608684048 0.00628969166 0.0288815703 -0.0428000018 -0.0119857248 0.0263377465 -0.0481444746 -0.00740181189 0.0278320201 -0.0535000004 0.00772143016 0.0285321716 -0.0535000004 0.00628969166 0.0288815703 -0.0428000018 -0.00740181189 0.0278320201 -0.0535000004 0.028262876 0.010972756 -0.0428000018 0.00628969166 0.0288815703 -0.0428000018 0.00772143016 0.0285321716 -0.0535000004 0.0275400672 0.0116637498 -0.0535000004 0.028262876 0.010972756 -0.0428000018 0.00772143016 0.0285321716 -0.0535000004 0.0258881208 -0.0142657096 -0.0535000004 0.028262876 0.010972756 -0.0428000018 0.0275400672 0.0116637498 -0.0535000004 0.0240853988 -0.017134726 -0.0428000018 0.028262876 0.010972756 -0.0428000018 0.0258881208 -0.0142657096 -0.0535000004 0.0119857248 -0.0263377465 -0.0481444672 0.0240853988 -0.017134726 -0.0428000018 0.0258881208 -0.0142657096 -0.0535000004 -0.0062896912 -0.0288815703 -0.0428000018 0.0119857248 -0.0263377465 -0.0481444672 0.00740181189 -0.0278320201 -0.0535000004 -0.00772143016 -0.0285321716 -0.0535000004 -0.0062896912 -0.0288815703 -0.0428000018 0.00740181189 -0.0278320201 -0.0535000004 -0.028262876 -0.010972756 -0.0428000018 -0.0062896912 -0.0288815703 -0.0428000018 -0.00772143016 -0.0285321716 -0.0535000004 -0.0275400672 -0.0116637498 -0.0535000004 -0.028262876 -0.010972756 -0.0428000018 -0.00772143016 -0.0285321716 -0.0535000004 -0.0258881208 0.0142657096 -0.0535000004 -0.028262876 -0.010972756 -0.0428000018 -0.0275400672 -0.0116637498 -0.0535000004 -0.0240853988 0.017134726 -0.0428000055 -0.028262876 -0.010972756 -0.0428000018 -0.0258881208 0.0142657096 -0.0535000004 -0.0240853988 0.017134726 -0.0428000055 -0.0258881208 0.0142657096 -0.0535000004 -0.0119857248 0.0263377465 -0.0481444746 -0.0243780054 0.0214894544 -0.0515000038 0.0101071941 0.0155328466 -0.0515000001 -0.0210031327 -0.0233566929 -0.0515000001 0.0111824749 -0.0196355879 -0.0515000038 -0.0210031327 -0.0233566929 -0.0515000001 0.0101071941 0.0155328466 -0.0515000001 -0.015643796 0.0257236026 -0.0136450352 -0.0207048412 0.0161110517 -0.017646892 -0.00940201804 0.0241550189 -0.0170422439 0.0276280679 0.0123947086 -0.0134981358 0.0250201616 0.00824708678 -0.0198723506 0.0299701057 -0.000803341041 -0.0140021285 0.0161545556 0.020296596 -0.0172070786 0.0250201616 0.00824708678 -0.0198723506 0.0276280679 0.0123947086 -0.0134981358 0.0129024694 0.0272189658 -0.0138114616 0.0276280679 0.0123947086 -0.0134981358 0.022339765 0.0204252824 -0.0198077001 0.0129024694 0.0272189658 -0.0138114616 0.0161545556 0.020296596 -0.0172070786 0.0276280679 0.0123947086 -0.0134981358 0.000433680922 0.0307316594 -0.0141008385 -0.015643796 0.0257236026 -0.0136450352 -0.00940201804 0.0241550189 -0.0170422439 -0.0188476183 -0.0194961801 -0.0184318889 -0.0244641192 -0.0182237625 -0.0146625713 -0.0108534666 -0.028261343 -0.0135988975 -0.0290225577 0.00767399557 -0.0146372626 -0.0248148758 0.0110703465 -0.0142452363 -0.0251462497 0.0163121019 -0.0132926488 -0.0302009825 -0.0021797521 -0.0176479798 -0.0244641192 -0.0182237625 -0.0146625713 -0.0260557514 -0.00278008683 -0.0151930973 -0.0251462497 0.0163121019 -0.0132926488 -0.0207048412 0.0161110517 -0.017646892 -0.015643796 0.0257236026 -0.0136450352 -0.0302009825 -0.0021797521 -0.0176479798 -0.0260557514 -0.00278008683 -0.0151930973 -0.0290225577 0.00767399557 -0.0146372626 -0.0250782315 0.0170548502 -0.0218979418 -0.0290225577 0.00767399557 -0.0146372626 -0.0251462497 0.0163121019 -0.0132926488 -0.0250782315 0.0170548502 -0.0218979418 -0.0251462497 0.0163121019 -0.0132926488 -0.015643796 0.0257236026 -0.0136450352 0.0230284575 -0.0137074171 -0.0192642026 0.0205289181 -0.0226843692 -0.0140144601 0.0285736937 -0.00991349109 -0.0147166923 0.0119300447 -0.0281349402 -0.0135754505 0.0205289181 -0.0226843692 -0.0140144601 0.0230284575 -0.0137074171 -0.0192642026 0.0285736937 -0.00991349109 -0.0147166923 0.0276280679 0.0123947086 -0.0134981358 0.0299701057 -0.000803341041 -0.0140021285 0.0285736937 -0.00991349109 -0.0147166923 0.022339765 0.0204252824 -0.0198077001 0.0276280679 0.0123947086 -0.0134981358 -0.0250782315 0.0170548502 -0.0218979418 -0.015643796 0.0257236026 -0.0136450352 0.000433680922 0.0307316594 -0.0141008385 -0.0250782315 0.0170548502 -0.0218979418 -0.0302009825 -0.0021797521 -0.0176479798 -0.0290225577 0.00767399557 -0.0146372626 0.00522168633 -0.0302653573 -0.0703406185 -0.0223992448 -0.0200166535 -0.0600676686 -0.00594265712 -0.0329391956 -0.0700147897 -0.0198603272 -0.0167973097 -0.079358682 -0.0152266836 -0.0258041788 -0.0714033395 -0.0155425118 -0.0198746026 -0.0719069466 -0.0182982069 0.0181934852 -0.0715779364 -0.0249770954 0.00390841719 -0.0714276657 -0.0182757117 0.0197997391 -0.0793579742 -0.00193574908 0.0256702229 -0.0714800879 -0.0182982069 0.0181934852 -0.0715779364 -0.0182757117 0.0197997391 -0.0793579742 0.00207687402 0.0262743533 -0.0793408975 -0.00193574908 0.0256702229 -0.0714800879 -0.0182757117 0.0197997391 -0.0793579742 0.0139523791 0.0211947188 -0.0715468228 -0.00193574908 0.0256702229 -0.0714800879 0.00207687402 0.0262743533 -0.0793408975 0.0188079514 0.0184982698 -0.0791777372 0.0139523791 0.0211947188 -0.0715468228 0.00207687402 0.0262743533 -0.0793408975 0.0174793582 -0.0197298694 -0.0714540631 0.0256423801 -4.12172049e-05 -0.0723038986 0.0230137054 -0.00959543977 -0.0793238357 0.0181364678 -0.0185198504 -0.0793008357 0.0174793582 -0.0197298694 -0.0714540631 0.0230137054 -0.00959543977 -0.0793238357 0.000397243537 -0.0257404912 -0.0793651268 0.0174793582 -0.0197298694 -0.0714540631 0.0181364678 -0.0185198504 -0.0793008357 -0.00166822819 -0.025828626 -0.0715072602 0.0174793582 -0.0197298694 -0.0714540631 0.000397243537 -0.0257404912 -0.0793651268 -0.00166822819 -0.025828626 -0.0715072602 -0.0198603272 -0.0167973097 -0.079358682 -0.0155425118 -0.0198746026 -0.0719069466 -0.0253242217 -0.00180227251 -0.0716777965 -0.0152266836 -0.0258041788 -0.0714033395 -0.0198603272 -0.0167973097 -0.079358682 -0.0255614538 -0.000613039767 -0.0792943612 -0.0253242217 -0.00180227251 -0.0716777965 -0.0198603272 -0.0167973097 -0.079358682 -0.0235999059 -0.0236420557 -0.0793322921 -0.0229486953 -0.0255636647 -0.079137437 -0.0155425118 -0.0198746026 -0.0719069466 -0.0229486953 -0.0255636647 -0.079137437 -0.0198603272 -0.0167973097 -0.079358682 -0.0155425118 -0.0198746026 -0.0719069466 -0.0234884415 0.0237774849 -0.0725291446 -0.0182982069 0.0181934852 -0.0715779364 -0.0182757117 0.0197997391 -0.0793579742 0.00544012384 0.0298804641 -0.0713947341 0.00207687402 0.0262743533 -0.0793408975 -0.00193574908 0.0256702229 -0.0714800879 0.0216128044 0.0135246487 -0.0716925859 0.0139523791 0.0211947188 -0.0715468228 0.0188079514 0.0184982698 -0.0791777372 0.0327589363 -0.00536845392 -0.0792924091 0.0256423801 -4.12172049e-05 -0.0723038986 0.0328639559 0.00500185974 -0.0695380047 0.0240281541 -0.0242628306 -0.0791312158 0.0174793582 -0.0197298694 -0.0714540631 0.0181364678 -0.0185198504 -0.0793008357 -0.00166822819 -0.025828626 -0.0715072602 -0.00594265712 -0.0329391956 -0.0700147897 0.000397243537 -0.0257404912 -0.0793651268 0.00498970971 -0.032698784 -0.0792935789 0.000397243537 -0.0257404912 -0.0793651268 -0.00594265712 -0.0329391956 -0.0700147897 0.00498970971 -0.032698784 -0.0792935789 -0.00166822819 -0.025828626 -0.0715072602 0.000397243537 -0.0257404912 -0.0793651268 -0.0331904292 0.0025379376 -0.0738118291 -0.0249770954 0.00390841719 -0.0714276657 -0.0253242217 -0.00180227251 -0.0716777965 -0.0331904292 0.0025379376 -0.0738118291 -0.0255614538 -0.000613039767 -0.0792943612 -0.0249770954 0.00390841719 -0.0714276657 -0.0331318639 -0.00257604616 -0.0793295726 -0.0255614538 -0.000613039767 -0.0792943612 -0.0331904292 0.0025379376 -0.0738118291 -0.0331318639 -0.00257604616 -0.0793295726 -0.0253242217 -0.00180227251 -0.0716777965 -0.0255614538 -0.000613039767 -0.0792943612 -0.0331318639 -0.00257604616 -0.0793295726 -0.0331904292 0.0025379376 -0.0738118291 -0.0253242217 -0.00180227251 -0.0716777965 -0.0273570158 0.0127372481 -0.039933715 -0.0251308642 0.0214166362 -0.0317911915 -0.0215483233 0.020969158 -0.0234486982 -0.0222203508 0.0202605873 -0.0407127179 -0.0215483233 0.020969158 -0.0234486982 -0.0273570158 0.0127372481 -0.039933715 -0.0246221554 -0.018035166 -0.0236021094 -0.0223992448 -0.0200166535 -0.0600676686 -0.0271147937 -0.0136322146 -0.0404868238 0.0293545034 -0.00693894457 -0.0402977765 0.0278577302 -0.0121668484 -0.0286638848 0.0299747903 0.00322856172 -0.0364881344 0.0299530271 -0.00321596884 -0.0709787384 0.0293545034 -0.00693894457 -0.0402977765 0.0299747903 0.00322856172 -0.0364881344 0.0226744749 -0.019798629 -0.0404047109 0.0278577302 -0.0121668484 -0.0286638848 0.0293545034 -0.00693894457 -0.0402977765 -0.0260542464 0.0150786079 -0.0713194758 -0.0222203508 0.0202605873 -0.0407127179 -0.0273570158 0.0127372481 -0.039933715 -0.0309046693 0.000313224999 -0.0714016333 -0.0260542464 0.0150786079 -0.0713194758 -0.0308159161 0.0116871893 -0.0694373697 -0.030146528 -0.00255666231 -0.023522567 -0.0246221554 -0.018035166 -0.0236021094 -0.0271147937 -0.0136322146 -0.0404868238 -0.030599203 0.000613048614 -0.0403478406 -0.030146528 -0.00255666231 -0.023522567 -0.0271147937 -0.0136322146 -0.0404868238 -0.0261519216 -0.0149558755 -0.0706652179 -0.0309046693 0.000313224999 -0.0714016333 -0.0308159161 0.0116871893 -0.0694373697 -0.0261519216 -0.0149558755 -0.0706652179 -0.0271147937 -0.0136322146 -0.0404868238 -0.0223992448 -0.0200166535 -0.0600676686 -0.0261519216 -0.0149558755 -0.0706652179 -0.0223992448 -0.0200166535 -0.0600676686 -0.0152266836 -0.0258041788 -0.0714033395 -0.00538052758 -0.0299117099 -0.0401351973 -0.0223992448 -0.0200166535 -0.0600676686 -0.0246221554 -0.018035166 -0.0236021094 0.00624985294 -0.0294386018 -0.0405709483 0.0121927895 -0.0274616946 -0.0714006573 0.00522168633 -0.0302653573 -0.0703406185 -0.0152266836 -0.0258041788 -0.0714033395 -0.0223992448 -0.0200166535 -0.0600676686 0.00522168633 -0.0302653573 -0.0703406185 0.0157341305 -0.0259574912 -0.0379349515 0.0121927895 -0.0274616946 -0.0714006573 0.00624985294 -0.0294386018 -0.0405709483 0.0221341066 -0.0202520303 -0.0234208982 0.0278577302 -0.0121668484 -0.0286638848 0.0226744749 -0.019798629 -0.0404047109 0.0221341066 -0.0202520303 -0.0234208982 0.0226744749 -0.019798629 -0.0404047109 0.0157341305 -0.0259574912 -0.0379349515 0.0299530271 -0.00321596884 -0.0709787384 0.0299747903 0.00322856172 -0.0364881344 0.0328639559 0.00500185974 -0.0695380047 0.027955696 0.0126320748 -0.0713999793 0.0299530271 -0.00321596884 -0.0709787384 0.0328639559 0.00500185974 -0.0695380047 0.00835075881 0.0288305115 -0.0425692387 0.00544012384 0.0298804641 -0.0713947341 0.0122492751 0.027405655 -0.0713829473 0.0233586505 0.0230986793 -0.0235070307 0.00835075881 0.0288305115 -0.0425692387 0.0198045932 0.0225617196 -0.0390071385 0.0148995118 0.0293720439 -0.0693198889 0.027955696 0.0126320748 -0.0713999793 0.0328639559 0.00500185974 -0.0695380047 0.0148995118 0.0293720439 -0.0693198889 0.0122492751 0.027405655 -0.0713829473 0.027955696 0.0126320748 -0.0713999793 -0.0104143731 0.0282092802 -0.0401143543 -0.0215483233 0.020969158 -0.0234486982 -0.0222203508 0.0202605873 -0.0407127179 -0.00562626077 -0.0325664841 -0.0234015472 -0.0246221554 -0.018035166 -0.0236021094 -0.0290985517 -0.0175410472 -0.0234152842 0.0271675289 -0.0191006083 -0.0238626078 0.0221341066 -0.0202520303 -0.0234208982 0.0198550783 -0.0265308898 -0.0237751957 -0.0235999059 -0.0236420557 -0.0793322921 -0.0255614538 -0.000613039767 -0.0792943612 -0.0198603272 -0.0167973097 -0.079358682 -0.0331318639 -0.00257604616 -0.0793295726 -0.0255614538 -0.000613039767 -0.0792943612 -0.0235999059 -0.0236420557 -0.0793322921 -0.0331318639 -0.00257604616 -0.0793295726 -0.0182757117 0.0197997391 -0.0793579742 -0.0255614538 -0.000613039767 -0.0792943612 -0.0282722805 0.0169780739 -0.079398632 -0.0182757117 0.0197997391 -0.0793579742 -0.0331318639 -0.00257604616 -0.0793295726 0.0150971031 -0.0297597554 -0.0793778151 0.000397243537 -0.0257404912 -0.0793651268 0.0181364678 -0.0185198504 -0.0793008357 0.0150971031 -0.0297597554 -0.0793778151 0.00498970971 -0.032698784 -0.0792935789 0.000397243537 -0.0257404912 -0.0793651268 0.00498970971 -0.032698784 -0.0792935789 -0.0198603272 -0.0167973097 -0.079358682 0.000397243537 -0.0257404912 -0.0793651268 0.00498970971 -0.032698784 -0.0792935789 -0.0229486953 -0.0255636647 -0.079137437 -0.0198603272 -0.0167973097 -0.079358682 -0.0235999059 -0.0236420557 -0.0793322921 -0.0198603272 -0.0167973097 -0.079358682 -0.0229486953 -0.0255636647 -0.079137437 -0.010040448 0.031425532 -0.0793991536 -0.0182757117 0.0197997391 -0.0793579742 -0.0282722805 0.0169780739 -0.079398632 -0.010040448 0.031425532 -0.0793991536 0.00207687402 0.0262743533 -0.0793408975 -0.0182757117 0.0197997391 -0.0793579742 0.0112384642 0.0310254265 -0.0794003531 0.00207687402 0.0262743533 -0.0793408975 -0.010040448 0.031425532 -0.0793991536 0.0112384642 0.0310254265 -0.0794003531 0.0188079514 0.0184982698 -0.0791777372 0.00207687402 0.0262743533 -0.0793408975 0.0257421993 0.0227655228 -0.0793933198 0.0188079514 0.0184982698 -0.0791777372 0.0112384642 0.0310254265 -0.0794003531 0.0257421993 0.0227655228 -0.0793933198 0.0230137054 -0.00959543977 -0.0793238357 0.0188079514 0.0184982698 -0.0791777372 0.0257421993 0.0227655228 -0.0793933198 0.0327589363 -0.00536845392 -0.0792924091 0.0230137054 -0.00959543977 -0.0793238357 0.0240281541 -0.0242628306 -0.0791312158 0.0230137054 -0.00959543977 -0.0793238357 0.0327589363 -0.00536845392 -0.0792924091 0.0240281541 -0.0242628306 -0.0791312158 0.0181364678 -0.0185198504 -0.0793008357 0.0230137054 -0.00959543977 -0.0793238357 0.0150971031 -0.0297597554 -0.0793778151 0.0181364678 -0.0185198504 -0.0793008357 0.0240281541 -0.0242628306 -0.0791312158 0.0110725863 -0.0310798585 -0.0233910959 -0.00562626077 -0.0325664841 -0.0234015472 -0.00281084841 -0.0331828445 -0.0390613042 0.0110725863 -0.0310798585 -0.0233910959 -0.00281084841 -0.0331828445 -0.0390613042 0.00498970971 -0.032698784 -0.0792935789 -0.0170394219 -0.0291013811 -0.0398664027 -0.00562626077 -0.0325664841 -0.0234015472 -0.0290985517 -0.0175410472 -0.0234152842 -0.0170394219 -0.0291013811 -0.0398664027 -0.00281084841 -0.0331828445 -0.0390613042 -0.00562626077 -0.0325664841 -0.0234015472 -0.0170394219 -0.0291013811 -0.0398664027 -0.0290985517 -0.0175410472 -0.0234152842 -0.0235999059 -0.0236420557 -0.0793322921 0.026177872 -0.0202452783 -0.0708693638 0.0240281541 -0.0242628306 -0.0791312158 0.0327589363 -0.00536845392 -0.0792924091 0.0330706351 -0.00361206988 -0.0236890204 0.0327589363 -0.00536845392 -0.0792924091 0.0328639559 0.00500185974 -0.0695380047 0.0272776242 -0.0193910748 -0.0402686559 0.0330706351 -0.00361206988 -0.0236890204 0.0271675289 -0.0191006083 -0.0238626078 0.0272776242 -0.0193910748 -0.0402686559 0.0271675289 -0.0191006083 -0.0238626078 0.0198550783 -0.0265308898 -0.0237751957 0.0272776242 -0.0193910748 -0.0402686559 0.0198550783 -0.0265308898 -0.0237751957 0.0110725863 -0.0310798585 -0.0233910959 0.0257421993 0.0227655228 -0.0793933198 0.0112384642 0.0310254265 -0.0794003531 0.0148995118 0.0293720439 -0.0693198889 0.0146219619 0.0295878518 -0.0427080654 0.00537316455 0.032648541 -0.0234151036 0.0290242676 0.0175224785 -0.0402193032 0.0321364589 0.00817551091 -0.0235266648 0.0290242676 0.0175224785 -0.0402193032 0.0233586505 0.0230986793 -0.0235070307 0.0321364589 0.00817551091 -0.0235266648 0.0330706351 -0.00361206988 -0.0236890204 0.0328639559 0.00500185974 -0.0695380047 0.0112384642 0.0310254265 -0.0794003531 0.00207687402 0.0262743533 -0.0793408975 0.00544012384 0.0298804641 -0.0713947341 0.00537316455 0.032648541 -0.0234151036 0.0112384642 0.0310254265 -0.0794003531 0.00544012384 0.0298804641 -0.0713947341 -0.0134351598 0.0303726997 -0.0395379439 -0.0215397738 0.0250617526 -0.023422936 -0.00492928317 0.0328326672 -0.0238508862 -0.0295728575 0.0150264408 -0.0359029546 -0.0282722805 0.0169780739 -0.079398632 -0.0308159161 0.0116871893 -0.0694373697 -0.0298600309 -0.0149506424 -0.0693417192 -0.0331904292 0.0025379376 -0.0738118291 -0.0331318639 -0.00257604616 -0.0793295726 -0.0292247999 -0.0155404126 -0.0379510969 -0.0298600309 -0.0149506424 -0.0693417192 -0.0235999059 -0.0236420557 -0.0793322921 -0.0331551395 -0.00319581246 -0.0316327401 -0.031790033 0.00837233569 -0.02339283 -0.0331785046 0.00253182347 -0.0321612693 -0.0323532969 0.00631046249 -0.0403981358 -0.0331785046 0.00253182347 -0.0321612693 -0.031790033 0.00837233569 -0.02339283 -0.0323532969 0.00631046249 -0.0403981358 -0.031790033 0.00837233569 -0.02339283 -0.0295728575 0.0150264408 -0.0359029546 -0.0295728575 0.0150264408 -0.0359029546 -0.0251308642 0.0214166362 -0.0317911915 -0.0234884415 0.0237774849 -0.0725291446 -0.0295728575 0.0150264408 -0.0359029546 -0.0234884415 0.0237774849 -0.0725291446 -0.0282722805 0.0169780739 -0.079398632 -0.0292247999 -0.0155404126 -0.0379510969 -0.0235999059 -0.0236420557 -0.0793322921 -0.0290985517 -0.0175410472 -0.0234152842 -0.0295728575 0.0150264408 -0.0359029546 -0.0215397738 0.0250617526 -0.023422936 -0.0251308642 0.0214166362 -0.0317911915 0.0110725863 -0.0310798585 -0.0233910959 0.00498970971 -0.032698784 -0.0792935789 0.0150971031 -0.0297597554 -0.0793778151 0.0146219619 0.0295878518 -0.0427080654 0.0148995118 0.0293720439 -0.0693198889 0.0112384642 0.0310254265 -0.0794003531 0.0146219619 0.0295878518 -0.0427080654 0.0112384642 0.0310254265 -0.0794003531 0.00537316455 0.032648541 -0.0234151036 -0.0298600309 -0.0149506424 -0.0693417192 -0.0261519216 -0.0149558755 -0.0706652179 -0.0308159161 0.0116871893 -0.0694373697 0.0263647381 0.0152669633 -0.0399723314 0.0321364589 0.00817551091 -0.0235266648 0.0290242676 0.0175224785 -0.0402193032 0.0290242676 0.0175224785 -0.0402193032 0.00537316455 0.032648541 -0.0234151036 0.0233586505 0.0230986793 -0.0235070307 -0.010040448 0.031425532 -0.0793991536 0.00544012384 0.0298804641 -0.0713947341 0.00207687402 0.0262743533 -0.0793408975 -0.0282722805 0.0169780739 -0.079398632 -0.0182757117 0.0197997391 -0.0793579742 -0.0234884415 0.0237774849 -0.0725291446 -0.0323532969 0.00631046249 -0.0403981358 -0.0273570158 0.0127372481 -0.039933715 -0.030599203 0.000613048614 -0.0403478406 -0.0298600309 -0.0149506424 -0.0693417192 -0.0271147937 -0.0136322146 -0.0404868238 -0.0261519216 -0.0149558755 -0.0706652179 -0.0295728575 0.0150264408 -0.0359029546 -0.0260542464 0.0150786079 -0.0713194758 -0.0273570158 0.0127372481 -0.039933715 -0.0134351598 0.0303726997 -0.0395379439 -0.0104143731 0.0282092802 -0.0401143543 -0.0222203508 0.0202605873 -0.0407127179 0.0263647381 0.0152669633 -0.0399723314 0.0198045932 0.0225617196 -0.0390071385 0.0290242676 0.0175224785 -0.0402193032 0.0272776242 -0.0193910748 -0.0402686559 0.0226744749 -0.019798629 -0.0404047109 0.0293545034 -0.00693894457 -0.0402977765 0.0272776242 -0.0193910748 -0.0402686559 0.0157341305 -0.0259574912 -0.0379349515 0.0226744749 -0.019798629 -0.0404047109 -0.0170394219 -0.0291013811 -0.0398664027 -0.0223992448 -0.0200166535 -0.0600676686 -0.00538052758 -0.0299117099 -0.0401351973 -0.00281084841 -0.0331828445 -0.0390613042 -0.00538052758 -0.0299117099 -0.0401351973 0.00624985294 -0.0294386018 -0.0405709483 0.00624985294 -0.0294386018 -0.0405709483 0.00522168633 -0.0302653573 -0.0703406185 0.00498970971 -0.032698784 -0.0792935789 -0.0130652236 0.0303236917 -0.0702946782 -0.0234884415 0.0237774849 -0.0725291446 -0.0260542464 0.0150786079 -0.0713194758 -0.0260542464 0.0150786079 -0.0713194758 -0.0234884415 0.0237774849 -0.0725291446 -0.0222203508 0.0202605873 -0.0407127179 0.0148995118 0.0293720439 -0.0693198889 0.00835075881 0.0288305115 -0.0425692387 0.0122492751 0.027405655 -0.0713829473 0.0146219619 0.0295878518 -0.0427080654 0.00835075881 0.0288305115 -0.0425692387 0.0148995118 0.0293720439 -0.0693198889 0.0146219619 0.0295878518 -0.0427080654 0.0198045932 0.0225617196 -0.0390071385 0.00835075881 0.0288305115 -0.0425692387 0.0146219619 0.0295878518 -0.0427080654 0.0290242676 0.0175224785 -0.0402193032 0.0198045932 0.0225617196 -0.0390071385 0.0263647381 0.0152669633 -0.0399723314 0.0321364589 0.00817551091 -0.0235266648 0.0299747903 0.00322856172 -0.0364881344 0.0299530271 -0.00321596884 -0.0709787384 0.0327589363 -0.00536845392 -0.0792924091 0.0293545034 -0.00693894457 -0.0402977765 0.0150971031 -0.0297597554 -0.0793778151 0.0121927895 -0.0274616946 -0.0714006573 0.0157341305 -0.0259574912 -0.0379349515 -0.0292247999 -0.0155404126 -0.0379510969 -0.0271147937 -0.0136322146 -0.0404868238 -0.0298600309 -0.0149506424 -0.0693417192 -3.39695944e-05 0.0303184129 -0.040063981 -0.00492928317 0.0328326672 -0.0238508862 0.00835075881 0.0288305115 -0.0425692387 0.00537316455 0.032648541 -0.0234151036 0.00544012384 0.0298804641 -0.0713947341 0.00835075881 0.0288305115 -0.0425692387 -0.0235999059 -0.0236420557 -0.0793322921 -0.00594265712 -0.0329391956 -0.0700147897 -0.0223992448 -0.0200166535 -0.0600676686 0.00498970971 -0.032698784 -0.0792935789 0.00522168633 -0.0302653573 -0.0703406185 -0.00594265712 -0.0329391956 -0.0700147897 0.026177872 -0.0202452783 -0.0708693638 0.0121927895 -0.0274616946 -0.0714006573 0.0150971031 -0.0297597554 -0.0793778151 0.026177872 -0.0202452783 -0.0708693638 0.0327589363 -0.00536845392 -0.0792924091 0.0299530271 -0.00321596884 -0.0709787384 -0.00166822819 -0.025828626 -0.0715072602 -0.0155425118 -0.0198746026 -0.0719069466 -0.0152266836 -0.0258041788 -0.0714033395 -0.00166822819 -0.025828626 -0.0715072602 -0.0152266836 -0.0258041788 -0.0714033395 0.00522168633 -0.0302653573 -0.0703406185 -0.00166822819 -0.025828626 -0.0715072602 0.00522168633 -0.0302653573 -0.0703406185 0.0174793582 -0.0197298694 -0.0714540631 0.0121927895 -0.0274616946 -0.0714006573 0.0174793582 -0.0197298694 -0.0714540631 0.00522168633 -0.0302653573 -0.0703406185 0.026177872 -0.0202452783 -0.0708693638 0.0174793582 -0.0197298694 -0.0714540631 0.0121927895 -0.0274616946 -0.0714006573 0.026177872 -0.0202452783 -0.0708693638 0.0256423801 -4.12172049e-05 -0.0723038986 0.0174793582 -0.0197298694 -0.0714540631 0.026177872 -0.0202452783 -0.0708693638 0.0299530271 -0.00321596884 -0.0709787384 0.0256423801 -4.12172049e-05 -0.0723038986 0.027955696 0.0126320748 -0.0713999793 0.0256423801 -4.12172049e-05 -0.0723038986 0.0299530271 -0.00321596884 -0.0709787384 0.027955696 0.0126320748 -0.0713999793 0.0216128044 0.0135246487 -0.0716925859 0.0256423801 -4.12172049e-05 -0.0723038986 0.027955696 0.0126320748 -0.0713999793 0.0139523791 0.0211947188 -0.0715468228 0.0216128044 0.0135246487 -0.0716925859 0.0122492751 0.027405655 -0.0713829473 0.0139523791 0.0211947188 -0.0715468228 0.027955696 0.0126320748 -0.0713999793 0.0122492751 0.027405655 -0.0713829473 0.00544012384 0.0298804641 -0.0713947341 0.0139523791 0.0211947188 -0.0715468228 0.00544012384 0.0298804641 -0.0713947341 -0.00193574908 0.0256702229 -0.0714800879 0.0139523791 0.0211947188 -0.0715468228 -0.0130652236 0.0303236917 -0.0702946782 -0.00193574908 0.0256702229 -0.0714800879 0.00544012384 0.0298804641 -0.0713947341 -0.0130652236 0.0303236917 -0.0702946782 -0.0182982069 0.0181934852 -0.0715779364 -0.00193574908 0.0256702229 -0.0714800879 -0.0130652236 0.0303236917 -0.0702946782 -0.0260542464 0.0150786079 -0.0713194758 -0.0182982069 0.0181934852 -0.0715779364 -0.0260542464 0.0150786079 -0.0713194758 -0.0249770954 0.00390841719 -0.0714276657 -0.0182982069 0.0181934852 -0.0715779364 -0.0309046693 0.000313224999 -0.0714016333 -0.0249770954 0.00390841719 -0.0714276657 -0.0260542464 0.0150786079 -0.0713194758 -0.0309046693 0.000313224999 -0.0714016333 -0.0253242217 -0.00180227251 -0.0716777965 -0.0249770954 0.00390841719 -0.0714276657 -0.0309046693 0.000313224999 -0.0714016333 -0.0152266836 -0.0258041788 -0.0714033395 -0.0253242217 -0.00180227251 -0.0716777965 -0.0261519216 -0.0149558755 -0.0706652179 -0.0152266836 -0.0258041788 -0.0714033395 -0.0309046693 0.000313224999 -0.0714016333 0.00498970971 -0.032698784 -0.0792935789 -0.00594265712 -0.0329391956 -0.0700147897 -0.00166822819 -0.025828626 -0.0715072602 -0.0130652236 0.0303236917 -0.0702946782 0.00544012384 0.0298804641 -0.0713947341 -0.010040448 0.031425532 -0.0793991536 -0.0235999059 -0.0236420557 -0.0793322921 -0.0229486953 -0.0255636647 -0.079137437 -0.00594265712 -0.0329391956 -0.0700147897 -0.010040448 0.031425532 -0.0793991536 -0.0282722805 0.0169780739 -0.079398632 -0.0234884415 0.0237774849 -0.0725291446 0.00498970971 -0.032698784 -0.0792935789 -0.00594265712 -0.0329391956 -0.0700147897 -0.0229486953 -0.0255636647 -0.079137437 -0.0298600309 -0.0149506424 -0.0693417192 -0.0331318639 -0.00257604616 -0.0793295726 -0.0235999059 -0.0236420557 -0.0793322921 -0.0308159161 0.0116871893 -0.0694373697 -0.0331318639 -0.00257604616 -0.0793295726 -0.0331904292 0.0025379376 -0.0738118291 -0.0282722805 0.0169780739 -0.079398632 -0.0331318639 -0.00257604616 -0.0793295726 -0.0308159161 0.0116871893 -0.0694373697 -0.0130652236 0.0303236917 -0.0702946782 -0.010040448 0.031425532 -0.0793991536 -0.0234884415 0.0237774849 -0.0725291446 0.0257421993 0.0227655228 -0.0793933198 0.0328639559 0.00500185974 -0.0695380047 0.0327589363 -0.00536845392 -0.0792924091 -0.031790033 0.00837233569 -0.02339283 -0.0215397738 0.0250617526 -0.023422936 -0.0295728575 0.0150264408 -0.0359029546 -0.00492928317 0.0328326672 -0.0238508862 -0.0215397738 0.0250617526 -0.023422936 -0.0215483233 0.020969158 -0.0234486982 -0.0290985517 -0.0175410472 -0.0234152842 -0.0246221554 -0.018035166 -0.0236021094 -0.030146528 -0.00255666231 -0.023522567 -0.0331551395 -0.00319581246 -0.0316327401 -0.0290985517 -0.0175410472 -0.0234152842 -0.030146528 -0.00255666231 -0.023522567 -0.0331551395 -0.00319581246 -0.0316327401 -0.030146528 -0.00255666231 -0.023522567 -0.031790033 0.00837233569 -0.02339283 -0.0295728575 0.0150264408 -0.0359029546 -0.0308159161 0.0116871893 -0.0694373697 -0.0260542464 0.0150786079 -0.0713194758 -0.0292247999 -0.0155404126 -0.0379510969 -0.0290985517 -0.0175410472 -0.0234152842 -0.0271147937 -0.0136322146 -0.0404868238 -0.0323532969 0.00631046249 -0.0403981358 -0.0331551395 -0.00319581246 -0.0316327401 -0.0331785046 0.00253182347 -0.0321612693 -0.0323532969 0.00631046249 -0.0403981358 -0.030599203 0.000613048614 -0.0403478406 -0.0331551395 -0.00319581246 -0.0316327401 -0.0331551395 -0.00319581246 -0.0316327401 -0.030599203 0.000613048614 -0.0403478406 -0.0271147937 -0.0136322146 -0.0404868238 -0.0331551395 -0.00319581246 -0.0316327401 -0.0271147937 -0.0136322146 -0.0404868238 -0.0290985517 -0.0175410472 -0.0234152842 -0.0323532969 0.00631046249 -0.0403981358 -0.0295728575 0.0150264408 -0.0359029546 -0.0273570158 0.0127372481 -0.039933715 -0.0222203508 0.0202605873 -0.0407127179 -0.0234884415 0.0237774849 -0.0725291446 -0.0251308642 0.0214166362 -0.0317911915 -0.0215397738 0.0250617526 -0.023422936 -0.0222203508 0.0202605873 -0.0407127179 -0.0251308642 0.0214166362 -0.0317911915 -3.39695944e-05 0.0303184129 -0.040063981 -0.0104143731 0.0282092802 -0.0401143543 -0.00492928317 0.0328326672 -0.0238508862 -0.0134351598 0.0303726997 -0.0395379439 -0.00492928317 0.0328326672 -0.0238508862 -0.0104143731 0.0282092802 -0.0401143543 -0.0134351598 0.0303726997 -0.0395379439 -0.0222203508 0.0202605873 -0.0407127179 -0.0215397738 0.0250617526 -0.023422936 -0.00492928317 0.0328326672 -0.0238508862 0.00537316455 0.032648541 -0.0234151036 0.00835075881 0.0288305115 -0.0425692387 0.0257421993 0.0227655228 -0.0793933198 0.0148995118 0.0293720439 -0.0693198889 0.0328639559 0.00500185974 -0.0695380047 0.0321364589 0.00817551091 -0.0235266648 0.0328639559 0.00500185974 -0.0695380047 0.0299747903 0.00322856172 -0.0364881344 0.026177872 -0.0202452783 -0.0708693638 0.0150971031 -0.0297597554 -0.0793778151 0.0240281541 -0.0242628306 -0.0791312158 0.0330706351 -0.00361206988 -0.0236890204 0.0293545034 -0.00693894457 -0.0402977765 0.0327589363 -0.00536845392 -0.0792924091 0.0272776242 -0.0193910748 -0.0402686559 0.0293545034 -0.00693894457 -0.0402977765 0.0330706351 -0.00361206988 -0.0236890204 0.0110725863 -0.0310798585 -0.0233910959 0.0150971031 -0.0297597554 -0.0793778151 0.0157341305 -0.0259574912 -0.0379349515 0.0272776242 -0.0193910748 -0.0402686559 0.0110725863 -0.0310798585 -0.0233910959 0.0157341305 -0.0259574912 -0.0379349515 -0.00281084841 -0.0331828445 -0.0390613042 0.00624985294 -0.0294386018 -0.0405709483 0.00498970971 -0.032698784 -0.0792935789 -0.0170394219 -0.0291013811 -0.0398664027 -0.00538052758 -0.0299117099 -0.0401351973 -0.00281084841 -0.0331828445 -0.0390613042 -0.0170394219 -0.0291013811 -0.0398664027 -0.0235999059 -0.0236420557 -0.0793322921 -0.0223992448 -0.0200166535 -0.0600676686 0.0263647381 0.0152669633 -0.0399723314 0.0321364589 0.00817551091 -0.0235266648 0.0233586505 0.0230986793 -0.0235070307 0.0263647381 0.0152669633 -0.0399723314 0.0233586505 0.0230986793 -0.0235070307 0.0198045932 0.0225617196 -0.0390071385 0.00537316455 0.032648541 -0.0234151036 0.00835075881 0.0288305115 -0.0425692387 0.0233586505 0.0230986793 -0.0235070307 -3.39695944e-05 0.0303184129 -0.040063981 0.00835075881 0.0288305115 -0.0425692387 0.00537316455 0.032648541 -0.0234151036 -3.39695944e-05 0.0303184129 -0.040063981 0.00537316455 0.032648541 -0.0234151036 -0.00492928317 0.0328326672 -0.0238508862 -0.00492928317 0.0328326672 -0.0238508862 -0.0215483233 0.020969158 -0.0234486982 -0.0104143731 0.0282092802 -0.0401143543 -0.0215397738 0.0250617526 -0.023422936 -0.0273570158 0.0127372481 -0.039933715 -0.0215483233 0.020969158 -0.0234486982 -0.031790033 0.00837233569 -0.02339283 -0.0273570158 0.0127372481 -0.039933715 -0.0215397738 0.0250617526 -0.023422936 -0.031790033 0.00837233569 -0.02339283 -0.030599203 0.000613048614 -0.0403478406 -0.0273570158 0.0127372481 -0.039933715 -0.031790033 0.00837233569 -0.02339283 -0.030146528 -0.00255666231 -0.023522567 -0.030599203 0.000613048614 -0.0403478406 -0.00562626077 -0.0325664841 -0.0234015472 -0.00538052758 -0.0299117099 -0.0401351973 -0.0246221554 -0.018035166 -0.0236021094 0.0110725863 -0.0310798585 -0.0233910959 -0.00538052758 -0.0299117099 -0.0401351973 -0.00562626077 -0.0325664841 -0.0234015472 0.0110725863 -0.0310798585 -0.0233910959 0.00624985294 -0.0294386018 -0.0405709483 -0.00538052758 -0.0299117099 -0.0401351973 0.0110725863 -0.0310798585 -0.0233910959 0.0198550783 -0.0265308898 -0.0237751957 0.00624985294 -0.0294386018 -0.0405709483 0.0198550783 -0.0265308898 -0.0237751957 0.0157341305 -0.0259574912 -0.0379349515 0.00624985294 -0.0294386018 -0.0405709483 0.0198550783 -0.0265308898 -0.0237751957 0.0221341066 -0.0202520303 -0.0234208982 0.0157341305 -0.0259574912 -0.0379349515 0.0271675289 -0.0191006083 -0.0238626078 0.0278577302 -0.0121668484 -0.0286638848 0.0221341066 -0.0202520303 -0.0234208982 0.0330706351 -0.00361206988 -0.0236890204 0.0278577302 -0.0121668484 -0.0286638848 0.0271675289 -0.0191006083 -0.0238626078 0.0321364589 0.00817551091 -0.0235266648 0.0278577302 -0.0121668484 -0.0286638848 0.0330706351 -0.00361206988 -0.0236890204 0.0321364589 0.00817551091 -0.0235266648 0.0299747903 0.00322856172 -0.0364881344 0.0278577302 -0.0121668484 -0.0286638848 0.0216128044 0.0135246487 -0.0716925859 0.0188079514 0.0184982698 -0.0791777372 0.0230137054 -0.00959543977 -0.0793238357 0.0216128044 0.0135246487 -0.0716925859 0.0230137054 -0.00959543977 -0.0793238357 0.0256423801 -4.12172049e-05 -0.0723038986 -0.00166822819 -0.025828626 -0.0715072602 0.000397243537 -0.0257404912 -0.0793651268 -0.0198603272 -0.0167973097 -0.079358682 -0.0255614538 -0.000613039767 -0.0792943612 -0.0182757117 0.0197997391 -0.0793579742 -0.0249770954 0.00390841719 -0.0714276657 </float_array>
          <technique_common>
            <accessor count="2874" offset="0" source="#mesh_0-positions-array" stride="3">
              <param name="X" type="float" />
              <param name="Y" type="float" />
              <param name="Z" type="float" />
            </accessor>
          </technique_common>
        </source>
        <vertices id="mesh_0-vertices">
          <input semantic="POSITION" source="#mesh_0-positions" />
        </vertices>
        <polylist count="958" material="defaultMaterial">
          <input offset="0" semantic="VERTEX" source="#mesh_0-vertices" />
          <vcount>3 3 3 3 3 3 3 3 3 3 3 3 3 3 3 3 3 3 3 3 3 3 3 3 3 3 3 3 3 3 3 3 3 3 3 3 3 3 3 3 3 3 3 3 3 3 3 3 3 3 3 3 3 3 3 3 3 3 3 3 3 3 3 3 3 3 3 3 3 3 3 3 3 3 3 3 3 3 3 3 3 3 3 3 3 3 3 3 3 3 3 3 3 3 3 3 3 3 3 3 3 3 3 3 3 3 3 3 3 3 3 3 3 3 3 3 3 3 3 3 3 3 3 3 3 3 3 3 3 3 3 3 3 3 3 3 3 3 3 3 3 3 3 3 3 3 3 3 3 3 3 3 3 3 3 3 3 3 3 3 3 3 3 3 3 3 3 3 3 3 3 3 3 3 3 3 3 3 3 3 3 3 3 3 3 3 3 3 3 3 3 3 3 3 3 3 3 3 3 3 3 3 3 3 3 3 3 3 3 3 3 3 3 3 3 3 3 3 3 3 3 3 3 3 3 3 3 3 3 3 3 3 3 3 3 3 3 3 3 3 3 3 3 3 3 3 3 3 3 3 3 3 3 3 3 3 3 3 3 3 3 3 3 3 3 3 3 3 3 3 3 3 3 3 3 3 3 3 3 3 3 3 3 3 3 3 3 3 3 3 3 3 3 3 3 3 3 3 3 3 3 3 3 3 3 3 3 3 3 3 3 3 3 3 3 3 3 3 3 3 3 3 3 3 3 3 3 3 3 3 3 3 3 3 3 3 3 3 3 3 3 3 3 3 3 3 3 3 3 3 3 3 3 3 3 3 3 3 3 3 3 3 3 3 3 3 3 3 3 3 3 3 3 3 3 3 3 3 3 3 3 3 3 3 3 3 3 3 3 3 3 3 3 3 3 3 3 3 3 3 3 3 3 3 3 3 3 3 3 3 3 3 3 3 3 3 3 3 3 3 3 3 3 3 3 3 3 3 3 3 3 3 3 3 3 3 3 3 3 3 3 3 3 3 3 3 3 3 3 3 3 3 3 3 3 3 3 3 3 3 3 3 3 3 3 3 3 3 3 3 3 3 3 3 3 3 3 3 3 3 3 3 3 3 3 3 3 3 3 3 3 3 3 3 3 3 3 3 3 3 3 3 3 3 3 3 3 3 3 3 3 3 3 3 3 3 3 3 3 3 3 3 3 3 3 3 3 3 3 3 3 3 3 3 3 3 3 3 3 3 3 3 3 3 3 3 3 3 3 3 3 3 3 3 3 3 3 3 3 3 3 3 3 3 3 3 3 3 3 3 3 3 3 3 3 3 3 3 3 3 3 3 3 3 3 3 3 3 3 3 3 3 3 3 3 3 3 3 3 3 3 3 3 3 3 3 3 3 3 3 3 3 3 3 3 3 3 3 3 3 3 3 3 3 3 3 3 3 3 3 3 3 3 3 3 3 3 3 3 3 3 3 3 3 3 3 3 3 3 3 3 3 3 3 3 3 3 3 3 3 3 3 3 3 3 3 3 3 3 3 3 3 3 3 3 3 3 3 3 3 3 3 3 3 3 3 3 3 3 3 3 3 3 3 3 3 3 3 3 3 3 3 3 3 3 3 3 3 3 3 3 3 3 3 3 3 3 3 3 3 3 3 3 3 3 3 3 3 3 3 3 3 3 3 3 3 3 3 3 3 3 3 3 3 3 3 3 3 3 3 3 3 3 3 3 3 3 3 3 3 3 3 3 3 3 3 3 3 3 3 3 3 3 3 3 3 3 3 3 3 3 3 3 3 3 3 3 3 3 3 3 3 3 3 3 3 3 3 3 3 3 3 3 3 3 3 3 3 3 3 3 3 3 3 3 3 3 3 3 3 3 3 3 3 3 3 3 3 3 3 3 3 3 3 3 3 3 3 3 3 3 3 3 3 3 3 3 3 3 3 3 3 3 3 3 3 3 3 3 3 3 3 3 3 3 3 3 3 3 3 3 3 3 3 3 3 3 3 3 3 3 3 3 3 3 3 3 3 3 3 3 3 3 3 3 3 3 3 3 3 3 3 3 3 3 3 3 3 3 3 3 3 3 3 3 3 3 3 3 3 3 3 3 3 3 3 3 3 3 3 3 3 3 3 3 3 3 3 3 3 3 3 3 3 3 3 3 3 3 3 3 3 3 3 3 3 3 3 </vcount>
          <p>0 1 2 3 4 5 6 7 8 9 10 11 12 13 14 15 16 17 18 19 20 21 22 23 24 25 26 27 28 29 30 31 32 33 34 35 36 37 38 39 40 41 42 43 44 45 46 47 48 49 50 51 52 53 54 55 56 57 58 59 60 61 62 63 64 65 66 67 68 69 70 71 72 73 74 75 76 77 78 79 80 81 82 83 84 85 86 87 88 89 90 91 92 93 94 95 96 97 98 99 100 101 102 103 104 105 106 107 108 109 110 111 112 113 114 115 116 117 118 119 120 121 122 123 124 125 126 127 128 129 130 131 132 133 134 135 136 137 138 139 140 141 142 143 144 145 146 147 148 149 150 151 152 153 154 155 156 157 158 159 160 161 162 163 164 165 166 167 168 169 170 171 172 173 174 175 176 177 178 179 180 181 182 183 184 185 186 187 188 189 190 191 192 193 194 195 196 197 198 199 200 201 202 203 204 205 206 207 208 209 210 211 212 213 214 215 216 217 218 219 220 221 222 223 224 225 226 227 228 229 230 231 232 233 234 235 236 237 238 239 240 241 242 243 244 245 246 247 248 249 250 251 252 253 254 255 256 257 258 259 260 261 262 263 264 265 266 267 268 269 270 271 272 273 274 275 276 277 278 279 280 281 282 283 284 285 286 287 288 289 290 291 292 293 294 295 296 297 298 299 300 301 302 303 304 305 306 307 308 309 310 311 312 313 314 315 316 317 318 319 320 321 322 323 324 325 326 327 328 329 330 331 332 333 334 335 336 337 338 339 340 341 342 343 344 345 346 347 348 349 350 351 352 353 354 355 356 357 358 359 360 361 362 363 364 365 366 367 368 369 370 371 372 373 374 375 376 377 378 379 380 381 382 383 384 385 386 387 388 389 390 391 392 393 394 395 396 397 398 399 400 401 402 403 404 405 406 407 408 409 410 411 412 413 414 415 416 417 418 419 420 421 422 423 424 425 426 427 428 429 430 431 432 433 434 435 436 437 438 439 440 441 442 443 444 445 446 447 448 449 450 451 452 453 454 455 456 457 458 459 460 461 462 463 464 465 466 467 468 469 470 471 472 473 474 475 476 477 478 479 480 481 482 483 484 485 486 487 488 489 490 491 492 493 494 495 496 497 498 499 500 501 502 503 504 505 506 507 508 509 510 511 512 513 514 515 516 517 518 519 520 521 522 523 524 525 526 527 528 529 530 531 532 533 534 535 536 537 538 539 540 541 542 543 544 545 546 547 548 549 550 551 552 553 554 555 556 557 558 559 560 561 562 563 564 565 566 567 568 569 570 571 572 573 574 575 576 577 578 579 580 581 582 583 584 585 586 587 588 589 590 591 592 593 594 595 596 597 598 599 600 601 602 603 604 605 606 607 608 609 610 611 612 613 614 615 616 617 618 619 620 621 622 623 624 625 626 627 628 629 630 631 632 633 634 635 636 637 638 639 640 641 642 643 644 645 646 647 648 649 650 651 652 653 654 655 656 657 658 659 660 661 662 663 664 665 666 667 668 669 670 671 672 673 674 675 676 677 678 679 680 681 682 683 684 685 686 687 688 689 690 691 692 693 694 695 696 697 698 699 700 701 702 703 704 705 706 707 708 709 710 711 712 713 714 715 716 717 718 719 720 721 722 723 724 725 726 727 728 729 730 731 732 733 734 735 736 737 738 739 740 741 742 743 744 745 746 747 748 749 750 751 752 753 754 755 756 757 758 759 760 761 762 763 764 765 766 767 768 769 770 771 772 773 774 775 776 777 778 779 780 781 782 783 784 785 786 787 788 789 790 791 792 793 794 795 796 797 798 799 800 801 802 803 804 805 806 807 808 809 810 811 812 813 814 815 816 817 818 819 820 821 822 823 824 825 826 827 828 829 830 831 832 833 834 835 836 837 838 839 840 841 842 843 844 845 846 847 848 849 850 851 852 853 854 855 856 857 858 859 860 861 862 863 864 865 866 867 868 869 870 871 872 873 874 875 876 877 878 879 880 881 882 883 884 885 886 887 888 889 890 891 892 893 894 895 896 897 898 899 900 901 902 903 904 905 906 907 908 909 910 911 912 913 914 915 916 917 918 919 920 921 922 923 924 925 926 927 928 929 930 931 932 933 934 935 936 937 938 939 940 941 942 943 944 945 946 947 948 949 950 951 952 953 954 955 956 957 958 959 960 961 962 963 964 965 966 967 968 969 970 971 972 973 974 975 976 977 978 979 980 981 982 983 984 985 986 987 988 989 990 991 992 993 994 995 996 997 998 999 1000 1001 1002 1003 1004 1005 1006 1007 1008 1009 1010 1011 1012 1013 1014 1015 1016 1017 1018 1019 1020 1021 1022 1023 1024 1025 1026 1027 1028 1029 1030 1031 1032 1033 1034 1035 1036 1037 1038 1039 1040 1041 1042 1043 1044 1045 1046 1047 1048 1049 1050 1051 1052 1053 1054 1055 1056 1057 1058 1059 1060 1061 1062 1063 1064 1065 1066 1067 1068 1069 1070 1071 1072 1073 1074 1075 1076 1077 1078 1079 1080 1081 1082 1083 1084 1085 1086 1087 1088 1089 1090 1091 1092 1093 1094 1095 1096 1097 1098 1099 1100 1101 1102 1103 1104 1105 1106 1107 1108 1109 1110 1111 1112 1113 1114 1115 1116 1117 1118 1119 1120 1121 1122 1123 1124 1125 1126 1127 1128 1129 1130 1131 1132 1133 1134 1135 1136 1137 1138 1139 1140 1141 1142 1143 1144 1145 1146 1147 1148 1149 1150 1151 1152 1153 1154 1155 1156 1157 1158 1159 1160 1161 1162 1163 1164 1165 1166 1167 1168 1169 1170 1171 1172 1173 1174 1175 1176 1177 1178 1179 1180 1181 1182 1183 1184 1185 1186 1187 1188 1189 1190 1191 1192 1193 1194 1195 1196 1197 1198 1199 1200 1201 1202 1203 1204 1205 1206 1207 1208 1209 1210 1211 1212 1213 1214 1215 1216 1217 1218 1219 1220 1221 1222 1223 1224 1225 1226 1227 1228 1229 1230 1231 1232 1233 1234 1235 1236 1237 1238 1239 1240 1241 1242 1243 1244 1245 1246 1247 1248 1249 1250 1251 1252 1253 1254 1255 1256 1257 1258 1259 1260 1261 1262 1263 1264 1265 1266 1267 1268 1269 1270 1271 1272 1273 1274 1275 1276 1277 1278 1279 1280 1281 1282 1283 1284 1285 1286 1287 1288 1289 1290 1291 1292 1293 1294 1295 1296 1297 1298 1299 1300 1301 1302 1303 1304 1305 1306 1307 1308 1309 1310 1311 1312 1313 1314 1315 1316 1317 1318 1319 1320 1321 1322 1323 1324 1325 1326 1327 1328 1329 1330 1331 1332 1333 1334 1335 1336 1337 1338 1339 1340 1341 1342 1343 1344 1345 1346 1347 1348 1349 1350 1351 1352 1353 1354 1355 1356 1357 1358 1359 1360 1361 1362 1363 1364 1365 1366 1367 1368 1369 1370 1371 1372 1373 1374 1375 1376 1377 1378 1379 1380 1381 1382 1383 1384 1385 1386 1387 1388 1389 1390 1391 1392 1393 1394 1395 1396 1397 1398 1399 1400 1401 1402 1403 1404 1405 1406 1407 1408 1409 1410 1411 1412 1413 1414 1415 1416 1417 1418 1419 1420 1421 1422 1423 1424 1425 1426 1427 1428 1429 1430 1431 1432 1433 1434 1435 1436 1437 1438 1439 1440 1441 1442 1443 1444 1445 1446 1447 1448 1449 1450 1451 1452 1453 1454 1455 1456 1457 1458 1459 1460 1461 1462 1463 1464 1465 1466 1467 1468 1469 1470 1471 1472 1473 1474 1475 1476 1477 1478 1479 1480 1481 1482 1483 1484 1485 1486 1487 1488 1489 1490 1491 1492 1493 1494 1495 1496 1497 1498 1499 1500 1501 1502 1503 1504 1505 1506 1507 1508 1509 1510 1511 1512 1513 1514 1515 1516 1517 1518 1519 1520 1521 1522 1523 1524 1525 1526 1527 1528 1529 1530 1531 1532 1533 1534 1535 1536 1537 1538 1539 1540 1541 1542 1543 1544 1545 1546 1547 1548 1549 1550 1551 1552 1553 1554 1555 1556 1557 1558 1559 1560 1561 1562 1563 1564 1565 1566 1567 1568 1569 1570 1571 1572 1573 1574 1575 1576 1577 1578 1579 1580 1581 1582 1583 1584 1585 1586 1587 1588 1589 1590 1591 1592 1593 1594 1595 1596 1597 1598 1599 1600 1601 1602 1603 1604 1605 1606 1607 1608 1609 1610 1611 1612 1613 1614 1615 1616 1617 1618 1619 1620 1621 1622 1623 1624 1625 1626 1627 1628 1629 1630 1631 1632 1633 1634 1635 1636 1637 1638 1639 1640 1641 1642 1643 1644 1645 1646 1647 1648 1649 1650 1651 1652 1653 1654 1655 1656 1657 1658 1659 1660 1661 1662 1663 1664 1665 1666 1667 1668 1669 1670 1671 1672 1673 1674 1675 1676 1677 1678 1679 1680 1681 1682 1683 1684 1685 1686 1687 1688 1689 1690 1691 1692 1693 1694 1695 1696 1697 1698 1699 1700 1701 1702 1703 1704 1705 1706 1707 1708 1709 1710 1711 1712 1713 1714 1715 1716 1717 1718 1719 1720 1721 1722 1723 1724 1725 1726 1727 1728 1729 1730 1731 1732 1733 1734 1735 1736 1737 1738 1739 1740 1741 1742 1743 1744 1745 1746 1747 1748 1749 1750 1751 1752 1753 1754 1755 1756 1757 1758 1759 1760 1761 1762 1763 1764 1765 1766 1767 1768 1769 1770 1771 1772 1773 1774 1775 1776 1777 1778 1779 1780 1781 1782 1783 1784 1785 1786 1787 1788 1789 1790 1791 1792 1793 1794 1795 1796 1797 1798 1799 1800 1801 1802 1803 1804 1805 1806 1807 1808 1809 1810 1811 1812 1813 1814 1815 1816 1817 1818 1819 1820 1821 1822 1823 1824 1825 1826 1827 1828 1829 1830 1831 1832 1833 1834 1835 1836 1837 1838 1839 1840 1841 1842 1843 1844 1845 1846 1847 1848 1849 1850 1851 1852 1853 1854 1855 1856 1857 1858 1859 1860 1861 1862 1863 1864 1865 1866 1867 1868 1869 1870 1871 1872 1873 1874 1875 1876 1877 1878 1879 1880 1881 1882 1883 1884 1885 1886 1887 1888 1889 1890 1891 1892 1893 1894 1895 1896 1897 1898 1899 1900 1901 1902 1903 1904 1905 1906 1907 1908 1909 1910 1911 1912 1913 1914 1915 1916 1917 1918 1919 1920 1921 1922 1923 1924 1925 1926 1927 1928 1929 1930 1931 1932 1933 1934 1935 1936 1937 1938 1939 1940 1941 1942 1943 1944 1945 1946 1947 1948 1949 1950 1951 1952 1953 1954 1955 1956 1957 1958 1959 1960 1961 1962 1963 1964 1965 1966 1967 1968 1969 1970 1971 1972 1973 1974 1975 1976 1977 1978 1979 1980 1981 1982 1983 1984 1985 1986 1987 1988 1989 1990 1991 1992 1993 1994 1995 1996 1997 1998 1999 2000 2001 2002 2003 2004 2005 2006 2007 2008 2009 2010 2011 2012 2013 2014 2015 2016 2017 2018 2019 2020 2021 2022 2023 2024 2025 2026 2027 2028 2029 2030 2031 2032 2033 2034 2035 2036 2037 2038 2039 2040 2041 2042 2043 2044 2045 2046 2047 2048 2049 2050 2051 2052 2053 2054 2055 2056 2057 2058 2059 2060 2061 2062 2063 2064 2065 2066 2067 2068 2069 2070 2071 2072 2073 2074 2075 2076 2077 2078 2079 2080 2081 2082 2083 2084 2085 2086 2087 2088 2089 2090 2091 2092 2093 2094 2095 2096 2097 2098 2099 2100 2101 2102 2103 2104 2105 2106 2107 2108 2109 2110 2111 2112 2113 2114 2115 2116 2117 2118 2119 2120 2121 2122 2123 2124 2125 2126 2127 2128 2129 2130 2131 2132 2133 2134 2135 2136 2137 2138 2139 2140 2141 2142 2143 2144 2145 2146 2147 2148 2149 2150 2151 2152 2153 2154 2155 2156 2157 2158 2159 2160 2161 2162 2163 2164 2165 2166 2167 2168 2169 2170 2171 2172 2173 2174 2175 2176 2177 2178 2179 2180 2181 2182 2183 2184 2185 2186 2187 2188 2189 2190 2191 2192 2193 2194 2195 2196 2197 2198 2199 2200 2201 2202 2203 2204 2205 2206 2207 2208 2209 2210 2211 2212 2213 2214 2215 2216 2217 2218 2219 2220 2221 2222 2223 2224 2225 2226 2227 2228 2229 2230 2231 2232 2233 2234 2235 2236 2237 2238 2239 2240 2241 2242 2243 2244 2245 2246 2247 2248 2249 2250 2251 2252 2253 2254 2255 2256 2257 2258 2259 2260 2261 2262 2263 2264 2265 2266 2267 2268 2269 2270 2271 2272 2273 2274 2275 2276 2277 2278 2279 2280 2281 2282 2283 2284 2285 2286 2287 2288 2289 2290 2291 2292 2293 2294 2295 2296 2297 2298 2299 2300 2301 2302 2303 2304 2305 2306 2307 2308 2309 2310 2311 2312 2313 2314 2315 2316 2317 2318 2319 2320 2321 2322 2323 2324 2325 2326 2327 2328 2329 2330 2331 2332 2333 2334 2335 2336 2337 2338 2339 2340 2341 2342 2343 2344 2345 2346 2347 2348 2349 2350 2351 2352 2353 2354 2355 2356 2357 2358 2359 2360 2361 2362 2363 2364 2365 2366 2367 2368 2369 2370 2371 2372 2373 2374 2375 2376 2377 2378 2379 2380 2381 2382 2383 2384 2385 2386 2387 2388 2389 2390 2391 2392 2393 2394 2395 2396 2397 2398 2399 2400 2401 2402 2403 2404 2405 2406 2407 2408 2409 2410 2411 2412 2413 2414 2415 2416 2417 2418 2419 2420 2421 2422 2423 2424 2425 2426 2427 2428 2429 2430 2431 2432 2433 2434 2435 2436 2437 2438 2439 2440 2441 2442 2443 2444 2445 2446 2447 2448 2449 2450 2451 2452 2453 2454 2455 2456 2457 2458 2459 2460 2461 2462 2463 2464 2465 2466 2467 2468 2469 2470 2471 2472 2473 2474 2475 2476 2477 2478 2479 2480 2481 2482 2483 2484 2485 2486 2487 2488 2489 2490 2491 2492 2493 2494 2495 2496 2497 2498 2499 2500 2501 2502 2503 2504 2505 2506 2507 2508 2509 2510 2511 2512 2513 2514 2515 2516 2517 2518 2519 2520 2521 2522 2523 2524 2525 2526 2527 2528 2529 2530 2531 2532 2533 2534 2535 2536 2537 2538 2539 2540 2541 2542 2543 2544 2545 2546 2547 2548 2549 2550 2551 2552 2553 2554 2555 2556 2557 2558 2559 2560 2561 2562 2563 2564 2565 2566 2567 2568 2569 2570 2571 2572 2573 2574 2575 2576 2577 2578 2579 2580 2581 2582 2583 2584 2585 2586 2587 2588 2589 2590 2591 2592 2593 2594 2595 2596 2597 2598 2599 2600 2601 2602 2603 2604 2605 2606 2607 2608 2609 2610 2611 2612 2613 2614 2615 2616 2617 2618 2619 2620 2621 2622 2623 2624 2625 2626 2627 2628 2629 2630 2631 2632 2633 2634 2635 2636 2637 2638 2639 2640 2641 2642 2643 2644 2645 2646 2647 2648 2649 2650 2651 2652 2653 2654 2655 2656 2657 2658 2659 2660 2661 2662 2663 2664 2665 2666 2667 2668 2669 2670 2671 2672 2673 2674 2675 2676 2677 2678 2679 2680 2681 2682 2683 2684 2685 2686 2687 2688 2689 2690 2691 2692 2693 2694 2695 2696 2697 2698 2699 2700 2701 2702 2703 2704 2705 2706 2707 2708 2709 2710 2711 2712 2713 2714 2715 2716 2717 2718 2719 2720 2721 2722 2723 2724 2725 2726 2727 2728 2729 2730 2731 2732 2733 2734 2735 2736 2737 2738 2739 2740 2741 2742 2743 2744 2745 2746 2747 2748 2749 2750 2751 2752 2753 2754 2755 2756 2757 2758 2759 2760 2761 2762 2763 2764 2765 2766 2767 2768 2769 2770 2771 2772 2773 2774 2775 2776 2777 2778 2779 2780 2781 2782 2783 2784 2785 2786 2787 2788 2789 2790 2791 2792 2793 2794 2795 2796 2797 2798 2799 2800 2801 2802 2803 2804 2805 2806 2807 2808 2809 2810 2811 2812 2813 2814 2815 2816 2817 2818 2819 2820 2821 2822 2823 2824 2825 2826 2827 2828 2829 2830 2831 2832 2833 2834 2835 2836 2837 2838 2839 2840 2841 2842 2843 2844 2845 2846 2847 2848 2849 2850 2851 2852 2853 2854 2855 2856 2857 2858 2859 2860 2861 2862 2863 2864 2865 2866 2867 2868 2869 2870 2871 2872 2873 </p>
        </polylist>
      </mesh>
    </geometry>
  </library_geometries>
  <library_controllers>
  </library_controllers>
  <library_visual_scenes>
    <visual_scene id="Scene" name="Scene">
      <node id="node" name="" type="NODE">
        <matrix sid="matrix">1 0 0 0 0 1 0 0 0 0 1 0 0 0 0 1</matrix>
        <instance_geometry url="#mesh_0">
          <bind_material>
            <technique_common>
              <instance_material symbol="defaultMaterial" target="#material_0">
              </instance_material>
            </technique_common>
          </bind_material>
        </instance_geometry>
      </node>
    </visual_scene>
  </library_visual_scenes>
  <scene>
    <instance_visual_scene url="#Scene" />
  </scene>
</COLLADA>
