<?xml version="1.0" encoding="UTF-8" standalone="no" ?>
<COLLADA xmlns="http://www.collada.org/2005/11/COLLADASchema" version="1.4.1">
  <asset>
    <contributor>
      <author>Assimp</author>
      <authoring_tool>Assimp Exporter</authoring_tool>
    </contributor>
    <created>2025-12-08T10:04:59</created>
    <modified>2025-12-08T10:04:59</modified>
    <unit name="meter" meter="1" />
    <up_axis>Y_UP</up_axis>
  </asset>
  <library_images>
  </library_images>
  <library_effects>
    <effect id="material_0-fx" name="">
      <profile_COMMON>
        <technique sid="standard">
          <phong>
            <emission>
              <color sid="emission">0   0   0   4.53488209e-41</color>
            </emission>
            <ambient>
              <color sid="ambient">0.498039246   0.498039246   0.498039246   -0.0229492188</color>
            </ambient>
            <diffuse>
              <color sid="diffuse">0.498039246   0.498039246   0.498039246   -0.0229492188</color>
            </diffuse>
            <specular>
              <color sid="specular">0.498039246   0.498039246   0.498039246   2.55843558e-11</color>
            </specular>
          </phong>
        </technique>
      </profile_COMMON>
    </effect>
  </library_effects>
  <library_materials>
    <material id="material_0" name="">
      <instance_effect url="#material_0-fx"/>
    </material>
  </library_materials>
  <library_geometries>
    <geometry id="mesh_0" name="" >
      <mesh>
        <source id="mesh_0-positions" name="mesh_0-positions">
          <float_array id="mesh_0-positions-array" count="8532"> -0.0188077092 -0.00855889264 0.028784804 -0.0181917716 -0.0082179755 0.0215978846 -0.0197523963 -0.0130636394 0.0186575092 -0.0186539311 -0.0182498917 0.0238918383 -0.0188077092 -0.00855889264 0.028784804 -0.0197523963 -0.0130636394 0.0186575092 -0.018801 0.0248542782 0.0171661843 -0.0190187525 0.0301045626 0.00319700385 -0.0189195462 0.0215533022 0.0092867529 -0.0189595371 -0.0241698697 0.00519441068 -0.0186919365 -0.0215897504 0.0121224076 -0.0297514852 -0.0222971216 0.00581193529 -0.0171360485 -0.0266446415 0.0142447762 -0.0186919365 -0.0215897504 0.0121224076 -0.0189595371 -0.0241698697 0.00519441068 -0.0171360485 -0.0266446415 0.0142447762 -0.0186539311 -0.0182498917 0.0238918383 -0.0186919365 -0.0215897504 0.0121224076 -0.0188404638 -0.0230054744 -0.00190079899 -0.0189595371 -0.0241698697 0.00519441068 -0.0297514852 -0.0222971216 0.00581193529 -0.0218303353 -0.0122898035 -0.019679334 -0.0187260862 -0.00948962197 -0.0221994072 -0.0137461452 -0.0178322922 -0.0213664863 -0.0189921279 -0.0300478414 0.00172856683 -0.0171360485 -0.0266446415 0.0142447762 -0.0189595371 -0.0241698697 0.00519441068 -0.0187642034 -0.0283790976 -0.010346069 -0.0189921279 -0.0300478414 0.00172856683 -0.0188404638 -0.0230054744 -0.00190079899 -0.0189984981 -0.0176989958 -0.0248663649 -0.0187642034 -0.0283790976 -0.010346069 -0.0189682934 -0.0179217868 -0.0143268565 -0.0189984981 -0.0176989958 -0.0248663649 -0.0189682934 -0.0179217868 -0.0143268565 -0.0137461452 -0.0178322922 -0.0213664863 -0.0187559426 -0.022376582 -0.00581745058 -0.0189682934 -0.0179217868 -0.0143268565 -0.0187642034 -0.0283790976 -0.010346069 -0.0188843645 0.00940825418 0.0215827245 -0.0131603479 0.0168699957 0.0250404198 -0.018801 0.0248542782 0.0171661843 -0.0189984981 -0.0176989958 -0.0248663649 -0.0137461452 -0.0178322922 -0.0213664863 -0.0187260862 -0.00948962197 -0.0221994072 -0.0190081839 0.00203536055 0.0234509856 -0.0131603479 0.0168699957 0.0250404198 -0.0188843645 0.00940825418 0.0215827245 -0.0188545603 0.00889345072 0.0268258341 -0.0190081839 0.00203536055 0.0234509856 -0.0188843645 0.00940825418 0.0215827245 -0.030105019 0.0121355522 0.0192131847 -0.0188843645 0.00940825418 0.0215827245 -0.0132027213 0.0151935499 0.0178909954 -0.0197285116 0.00413901405 -0.0231077615 -0.0189561453 0.0112730935 -0.0285901576 -0.0189407449 -0.00208904059 -0.0298573896 -0.0189991221 0.0204973109 -0.0220390148 -0.0189561453 0.0112730935 -0.0285901576 -0.0144142862 0.0126558784 -0.018855907 -0.0189442392 0.0213614106 -0.00934671983 -0.0189991221 0.0204973109 -0.0220390148 -0.0204494391 0.0177122448 -0.0142159155 -0.0144142862 0.0126558784 -0.018855907 -0.0189561453 0.0112730935 -0.0285901576 -0.0197285116 0.00413901405 -0.0231077615 -0.0224520303 0.0246416219 -0.00233279751 -0.0189195462 0.0215533022 0.0092867529 -0.0190187525 0.0301045626 0.00319700385 -0.0224520303 0.0246416219 -0.00233279751 -0.0190187525 0.0301045626 0.00319700385 -0.0189442392 0.0213614106 -0.00934671983 -0.0189442392 0.0213614106 -0.00934671983 -0.0190187525 0.0301045626 0.00319700385 -0.0189991221 0.0204973109 -0.0220390148 5.70154953e-06 -0.0243999474 -0.0154346116 1.53669043e-05 -0.00908773951 -0.0276762024 6.21593572e-05 0.0217941515 -0.020511562 0.00144527119 -0.0294113904 0.00593146356 5.70154953e-06 -0.0243999474 -0.0154346116 -0.000101407502 -0.0227969605 -4.24408281e-05 0.0043718731 -0.0292489678 -0.00994909089 5.70154953e-06 -0.0243999474 -0.0154346116 0.00144527119 -0.0294113904 0.00593146356 0.00113100919 0.0300426297 0.000923506916 0.000548011623 0.0285611842 0.00877178833 2.82142014e-06 0.0128356293 0.0261081029 0.00113100919 0.0300426297 0.000923506916 2.82142014e-06 0.0128356293 0.0261081029 6.21593572e-05 0.0217941515 -0.020511562 0.00125226588 0.00791427121 -0.0286762584 6.21593572e-05 0.0217941515 -0.020511562 1.53669043e-05 -0.00908773951 -0.0276762024 -0.00071082724 0.0173453558 -0.0224671848 -0.0144142862 0.0126558784 -0.018855907 6.21593572e-05 0.0217941515 -0.020511562 2.82142014e-06 0.0128356293 0.0261081029 6.21593572e-05 0.0217941515 -0.020511562 -0.0144142862 0.0126558784 -0.018855907 -0.000117997188 0.0236382261 0.00539515913 -0.000455782079 0.0272112004 0.00788388867 0.000548011623 0.0285611842 0.00877178833 -0.000117997188 0.0236382261 0.00539515913 0.000548011623 0.0285611842 0.00877178833 2.82142014e-06 0.0128356293 0.0261081029 0.000121208504 -0.0227841251 0.0195893459 2.82142014e-06 0.0128356293 0.0261081029 0.00150526408 -0.00886014011 0.0288128611 -0.000101133992 -0.0198512152 0.0176195335 0.000121208504 -0.0227841251 0.0195893459 0.00144527119 -0.0294113904 0.00593146356 0.000121208504 -0.0227841251 0.0195893459 0.00144527119 -0.0294113904 0.00593146356 5.70154953e-06 -0.0243999474 -0.0154346116 -0.000307594921 -0.0204086192 -0.012024927 5.70154953e-06 -0.0243999474 -0.0154346116 6.21593572e-05 0.0217941515 -0.020511562 -0.000280402775 -0.00882578455 0.0160355493 2.82142014e-06 0.0128356293 0.0261081029 0.000121208504 -0.0227841251 0.0195893459 -0.000158575334 -0.017532602 -0.00257208408 0.000121208504 -0.0227841251 0.0195893459 5.70154953e-06 -0.0243999474 -0.0154346116 -0.000158575334 -0.017532602 -0.00257208408 -0.000280402775 -0.00882578455 0.0160355493 0.000121208504 -0.0227841251 0.0195893459 -0.000158575334 -0.017532602 -0.00257208408 5.70154953e-06 -0.0243999474 -0.0154346116 6.21593572e-05 0.0217941515 -0.020511562 -0.000195613757 0.000966928317 -0.0201943275 -0.000158575334 -0.017532602 -0.00257208408 6.21593572e-05 0.0217941515 -0.020511562 -0.000195613757 0.000966928317 -0.0201943275 6.21593572e-05 0.0217941515 -0.020511562 2.82142014e-06 0.0128356293 0.0261081029 -0.000292773213 0.016440047 -0.00658591138 2.82142014e-06 0.0128356293 0.0261081029 -0.000102815386 0.0127161564 0.0130921137 -0.000292773213 0.016440047 -0.00658591138 -0.000195613757 0.000966928317 -0.0201943275 2.82142014e-06 0.0128356293 0.0261081029 -0.000102815386 0.0127161564 0.0130921137 2.82142014e-06 0.0128356293 0.0261081029 -0.000280402775 -0.00882578455 0.0160355493 -0.0187018029 0.00196764828 0.0298970286 -0.0188077092 -0.00855889264 0.028784804 0.00150526408 -0.00886014011 0.0288128611 0.00150526408 -0.00886014011 0.0288128611 -0.0188077092 -0.00855889264 0.028784804 -0.0186539311 -0.0182498917 0.0238918383 0.000121208504 -0.0227841251 0.0195893459 -0.0186539311 -0.0182498917 0.0238918383 -0.0171360485 -0.0266446415 0.0142447762 0.00144527119 -0.0294113904 0.00593146356 -0.0171360485 -0.0266446415 0.0142447762 -0.0189921279 -0.0300478414 0.00172856683 0.0043718731 -0.0292489678 -0.00994909089 0.00144527119 -0.0294113904 0.00593146356 -0.0189921279 -0.0300478414 0.00172856683 0.0043718731 -0.0292489678 -0.00994909089 -0.0189921279 -0.0300478414 0.00172856683 -0.0187642034 -0.0283790976 -0.010346069 0.0043718731 -0.0292489678 -0.00994909089 -0.0187642034 -0.0283790976 -0.010346069 -0.0189984981 -0.0176989958 -0.0248663649 0.00501979329 -0.0185099337 -0.023955632 0.0043718731 -0.0292489678 -0.00994909089 -0.0189984981 -0.0176989958 -0.0248663649 0.00498503307 -0.00447636284 -0.0299408939 0.00501979329 -0.0185099337 -0.023955632 -0.0189984981 -0.0176989958 -0.0248663649 0.00498503307 -0.00447636284 -0.0299408939 -0.0189984981 -0.0176989958 -0.0248663649 -0.0189407449 -0.00208904059 -0.0298573896 0.00498503307 -0.00447636284 -0.0299408939 -0.0189407449 -0.00208904059 -0.0298573896 -0.0189561453 0.0112730935 -0.0285901576 0.00498503307 -0.00447636284 -0.0299408939 -0.0189561453 0.0112730935 -0.0285901576 0.00125226588 0.00791427121 -0.0286762584 0.0040874714 0.0145357912 -0.0265629757 0.00125226588 0.00791427121 -0.0286762584 -0.0189561453 0.0112730935 -0.0285901576 0.0040874714 0.0145357912 -0.0265629757 -0.0189991221 0.0204973109 -0.0220390148 6.21593572e-05 0.0217941515 -0.020511562 0.00302148028 0.0281032976 -0.0112910792 6.21593572e-05 0.0217941515 -0.020511562 -0.0189991221 0.0204973109 -0.0220390148 0.00302148028 0.0281032976 -0.0112910792 -0.0190187525 0.0301045626 0.00319700385 0.00113100919 0.0300426297 0.000923506916 0.00113100919 0.0300426297 0.000923506916 -0.0190187525 0.0301045626 0.00319700385 0.000548011623 0.0285611842 0.00877178833 0.000548011623 0.0285611842 0.00877178833 -0.0190187525 0.0301045626 0.00319700385 -0.018801 0.0248542782 0.0171661843 -0.0233280435 0.0177818649 0.00191919459 -0.0224520303 0.0246416219 -0.00233279751 -0.000292773213 0.016440047 -0.00658591138 -0.0267530568 0.0132901398 -0.0119419452 -0.000292773213 0.016440047 -0.00658591138 -0.0224520303 0.0246416219 -0.00233279751 -0.0267530568 0.0132901398 -0.0119419452 -0.0224520303 0.0246416219 -0.00233279751 -0.0233280435 0.0177818649 0.00191919459 -0.0244956389 0.0123121794 0.0126922708 -0.000102815386 0.0127161564 0.0130921137 -0.030105019 0.0121355522 0.0192131847 -0.015697293 0.00389871537 -0.0173432007 -0.000195613757 0.000966928317 -0.0201943275 -0.0267530568 0.0132901398 -0.0119419452 -0.0233280435 0.0177818649 0.00191919459 -0.000102815386 0.0127161564 0.0130921137 -0.030105019 0.0121355522 0.0192131847 -0.0272682328 -0.00355563033 -0.0171989258 -0.0259681456 -0.0129366005 -0.012468542 -0.000195613757 0.000966928317 -0.0201943275 0.00462090038 0.0116955526 0.0279010143 0.000548011623 0.0285611842 0.00877178833 -0.0131603479 0.0168699957 0.0250404198 0.00462090038 0.0116955526 0.0279010143 2.82142014e-06 0.0128356293 0.0261081029 0.000548011623 0.0285611842 0.00877178833 -0.0300161578 -0.00757493079 -0.0217940789 -0.0300269835 -0.0213517807 -0.00884546433 -0.0297514852 -0.0222971216 0.00581193529 -0.0300056469 0.0217529219 -0.00801277813 -0.030105019 0.0121355522 0.0192131847 -0.0293726549 0.0203917772 0.0117109558 -0.0300269835 -0.0213517807 -0.00884546433 -0.0187559426 -0.022376582 -0.00581745058 -0.0188404638 -0.0230054744 -0.00190079899 -0.0300161578 -0.00757493079 -0.0217940789 -0.0197285116 0.00413901405 -0.0231077615 -0.0187260862 -0.00948962197 -0.0221994072 -0.0298556127 0.010379401 -0.0204123706 -0.0204494391 0.0177122448 -0.0142159155 -0.0144142862 0.0126558784 -0.018855907 -0.0298556127 0.010379401 -0.0204123706 -0.0144142862 0.0126558784 -0.018855907 -0.0197285116 0.00413901405 -0.0231077615 -0.0300056469 0.0217529219 -0.00801277813 -0.0189442392 0.0213614106 -0.00934671983 -0.0204494391 0.0177122448 -0.0142159155 -0.0300056469 0.0217529219 -0.00801277813 -0.0224520303 0.0246416219 -0.00233279751 -0.0189442392 0.0213614106 -0.00934671983 -0.0293726549 0.0203917772 0.0117109558 -0.0189195462 0.0215533022 0.0092867529 -0.0224520303 0.0246416219 -0.00233279751 -0.030011341 -0.00293310918 0.0239012931 -0.0190081839 0.00203536055 0.0234509856 -0.0188843645 0.00940825418 0.0215827245 -0.030011341 -0.00293310918 0.0239012931 -0.0188843645 0.00940825418 0.0215827245 -0.030105019 0.0121355522 0.0192131847 -0.030011341 -0.00293310918 0.0239012931 -0.0181917716 -0.0082179755 0.0215978846 -0.0190081839 0.00203536055 0.0234509856 -0.030011341 -0.00293310918 0.0239012931 -0.0197523963 -0.0130636394 0.0186575092 -0.0181917716 -0.0082179755 0.0215978846 -0.0299033485 -0.0177704357 0.0155659551 -0.0197523963 -0.0130636394 0.0186575092 -0.030011341 -0.00293310918 0.0239012931 -0.0299033485 -0.0177704357 0.0155659551 -0.0297514852 -0.0222971216 0.00581193529 -0.0186919365 -0.0215897504 0.0121224076 -0.0300269835 -0.0213517807 -0.00884546433 -0.0188404638 -0.0230054744 -0.00190079899 -0.0297514852 -0.0222971216 0.00581193529 -0.0300269835 -0.0213517807 -0.00884546433 -0.0189682934 -0.0179217868 -0.0143268565 -0.0187559426 -0.022376582 -0.00581745058 -0.0300269835 -0.0213517807 -0.00884546433 -0.0218303353 -0.0122898035 -0.019679334 -0.0189682934 -0.0179217868 -0.0143268565 -0.0300161578 -0.00757493079 -0.0217940789 -0.0187260862 -0.00948962197 -0.0221994072 -0.0218303353 -0.0122898035 -0.019679334 0.0040874714 0.0145357912 -0.0265629757 6.21593572e-05 0.0217941515 -0.020511562 0.00125226588 0.00791427121 -0.0286762584 0.00302148028 0.0281032976 -0.0112910792 0.00113100919 0.0300426297 0.000923506916 6.21593572e-05 0.0217941515 -0.020511562 0.00462090038 0.0116955526 0.0279010143 0.00150526408 -0.00886014011 0.0288128611 2.82142014e-06 0.0128356293 0.0261081029 0.000121208504 -0.0227841251 0.0195893459 -0.0171360485 -0.0266446415 0.0142447762 0.00144527119 -0.0294113904 0.00593146356 0.00501979329 -0.0185099337 -0.023955632 5.70154953e-06 -0.0243999474 -0.0154346116 0.0043718731 -0.0292489678 -0.00994909089 0.00501979329 -0.0185099337 -0.023955632 1.53669043e-05 -0.00908773951 -0.0276762024 5.70154953e-06 -0.0243999474 -0.0154346116 0.00498503307 -0.00447636284 -0.0299408939 1.53669043e-05 -0.00908773951 -0.0276762024 0.00501979329 -0.0185099337 -0.023955632 0.00498503307 -0.00447636284 -0.0299408939 0.00125226588 0.00791427121 -0.0286762584 1.53669043e-05 -0.00908773951 -0.0276762024 0.00462090038 0.0116955526 0.0279010143 -0.0187018029 0.00196764828 0.0298970286 0.00150526408 -0.00886014011 0.0288128611 0.000548011623 0.0285611842 0.00877178833 -0.018801 0.0248542782 0.0171661843 -0.0131603479 0.0168699957 0.0250404198 0.000121208504 -0.0227841251 0.0195893459 0.00150526408 -0.00886014011 0.0288128611 -0.0186539311 -0.0182498917 0.0238918383 -0.00210518367 -0.0255907718 0.0102010267 0.00144527119 -0.0294113904 0.00593146356 -0.000101133992 -0.0198512152 0.0176195335 -0.0197285116 0.00413901405 -0.0231077615 -0.0189407449 -0.00208904059 -0.0298573896 -0.0187260862 -0.00948962197 -0.0221994072 -0.00240861019 -0.00588268181 -0.0262501035 -0.0187260862 -0.00948962197 -0.0221994072 -0.0189407449 -0.00208904059 -0.0298573896 -0.00240861019 -0.00588268181 -0.0262501035 -0.0189407449 -0.00208904059 -0.0298573896 -0.0189984981 -0.0176989958 -0.0248663649 -0.00240861019 -0.00588268181 -0.0262501035 -0.0189984981 -0.0176989958 -0.0248663649 -0.0187260862 -0.00948962197 -0.0221994072 -0.00622438267 0.0233518872 -0.00518941879 -0.00149130786 0.0265717581 -0.00922060199 -0.0189442392 0.0213614106 -0.00934671983 -0.000117997188 0.0236382261 0.00539515913 -0.0189195462 0.0215533022 0.0092867529 -0.000455782079 0.0272112004 0.00788388867 2.82142014e-06 0.0128356293 0.0261081029 -0.0188545603 0.00889345072 0.0268258341 -0.0188843645 0.00940825418 0.0215827245 -0.000235055471 0.00502292672 0.0241730344 2.82142014e-06 0.0128356293 0.0261081029 -0.0188843645 0.00940825418 0.0215827245 -0.000235055471 0.00502292672 0.0241730344 -0.0188545603 0.00889345072 0.0268258341 2.82142014e-06 0.0128356293 0.0261081029 -0.00580000086 0.00179126591 0.0268950313 -0.000552344194 -0.00270810258 0.0245778132 -0.0187018029 0.00196764828 0.0298970286 -0.00580000086 0.00179126591 0.0268950313 -0.0190081839 0.00203536055 0.0234509856 -0.000552344194 -0.00270810258 0.0245778132 0.00150526408 -0.00886014011 0.0288128611 -0.0181917716 -0.0082179755 0.0215978846 -0.0188077092 -0.00855889264 0.028784804 -0.0299033485 -0.0177704357 0.0155659551 -0.0186919365 -0.0215897504 0.0121224076 -0.000101133992 -0.0198512152 0.0176195335 -0.00543502672 -0.0217028093 0.00893478561 -0.0189595371 -0.0241698697 0.00519441068 -0.00210518367 -0.0255907718 0.0102010267 -0.00608364958 -0.0266191419 0.00661149388 -0.00210518367 -0.0255907718 0.0102010267 -0.0189595371 -0.0241698697 0.00519441068 -0.00543502672 -0.0217028093 0.00893478561 -0.0297514852 -0.0222971216 0.00581193529 -0.0189595371 -0.0241698697 0.00519441068 -0.00719320681 -0.0279561393 0.00141819462 -0.000101407502 -0.0227969605 -4.24408281e-05 -0.0188404638 -0.0230054744 -0.00190079899 -0.00585211022 -0.022493409 -0.0100199562 -0.00130256847 -0.0272067133 -0.00787951052 -0.0187559426 -0.022376582 -0.00581745058 -0.00743957097 -0.0221130569 -0.0175568238 -0.000307594921 -0.0204086192 -0.012024927 -0.0189682934 -0.0179217868 -0.0143268565 -0.00216706283 0.00536498846 -0.0253448896 -0.0197285116 0.00413901405 -0.0231077615 -0.0189561453 0.0112730935 -0.0285901576 -0.00216706283 0.00536498846 -0.0253448896 -0.0189561453 0.0112730935 -0.0285901576 0.00125226588 0.00791427121 -0.0286762584 -0.00269562495 0.00184464664 -0.0245052371 -0.0197285116 0.00413901405 -0.0231077615 -0.0189407449 -0.00208904059 -0.0298573896 -0.00134537055 0.0235188622 -0.0157629326 -0.0204494391 0.0177122448 -0.0142159155 -0.0189991221 0.0204973109 -0.0220390148 -0.0204494391 0.0177122448 -0.0142159155 -0.0189991221 0.0204973109 -0.0220390148 -0.0144142862 0.0126558784 -0.018855907 -0.00185952638 0.0200483818 0.0177559853 -0.0293726549 0.0203917772 0.0117109558 -0.018801 0.0248542782 0.0171661843 -0.0293726549 0.0203917772 0.0117109558 -0.018801 0.0248542782 0.0171661843 -0.0189195462 0.0215533022 0.0092867529 -0.0293726549 0.0203917772 0.0117109558 -0.030105019 0.0121355522 0.0192131847 -0.0132027213 0.0151935499 0.0178909954 -0.000829580065 0.0149892019 0.0235844646 -0.0132027213 0.0151935499 0.0178909954 -0.0188843645 0.00940825418 0.0215827245 -0.000829580065 0.0149892019 0.0235844646 -0.0188843645 0.00940825418 0.0215827245 -0.018801 0.0248542782 0.0171661843 -0.000829580065 0.0149892019 0.0235844646 -0.018801 0.0248542782 0.0171661843 -0.0132027213 0.0151935499 0.0178909954 -0.0293726549 0.0203917772 0.0117109558 -0.0132027213 0.0151935499 0.0178909954 -0.018801 0.0248542782 0.0171661843 -0.000235055471 0.00502292672 0.0241730344 -0.0188843645 0.00940825418 0.0215827245 -0.0190081839 0.00203536055 0.0234509856 -0.000235055471 0.00502292672 0.0241730344 -0.0190081839 0.00203536055 0.0234509856 -0.0188545603 0.00889345072 0.0268258341 -0.000552344194 -0.00270810258 0.0245778132 -0.0190081839 0.00203536055 0.0234509856 -0.0188077092 -0.00855889264 0.028784804 -0.000552344194 -0.00270810258 0.0245778132 -0.0188077092 -0.00855889264 0.028784804 -0.0187018029 0.00196764828 0.0298970286 -0.00580000086 0.00179126591 0.0268950313 -0.0187018029 0.00196764828 0.0298970286 -0.0190081839 0.00203536055 0.0234509856 -0.0190081839 0.00203536055 0.0234509856 -0.0181917716 -0.0082179755 0.0215978846 -0.0188077092 -0.00855889264 0.028784804 -0.000101133992 -0.0198512152 0.0176195335 -0.0186919365 -0.0215897504 0.0121224076 -0.0186539311 -0.0182498917 0.0238918383 -0.000101133992 -0.0198512152 0.0176195335 -0.0186539311 -0.0182498917 0.0238918383 -0.0197523963 -0.0130636394 0.0186575092 -0.0299033485 -0.0177704357 0.0155659551 -0.000101133992 -0.0198512152 0.0176195335 -0.0197523963 -0.0130636394 0.0186575092 -0.00719320681 -0.0279561393 0.00141819462 -0.0188404638 -0.0230054744 -0.00190079899 -0.0189921279 -0.0300478414 0.00172856683 -0.00719320681 -0.0279561393 0.00141819462 -0.0189921279 -0.0300478414 0.00172856683 -0.0189595371 -0.0241698697 0.00519441068 -0.00719320681 -0.0279561393 0.00141819462 -0.0189595371 -0.0241698697 0.00519441068 -0.0188404638 -0.0230054744 -0.00190079899 -0.00130256847 -0.0272067133 -0.00787951052 -0.0187559426 -0.022376582 -0.00581745058 -0.0187642034 -0.0283790976 -0.010346069 -0.0187559426 -0.022376582 -0.00581745058 -0.0187642034 -0.0283790976 -0.010346069 -0.0188404638 -0.0230054744 -0.00190079899 -0.0189682934 -0.0179217868 -0.0143268565 -0.0218303353 -0.0122898035 -0.019679334 -0.0137461452 -0.0178322922 -0.0213664863 -0.0258697513 -0.000158162453 0.0181035921 -0.000280402775 -0.00882578455 0.0160355493 -0.0268486328 -0.0140999891 0.0112796081 -0.0243428126 -0.0177820809 0.000902081782 -0.000158575334 -0.017532602 -0.00257208408 -0.0299033485 -0.0177704357 0.0155659551 -0.0299033485 -0.0177704357 0.0155659551 -0.000158575334 -0.017532602 -0.00257208408 -0.0300161578 -0.00757493079 -0.0217940789 -0.0300161578 -0.00757493079 -0.0217940789 -0.000158575334 -0.017532602 -0.00257208408 -0.0259681456 -0.0129366005 -0.012468542 -0.0272682328 -0.00355563033 -0.0171989258 -0.015697293 0.00389871537 -0.0173432007 -0.0267530568 0.0132901398 -0.0119419452 -0.0267530568 0.0132901398 -0.0119419452 -0.0233280435 0.0177818649 0.00191919459 -0.030105019 0.0121355522 0.0192131847 -0.0258697513 -0.000158162453 0.0181035921 -0.030105019 0.0121355522 0.0192131847 -0.000102815386 0.0127161564 0.0130921137 -0.0243428126 -0.0177820809 0.000902081782 -0.0299033485 -0.0177704357 0.0155659551 -0.0268486328 -0.0140999891 0.0112796081 -0.0258697513 -0.000158162453 0.0181035921 -0.030011341 -0.00293310918 0.0239012931 -0.030105019 0.0121355522 0.0192131847 -0.0300056469 0.0217529219 -0.00801277813 -0.0267530568 0.0132901398 -0.0119419452 -0.030105019 0.0121355522 0.0192131847 -0.0298556127 0.010379401 -0.0204123706 -0.0267530568 0.0132901398 -0.0119419452 -0.0300056469 0.0217529219 -0.00801277813 -0.0298556127 0.010379401 -0.0204123706 -0.0272682328 -0.00355563033 -0.0171989258 -0.0267530568 0.0132901398 -0.0119419452 -0.0298556127 0.010379401 -0.0204123706 -0.0300161578 -0.00757493079 -0.0217940789 -0.0272682328 -0.00355563033 -0.0171989258 -0.0300161578 -0.00757493079 -0.0217940789 -0.0259681456 -0.0129366005 -0.012468542 -0.0272682328 -0.00355563033 -0.0171989258 -0.0299033485 -0.0177704357 0.0155659551 -0.0300161578 -0.00757493079 -0.0217940789 -0.0297514852 -0.0222971216 0.00581193529 -0.0268486328 -0.0140999891 0.0112796081 -0.0299033485 -0.0177704357 0.0155659551 -0.030011341 -0.00293310918 0.0239012931 -0.0258697513 -0.000158162453 0.0181035921 -0.0268486328 -0.0140999891 0.0112796081 -0.030011341 -0.00293310918 0.0239012931 -0.0258697513 -0.000158162453 0.0181035921 -0.000102815386 0.0127161564 0.0130921137 -0.000280402775 -0.00882578455 0.0160355493 -0.0268486328 -0.0140999891 0.0112796081 -0.000280402775 -0.00882578455 0.0160355493 -0.000158575334 -0.017532602 -0.00257208408 -0.0243428126 -0.0177820809 0.000902081782 -0.0268486328 -0.0140999891 0.0112796081 -0.000158575334 -0.017532602 -0.00257208408 -0.0259681456 -0.0129366005 -0.012468542 -0.000158575334 -0.017532602 -0.00257208408 -0.000195613757 0.000966928317 -0.0201943275 -0.0272682328 -0.00355563033 -0.0171989258 -0.000195613757 0.000966928317 -0.0201943275 -0.015697293 0.00389871537 -0.0173432007 -0.0267530568 0.0132901398 -0.0119419452 -0.000195613757 0.000966928317 -0.0201943275 -0.000292773213 0.016440047 -0.00658591138 -0.0233280435 0.0177818649 0.00191919459 -0.000292773213 0.016440047 -0.00658591138 -0.000102815386 0.0127161564 0.0130921137 -0.0300161578 -0.00757493079 -0.0217940789 -0.0218303353 -0.0122898035 -0.019679334 -0.0300269835 -0.0213517807 -0.00884546433 -0.0298556127 0.010379401 -0.0204123706 -0.0197285116 0.00413901405 -0.0231077615 -0.0300161578 -0.00757493079 -0.0217940789 -0.0298556127 0.010379401 -0.0204123706 -0.0300056469 0.0217529219 -0.00801277813 -0.0204494391 0.0177122448 -0.0142159155 -0.0300056469 0.0217529219 -0.00801277813 -0.0293726549 0.0203917772 0.0117109558 -0.0224520303 0.0246416219 -0.00233279751 0.0040874714 0.0145357912 -0.0265629757 -0.0189561453 0.0112730935 -0.0285901576 -0.0189991221 0.0204973109 -0.0220390148 0.00302148028 0.0281032976 -0.0112910792 -0.0189991221 0.0204973109 -0.0220390148 -0.0190187525 0.0301045626 0.00319700385 0.00462090038 0.0116955526 0.0279010143 -0.0131603479 0.0168699957 0.0250404198 -0.0190081839 0.00203536055 0.0234509856 0.00462090038 0.0116955526 0.0279010143 -0.0190081839 0.00203536055 0.0234509856 -0.0187018029 0.00196764828 0.0298970286 -0.0300056469 0.0217529219 -0.00801277813 -0.0224520303 0.0246416219 -0.00233279751 -0.0233280435 0.0177818649 0.00191919459 -0.0268486328 -0.0140999891 0.0112796081 -0.0197523963 -0.0130636394 0.0186575092 -0.0299033485 -0.0177704357 0.0155659551 -0.0272682328 -0.00355563033 -0.0171989258 -0.015697293 0.00389871537 -0.0173432007 -0.0197285116 0.00413901405 -0.0231077615 -0.0267530568 0.0132901398 -0.0119419452 -0.0204494391 0.0177122448 -0.0142159155 -0.0144142862 0.0126558784 -0.018855907 -0.0823711306 0.0381999984 -0.0233054571 -0.0759778097 0.0381499417 -0.0183882304 -0.0777491853 0.0381999984 -0.027670322 -0.0773192793 0.027499998 -0.0263585411 -0.0759778097 0.0381499417 -0.0183882304 -0.0827794522 0.027499998 -0.0250549801 -0.0827794522 0.027499998 -0.0250549801 -0.0823711306 0.0381999984 -0.0233054571 -0.0777491853 0.0381999984 -0.027670322 -0.0773192793 0.027499998 -0.0263585411 -0.0827794522 0.027499998 -0.0250549801 -0.0777491853 0.0381999984 -0.027670322 -0.0773192793 0.027499998 -0.0263585411 -0.0777491853 0.0381999984 -0.027670322 -0.0759778097 0.0381499417 -0.0183882304 -0.0827794522 0.027499998 -0.0250549801 -0.0759778097 0.0381499417 -0.0183882304 -0.0823711306 0.0381999984 -0.0233054571 -0.0882577524 0.0381999984 -0.022144556 -0.081864439 0.0381499417 -0.0172273312 -0.083635807 0.0381999984 -0.026509434 -0.0832059085 0.027499998 -0.0251976624 -0.081864439 0.0381499417 -0.0172273312 -0.0886660665 0.027499998 -0.023894079 -0.0886660665 0.027499998 -0.023894079 -0.0882577524 0.0381999984 -0.022144556 -0.083635807 0.0381999984 -0.026509434 -0.0832059085 0.027499998 -0.0251976624 -0.0886660665 0.027499998 -0.023894079 -0.083635807 0.0381999984 -0.026509434 -0.0832059085 0.027499998 -0.0251976624 -0.083635807 0.0381999984 -0.026509434 -0.081864439 0.0381499417 -0.0172273312 -0.0886660665 0.027499998 -0.023894079 -0.081864439 0.0381499417 -0.0172273312 -0.0882577524 0.0381999984 -0.022144556 -0.0497733615 -0.0166654158 0.00667231157 -0.0515774712 -0.016830273 -0.00926994625 -0.0501425005 -0.0167895909 -0.0134919463 -0.094174616 -0.0165600944 0.0231933221 -0.0493431054 -0.0168237779 0.0114206886 -0.0576869734 -0.0169285554 0.0230994467 -0.0780893043 -0.0168299899 0.030440351 -0.094174616 -0.0165600944 0.0231933221 -0.0576869734 -0.0169285554 0.0230994467 -0.105632767 -0.0169923808 -0.0148523878 -0.0795934647 -0.01677485 -0.0308418926 -0.105760932 -0.0168175474 -0.00634759525 -0.0431604832 -0.0190455262 0.00508780265 -0.0461276919 -0.017373953 -0.000593093515 -0.0446647331 -0.0182314031 -0.0111921346 -0.0715100765 -0.00739619043 0.0347731188 -0.0659274757 -0.0175158642 0.0296609737 -0.0634828359 -0.0190987829 0.0318824314 -0.0493123308 -0.0144488402 0.0202130247 -0.0493431054 -0.0168237779 0.0114206886 -0.0576869734 -0.0169285554 0.0230994467 -0.0899565518 0.027499998 -0.0250575021 -0.0495386347 0.0275000483 0.0143877091 -0.0571120083 0.0271925293 -0.0260974318 -0.0722593665 0.0275739226 -0.00712646917 -0.0692574382 0.0275058802 0.00654798746 -0.0899565518 0.027499998 -0.0250575021 -0.0874837041 0.0275095291 0.00360380928 -0.0899565518 0.027499998 -0.0250575021 -0.0776078552 0.0274489056 0.0300239399 -0.0812399983 0.0274995919 0.00989755336 -0.0874837041 0.0275095291 0.00360380928 -0.0776078552 0.0274489056 0.0300239399 -0.0857099295 0.0275090858 -0.0078752581 -0.0722593665 0.0275739226 -0.00712646917 -0.0899565518 0.027499998 -0.0250575021 -0.0857099295 0.0275090858 -0.0078752581 -0.0899565518 0.027499998 -0.0250575021 -0.0874837041 0.0275095291 0.00360380928 -0.0776078552 0.0274489056 0.0300239399 -0.0899565518 0.027499998 -0.0250575021 -0.0692574382 0.0275058802 0.00654798746 -0.0776078552 0.0274489056 0.0300239399 -0.0495386347 0.0275000483 0.0143877091 -0.0899565518 0.027499998 -0.0250575021 -0.0812399983 0.0274995919 0.00989755336 -0.0776078552 0.0274489056 0.0300239399 -0.0692574382 0.0275058802 0.00654798746 -0.0984816849 0.0268101171 -0.0216235779 -0.0987850651 0.0268876124 0.0257180687 -0.0899565518 0.027499998 -0.0250575021 -0.0987850651 0.0268876124 0.0257180687 -0.0776078552 0.0274489056 0.0300239399 -0.0899565518 0.027499998 -0.0250575021 -0.0456561334 0.0267303567 -0.00896123145 -0.0571120083 0.0271925293 -0.0260974318 -0.0495386347 0.0275000483 0.0143877091 -0.0683494583 0.0267355461 -0.0318513736 -0.0984816849 0.0268101171 -0.0216235779 -0.0899565518 0.027499998 -0.0250575021 -0.0683494583 0.0267355461 -0.0318513736 -0.0899565518 0.027499998 -0.0250575021 -0.0571120083 0.0271925293 -0.0260974318 -0.10780561 0.0267314781 -0.016841149 -0.0987850651 0.0268876124 0.0257180687 -0.0984816849 0.0268101171 -0.0216235779 -0.0454571024 0.0267324094 0.00694615068 -0.0495386347 0.0275000483 0.0143877091 -0.0776078552 0.0274489056 0.0300239399 -0.0454571024 0.0267324094 0.00694615068 -0.0456561334 0.0267303567 -0.00896123145 -0.0495386347 0.0275000483 0.0143877091 -0.0561575033 -0.0128019722 -0.0227185935 -0.0488799363 -0.0180616993 -0.0192927513 -0.0584535711 -0.0170044843 -0.0255185626 -0.059546914 -0.0262590908 -0.0221325681 -0.0501425005 -0.0167895909 -0.0134919463 -0.0515774712 -0.016830273 -0.00926994625 -0.104460344 -0.0169157144 0.0108468393 -0.100681692 -0.0262010787 0.0174480714 -0.094174616 -0.0165600944 0.0231933221 -0.106507577 -0.0266196467 0.000489746919 -0.104460344 -0.0169157144 0.0108468393 -0.105760932 -0.0168175474 -0.00634759525 -0.0785561353 -0.0168052819 -0.0282175243 -0.0785340443 -0.0253499504 -0.0290047936 -0.0967965201 -0.0235721841 -0.0218508877 -0.0657783747 -0.0170603059 -0.0251958407 -0.0785340443 -0.0253499504 -0.0290047936 -0.0785561353 -0.0168052819 -0.0282175243 -0.064011097 -0.0202465579 0.0247122589 -0.0493431054 -0.0168237779 0.0114206886 -0.094174616 -0.0165600944 0.0231933221 -0.0741207898 -0.0170689709 0.0277406015 -0.064011097 -0.0202465579 0.0247122589 -0.094174616 -0.0165600944 0.0231933221 -0.0854319036 -0.0174634699 0.0273260232 -0.0741207898 -0.0170689709 0.0277406015 -0.094174616 -0.0165600944 0.0231933221 -0.100357428 -0.0172733702 -0.0168772694 -0.0795934647 -0.01677485 -0.0308418926 -0.0785561353 -0.0168052819 -0.0282175243 -0.0657783747 -0.0170603059 -0.0251958407 -0.0785561353 -0.0168052819 -0.0282175243 -0.0501425005 -0.0167895909 -0.0134919463 -0.100357428 -0.0172733702 -0.0168772694 -0.105760932 -0.0168175474 -0.00634759525 -0.0795934647 -0.01677485 -0.0308418926 -0.100357428 -0.0172733702 -0.0168772694 -0.0785561353 -0.0168052819 -0.0282175243 -0.0967965201 -0.0235721841 -0.0218508877 -0.0806841925 -0.0304177962 0.0282828193 -0.0854319036 -0.0174634699 0.0273260232 -0.0894067287 -0.0317178592 0.0262423772 -0.0894067287 -0.0317178592 0.0262423772 -0.094174616 -0.0165600944 0.0231933221 -0.100681692 -0.0262010787 0.0174480714 -0.0894067287 -0.0317178592 0.0262423772 -0.0854319036 -0.0174634699 0.0273260232 -0.094174616 -0.0165600944 0.0231933221 -0.0806841925 -0.0304177962 0.0282828193 -0.0741207898 -0.0170689709 0.0277406015 -0.0854319036 -0.0174634699 0.0273260232 -0.0635446459 -0.0330709107 0.0255515743 -0.0741207898 -0.0170689709 0.0277406015 -0.0806841925 -0.0304177962 0.0282828193 -0.0635446459 -0.0330709107 0.0255515743 -0.064011097 -0.0202465579 0.0247122589 -0.0741207898 -0.0170689709 0.0277406015 -0.0523085706 -0.0239749327 0.0129639832 -0.0493431054 -0.0168237779 0.0114206886 -0.064011097 -0.0202465579 0.0247122589 -0.0523085706 -0.0239749327 0.0129639832 -0.0497733615 -0.0166654158 0.00667231157 -0.0493431054 -0.0168237779 0.0114206886 -0.0501615219 -0.0288461838 -0.00650190143 -0.0497733615 -0.0166654158 0.00667231157 -0.0523085706 -0.0239749327 0.0129639832 -0.0501615219 -0.0288461838 -0.00650190143 -0.0515774712 -0.016830273 -0.00926994625 -0.0497733615 -0.0166654158 0.00667231157 -0.0501615219 -0.0288461838 -0.00650190143 -0.059546914 -0.0262590908 -0.0221325681 -0.0515774712 -0.016830273 -0.00926994625 -0.0657783747 -0.0170603059 -0.0251958407 -0.0501425005 -0.0167895909 -0.0134919463 -0.059546914 -0.0262590908 -0.0221325681 -0.0657783747 -0.0170603059 -0.0251958407 -0.059546914 -0.0262590908 -0.0221325681 -0.0785340443 -0.0253499504 -0.0290047936 -0.105631791 -0.030217953 -0.00711606024 -0.100357428 -0.0172733702 -0.0168772694 -0.0967965201 -0.0235721841 -0.0218508877 -0.105631791 -0.030217953 -0.00711606024 -0.105760932 -0.0168175474 -0.00634759525 -0.100357428 -0.0172733702 -0.0168772694 -0.105631791 -0.030217953 -0.00711606024 -0.106507577 -0.0266196467 0.000489746919 -0.105760932 -0.0168175474 -0.00634759525 -0.106507577 -0.0266196467 0.000489746919 -0.100681692 -0.0262010787 0.0174480714 -0.104460344 -0.0169157144 0.0108468393 -0.0948546976 -0.0194843207 -0.0307044648 -0.0870430991 -0.0175123848 -0.0341601558 -0.0795934647 -0.01677485 -0.0308418926 -0.0727232248 -0.0146954479 -0.0347056687 -0.0795934647 -0.01677485 -0.0308418926 -0.0870430991 -0.0175123848 -0.0341601558 -0.0779108256 -0.0184846465 0.0346747562 -0.0780893043 -0.0168299899 0.030440351 -0.0715100765 -0.00739619043 0.0347731188 -0.0674938634 -0.0189690143 -0.0293323137 -0.0600270778 -0.0178632084 -0.0302290414 -0.0584535711 -0.0170044843 -0.0255185626 -0.108828403 -0.0175082013 0.0169275515 -0.104460344 -0.0169157144 0.0108468393 -0.0988121703 -0.017401509 0.0229466613 -0.113233574 -0.0177639555 -0.00233038864 -0.105632767 -0.0169923808 -0.0148523878 -0.105760932 -0.0168175474 -0.00634759525 -0.0980606303 -0.0175227784 -0.0236577634 -0.105632767 -0.0169923808 -0.0148523878 -0.103273891 -0.0195745248 -0.0243142769 -0.0446647331 -0.0182314031 -0.0111921346 -0.0461276919 -0.017373953 -0.000593093515 -0.0501425005 -0.0167895909 -0.0134919463 -0.110269397 -0.0179944001 -0.012848408 -0.103273891 -0.0195745248 -0.0243142769 -0.105632767 -0.0169923808 -0.0148523878 -0.0847310871 -0.0179504827 0.0342631899 -0.0934574455 -0.0198420901 0.0313759744 -0.0988121703 -0.017401509 0.0229466613 -0.100450158 -0.0193109307 0.0265662763 -0.0988121703 -0.017401509 0.0229466613 -0.0934574455 -0.0198420901 0.0313759744 -0.100450158 -0.0193109307 0.0265662763 -0.108828403 -0.0175082013 0.0169275515 -0.0988121703 -0.017401509 0.0229466613 -0.0980606303 -0.0175227784 -0.0236577634 -0.0948546976 -0.0194843207 -0.0307044648 -0.0795934647 -0.01677485 -0.0308418926 -0.112176932 -0.0168291666 0.00734391576 -0.113233574 -0.0177639555 -0.00233038864 -0.105760932 -0.0168175474 -0.00634759525 -0.0984188765 -0.00315283658 -0.028790025 -0.0727232248 -0.0146954479 -0.0347056687 -0.0870430991 -0.0175123848 -0.0341601558 -0.109447606 -0.00403261045 0.0157587212 -0.112839088 0.00341586838 -0.00581661146 -0.112176932 -0.0168291666 0.00734391576 -0.0427422039 -0.00298909913 0.00266845874 -0.0446647331 -0.0182314031 -0.0111921346 -0.0448652245 -0.00397583377 -0.0128251417 -0.0525394119 -0.00245485292 -0.0246033818 -0.0600270778 -0.0178632084 -0.0302290414 -0.0727232248 -0.0146954479 -0.0347056687 -0.0534614064 -0.0152173778 0.0244990941 -0.0576869734 -0.0169285554 0.0230994467 -0.0493123308 -0.0144488402 0.0202130247 -0.0534614064 -0.0152173778 0.0244990941 -0.0634828359 -0.0190987829 0.0318824314 -0.0576869734 -0.0169285554 0.0230994467 -0.052983176 -0.0195875578 -0.0243610349 -0.0488799363 -0.0180616993 -0.0192927513 -0.0561575033 -0.0128019722 -0.0227185935 -0.0980606303 -0.0175227784 -0.0236577634 -0.103273891 -0.0195745248 -0.0243142769 -0.0948546976 -0.0194843207 -0.0307044648 -0.110269397 -0.0179944001 -0.012848408 -0.105632767 -0.0169923808 -0.0148523878 -0.113233574 -0.0177639555 -0.00233038864 -0.0847310871 -0.0179504827 0.0342631899 -0.0780893043 -0.0168299899 0.030440351 -0.0779108256 -0.0184846465 0.0346747562 -0.109447606 -0.00403261045 0.0157587212 -0.112176932 -0.0168291666 0.00734391576 -0.108828403 -0.0175082013 0.0169275515 -0.0956214443 -0.00632362068 0.0306383073 -0.108828403 -0.0175082013 0.0169275515 -0.100450158 -0.0193109307 0.0265662763 -0.0956214443 -0.00632362068 0.0306383073 -0.100450158 -0.0193109307 0.0265662763 -0.0934574455 -0.0198420901 0.0313759744 -0.0956214443 -0.00632362068 0.0306383073 -0.0934574455 -0.0198420901 0.0313759744 -0.0847310871 -0.0179504827 0.0342631899 -0.0835113898 -0.00520557771 0.0347916558 -0.0956214443 -0.00632362068 0.0306383073 -0.0847310871 -0.0179504827 0.0342631899 -0.0835113898 -0.00520557771 0.0347916558 -0.0847310871 -0.0179504827 0.0342631899 -0.0779108256 -0.0184846465 0.0346747562 -0.0835113898 -0.00520557771 0.0347916558 -0.0779108256 -0.0184846465 0.0346747562 -0.0715100765 -0.00739619043 0.0347731188 -0.112839088 0.00341586838 -0.00581661146 -0.113233574 -0.0177639555 -0.00233038864 -0.112176932 -0.0168291666 0.00734391576 -0.107950665 -0.00250672875 -0.0187901463 -0.110269397 -0.0179944001 -0.012848408 -0.113233574 -0.0177639555 -0.00233038864 -0.107950665 -0.00250672875 -0.0187901463 -0.103273891 -0.0195745248 -0.0243142769 -0.110269397 -0.0179944001 -0.012848408 -0.107950665 -0.00250672875 -0.0187901463 -0.0984188765 -0.00315283658 -0.028790025 -0.103273891 -0.0195745248 -0.0243142769 -0.0984188765 -0.00315283658 -0.028790025 -0.0948546976 -0.0194843207 -0.0307044648 -0.103273891 -0.0195745248 -0.0243142769 -0.0984188765 -0.00315283658 -0.028790025 -0.0870430991 -0.0175123848 -0.0341601558 -0.0948546976 -0.0194843207 -0.0307044648 -0.0701906309 -0.0183012206 -0.0341127515 -0.0727232248 -0.0146954479 -0.0347056687 -0.0600270778 -0.0178632084 -0.0302290414 -0.052983176 -0.0195875578 -0.0243610349 -0.0600270778 -0.0178632084 -0.0302290414 -0.0525394119 -0.00245485292 -0.0246033818 -0.052983176 -0.0195875578 -0.0243610349 -0.0525394119 -0.00245485292 -0.0246033818 -0.0448652245 -0.00397583377 -0.0128251417 -0.052983176 -0.0195875578 -0.0243610349 -0.0448652245 -0.00397583377 -0.0128251417 -0.0488799363 -0.0180616993 -0.0192927513 -0.0448652245 -0.00397583377 -0.0128251417 -0.0446647331 -0.0182314031 -0.0111921346 -0.0488799363 -0.0180616993 -0.0192927513 -0.0427422039 -0.00298909913 0.00266845874 -0.0431604832 -0.0190455262 0.00508780265 -0.0446647331 -0.0182314031 -0.0111921346 -0.0447640903 -0.00312376767 0.0121616889 -0.0431604832 -0.0190455262 0.00508780265 -0.0427422039 -0.00298909913 0.00266845874 -0.0447640903 -0.00312376767 0.0121616889 -0.0493123308 -0.0144488402 0.0202130247 -0.0431604832 -0.0190455262 0.00508780265 -0.057316456 -0.00271385908 0.0284688622 -0.0534614064 -0.0152173778 0.0244990941 -0.0493123308 -0.0144488402 0.0202130247 -0.057316456 -0.00271385908 0.0284688622 -0.0634828359 -0.0190987829 0.0318824314 -0.0534614064 -0.0152173778 0.0244990941 -0.057316456 -0.00271385908 0.0284688622 -0.0715100765 -0.00739619043 0.0347731188 -0.0634828359 -0.0190987829 0.0318824314 -0.0701906309 -0.0183012206 -0.0341127515 -0.0600270778 -0.0178632084 -0.0302290414 -0.0674938634 -0.0189690143 -0.0293323137 -0.0488799363 -0.0180616993 -0.0192927513 -0.0446647331 -0.0182314031 -0.0111921346 -0.0501425005 -0.0167895909 -0.0134919463 -0.052983176 -0.0195875578 -0.0243610349 -0.0561575033 -0.0128019722 -0.0227185935 -0.0584535711 -0.0170044843 -0.0255185626 -0.052983176 -0.0195875578 -0.0243610349 -0.0584535711 -0.0170044843 -0.0255185626 -0.0600270778 -0.0178632084 -0.0302290414 -0.112176932 -0.0168291666 0.00734391576 -0.104460344 -0.0169157144 0.0108468393 -0.108828403 -0.0175082013 0.0169275515 -0.0634828359 -0.0190987829 0.0318824314 -0.0659274757 -0.0175158642 0.0296609737 -0.0576869734 -0.0169285554 0.0230994467 -0.0493123308 -0.0144488402 0.0202130247 -0.0493431054 -0.0168237779 0.0114206886 -0.0431604832 -0.0190455262 0.00508780265 -0.0893594548 0.0341166407 -0.0140204225 -0.061561916 0.0359957963 -0.00993817486 -0.0782598555 0.032522995 -0.0146867782 -0.0890953392 0.0318790451 0.00838003121 -0.0949982479 0.0291304011 -0.00695043383 -0.0910633057 0.0331222191 -0.00542405387 -0.0961499363 0.0321998708 0.0210561696 -0.0949982479 0.0291304011 -0.00695043383 -0.0890953392 0.0318790451 0.00838003121 -0.073099941 0.0340866484 0.0176288374 -0.064210847 0.0322083384 -0.00482723489 -0.0749933422 0.0322095826 0.0143093439 -0.0910633057 0.0331222191 -0.00542405387 -0.0949982479 0.0291304011 -0.00695043383 -0.0782598555 0.032522995 -0.0146867782 -0.0979986787 0.0293500014 0.0116755292 -0.0949982479 0.0291304011 -0.00695043383 -0.0961499363 0.0321998708 0.0210561696 -0.102662213 0.0321926065 -0.0130649889 -0.0949982479 0.0291304011 -0.00695043383 -0.0979986787 0.0293500014 0.0116755292 -0.0843324885 0.0339971595 -0.0346648656 -0.067058444 0.0321667753 -0.0313904248 -0.0639749765 0.0340001322 -0.0104539357 -0.0870814025 0.0322040357 -0.0143991504 -0.105622247 0.0321810246 -0.021640094 -0.0843324885 0.0339971595 -0.0346648656 -0.0870814025 0.0322040357 -0.0143991504 -0.0843324885 0.0339971595 -0.0346648656 -0.0893594548 0.0341166407 -0.0140204225 -0.0523227975 0.0321981087 -0.0218391232 -0.0639749765 0.0340001322 -0.0104539357 -0.067058444 0.0321667753 -0.0313904248 -0.0523227975 0.0321981087 -0.0218391232 -0.0782598555 0.032522995 -0.0146867782 -0.0639749765 0.0340001322 -0.0104539357 -0.0639749765 0.0340001322 -0.0104539357 -0.0782598555 0.032522995 -0.0146867782 -0.061561916 0.0359957963 -0.00993817486 -0.105622247 0.0321810246 -0.021640094 -0.067058444 0.0321667753 -0.0313904248 -0.0843324885 0.0339971595 -0.0346648656 -0.0458034985 0.0322038643 -0.00193268713 -0.0597685203 0.0339996852 0.00627689995 -0.0523227975 0.0321981087 -0.0218391232 -0.0870814025 0.0322040357 -0.0143991504 -0.0893594548 0.0341166407 -0.0140204225 -0.0782598555 0.032522995 -0.0146867782 -0.0597685203 0.0339996852 0.00627689995 -0.061561916 0.0359957963 -0.00993817486 -0.073099941 0.0340866484 0.0176288374 -0.0910633057 0.0331222191 -0.00542405387 -0.0782598555 0.032522995 -0.0146867782 -0.0893594548 0.0341166407 -0.0140204225 -0.095215477 0.0340428054 0.00645273319 -0.073099941 0.0340866484 0.0176288374 -0.0890953392 0.0318790451 0.00838003121 -0.095215477 0.0340428054 0.00645273319 -0.0910633057 0.0331222191 -0.00542405387 -0.0893594548 0.0341166407 -0.0140204225 -0.073099941 0.0340866484 0.0176288374 -0.061561916 0.0359957963 -0.00993817486 -0.064210847 0.0322083384 -0.00482723489 -0.064210847 0.0322083384 -0.00482723489 -0.061561916 0.0359957963 -0.00993817486 -0.0782598555 0.032522995 -0.0146867782 -0.095215477 0.0340428054 0.00645273319 -0.0890953392 0.0318790451 0.00838003121 -0.0910633057 0.0331222191 -0.00542405387 -0.073099941 0.0340866484 0.0176288374 -0.0749933422 0.0322095826 0.0143093439 -0.0890953392 0.0318790451 0.00838003121 -0.0597685203 0.0339996852 0.00627689995 -0.0639749765 0.0340001322 -0.0104539357 -0.061561916 0.0359957963 -0.00993817486 -0.0458034985 0.0322038643 -0.00193268713 -0.0523227975 0.0321981087 -0.0218391232 -0.0456561334 0.0267303567 -0.00896123145 -0.0498937629 0.0321850181 0.0177847128 -0.0458034985 0.0322038643 -0.00193268713 -0.0454571024 0.0267324094 0.00694615068 -0.0875021145 0.0267429296 -0.032505326 -0.067058444 0.0321667753 -0.0313904248 -0.105622247 0.0321810246 -0.021640094 -0.0677424371 0.0321993902 0.0320118666 -0.0498937629 0.0321850181 0.0177847128 -0.0511706136 0.0267315656 0.0201772209 -0.094515413 0.0163982157 -0.030979652 -0.0843324885 0.0339971595 -0.0346648656 -0.0774485171 0.0160972551 -0.0352098644 -0.0530586913 0.0339927375 0.0245375689 -0.0717818066 0.0339964367 0.0344416909 -0.0617133081 0.027682757 0.0310883466 -0.0436464138 0.0339949019 0.00732635614 -0.0530586913 0.0339927375 0.0245375689 -0.0480784774 0.0285901669 0.0183432661 -0.111160524 0.0339921191 0.0120057305 -0.105444938 0.0243526381 0.0217332337 -0.0966086239 0.0339728072 0.0300598051 -0.0651131943 0.017515026 -0.0326633565 -0.0722301453 0.0339946598 -0.034648627 -0.0569970496 0.0339892842 -0.0280098896 -0.0527630746 0.0272546764 -0.024265442 -0.0569970496 0.0339892842 -0.0280098896 -0.0468723066 0.0339736454 -0.0163659155 -0.0994071439 0.0339750275 -0.0280378666 -0.0843324885 0.0339971595 -0.0346648656 -0.094515413 0.0163982157 -0.030979652 -0.108883791 0.0339309499 -0.0167371742 -0.0994071439 0.0339750275 -0.0280378666 -0.105400324 0.0182103459 -0.0220256671 -0.110416785 0.0161999706 -0.0132866604 -0.108883791 0.0339309499 -0.0167371742 -0.105400324 0.0182103459 -0.0220256671 -0.113154791 0.0339641757 -0.00283451006 -0.108883791 0.0339309499 -0.0167371742 -0.110416785 0.0161999706 -0.0132866604 -0.0966086239 0.0339728072 0.0300598051 -0.0893719345 0.0160041135 0.0326607302 -0.0811876133 0.033976838 0.0349956006 -0.0717818066 0.0339964367 0.0344416909 -0.0811876133 0.033976838 0.0349956006 -0.0688381195 0.0162176564 0.0339426473 -0.0617133081 0.027682757 0.0310883466 -0.0717818066 0.0339964367 0.0344416909 -0.0688381195 0.0162176564 0.0339426473 -0.0530586913 0.0339927375 0.0245375689 -0.0617133081 0.027682757 0.0310883466 -0.0526591726 0.0161218755 0.02436723 -0.0480784774 0.0285901669 0.0183432661 -0.0530586913 0.0339927375 0.0245375689 -0.0526591726 0.0161218755 0.02436723 -0.0436464138 0.0339949019 0.00732635614 -0.0480784774 0.0285901669 0.0183432661 -0.043891374 0.0161440093 0.00838870555 -0.0436464138 0.0339949019 0.00732635614 -0.043891374 0.0161440093 0.00838870555 -0.0430244282 0.0163119845 -0.00199086173 -0.0436464138 0.0339949019 0.00732635614 -0.0430244282 0.0163119845 -0.00199086173 -0.0434058905 0.0335595198 -0.0058960896 -0.0527630746 0.0272546764 -0.024265442 -0.0468723066 0.0339736454 -0.0163659155 -0.0489947535 0.0162739623 -0.0196458884 -0.0527630746 0.0272546764 -0.024265442 -0.0570548698 0.0171313509 -0.0279496722 -0.0569970496 0.0339892842 -0.0280098896 -0.0651131943 0.017515026 -0.0326633565 -0.0569970496 0.0339892842 -0.0280098896 -0.0570548698 0.0171313509 -0.0279496722 -0.0651131943 0.017515026 -0.0326633565 -0.0774485171 0.0160972551 -0.0352098644 -0.0722301453 0.0339946598 -0.034648627 -0.0722301453 0.0339946598 -0.034648627 -0.0774485171 0.0160972551 -0.0352098644 -0.0843324885 0.0339971595 -0.0346648656 -0.102662213 0.0321926065 -0.0130649889 -0.0979986787 0.0293500014 0.0116755292 -0.0961499363 0.0321998708 0.0210561696 -0.0961499363 0.0321998708 0.0210561696 -0.0886664093 0.0321943015 0.0317211859 -0.0983295515 0.032173261 0.0264177006 -0.0597685203 0.0339996852 0.00627689995 -0.0434058905 0.0335595198 -0.0058960896 -0.0639749765 0.0340001322 -0.0104539357 -0.0569970496 0.0339892842 -0.0280098896 -0.0722301453 0.0339946598 -0.034648627 -0.0639749765 0.0340001322 -0.0104539357 -0.0722301453 0.0339946598 -0.034648627 -0.0843324885 0.0339971595 -0.0346648656 -0.0639749765 0.0340001322 -0.0104539357 -0.0468723066 0.0339736454 -0.0163659155 -0.0569970496 0.0339892842 -0.0280098896 -0.0639749765 0.0340001322 -0.0104539357 -0.0468723066 0.0339736454 -0.0163659155 -0.0639749765 0.0340001322 -0.0104539357 -0.0434058905 0.0335595198 -0.0058960896 -0.0436464138 0.0339949019 0.00732635614 -0.0434058905 0.0335595198 -0.0058960896 -0.0597685203 0.0339996852 0.00627689995 -0.0717818066 0.0339964367 0.0344416909 -0.073099941 0.0340866484 0.0176288374 -0.0811876133 0.033976838 0.0349956006 -0.111160524 0.0339921191 0.0120057305 -0.0966086239 0.0339728072 0.0300598051 -0.073099941 0.0340866484 0.0176288374 -0.111160524 0.0339921191 0.0120057305 -0.073099941 0.0340866484 0.0176288374 -0.095215477 0.0340428054 0.00645273319 -0.113154791 0.0339641757 -0.00283451006 -0.111160524 0.0339921191 0.0120057305 -0.095215477 0.0340428054 0.00645273319 -0.113154791 0.0339641757 -0.00283451006 -0.095215477 0.0340428054 0.00645273319 -0.0893594548 0.0341166407 -0.0140204225 -0.113154791 0.0339641757 -0.00283451006 -0.0893594548 0.0341166407 -0.0140204225 -0.108883791 0.0339309499 -0.0167371742 -0.108883791 0.0339309499 -0.0167371742 -0.0893594548 0.0341166407 -0.0140204225 -0.0994071439 0.0339750275 -0.0280378666 -0.0994071439 0.0339750275 -0.0280378666 -0.0893594548 0.0341166407 -0.0140204225 -0.0843324885 0.0339971595 -0.0346648656 -0.0966086239 0.0339728072 0.0300598051 -0.0811876133 0.033976838 0.0349956006 -0.073099941 0.0340866484 0.0176288374 -0.0530586913 0.0339927375 0.0245375689 -0.0597685203 0.0339996852 0.00627689995 -0.0717818066 0.0339964367 0.0344416909 -0.0717818066 0.0339964367 0.0344416909 -0.0597685203 0.0339996852 0.00627689995 -0.073099941 0.0340866484 0.0176288374 -0.0436464138 0.0339949019 0.00732635614 -0.0597685203 0.0339996852 0.00627689995 -0.0530586913 0.0339927375 0.0245375689 -0.0458034985 0.0322038643 -0.00193268713 -0.0456561334 0.0267303567 -0.00896123145 -0.0454571024 0.0267324094 0.00694615068 -0.111402072 0.0321978666 0.0041665188 -0.0983295515 0.032173261 0.0264177006 -0.109472685 0.0267261192 0.0127004515 -0.0677424371 0.0321993902 0.0320118666 -0.0511706136 0.0267315656 0.0201772209 -0.0658575892 0.0267336369 0.0314072333 -0.0677424371 0.0321993902 0.0320118666 -0.0852666348 0.0267253555 0.0327856727 -0.0886664093 0.0321943015 0.0317211859 -0.0523227975 0.0321981087 -0.0218391232 -0.0571120083 0.0271925293 -0.0260974318 -0.0456561334 0.0267303567 -0.00896123145 -0.0523227975 0.0321981087 -0.0218391232 -0.067058444 0.0321667753 -0.0313904248 -0.0571120083 0.0271925293 -0.0260974318 -0.0875021145 0.0267429296 -0.032505326 -0.105622247 0.0321810246 -0.021640094 -0.10780561 0.0267314781 -0.016841149 -0.067058444 0.0321667753 -0.0313904248 -0.0683494583 0.0267355461 -0.0318513736 -0.0571120083 0.0271925293 -0.0260974318 -0.0870814025 0.0322040357 -0.0143991504 -0.0782598555 0.032522995 -0.0146867782 -0.0949982479 0.0291304011 -0.00695043383 -0.0677424371 0.0321993902 0.0320118666 -0.0886664093 0.0321943015 0.0317211859 -0.0961499363 0.0321998708 0.0210561696 -0.0749933422 0.0322095826 0.0143093439 -0.0961499363 0.0321998708 0.0210561696 -0.0890953392 0.0318790451 0.00838003121 -0.102662213 0.0321926065 -0.0130649889 -0.0961499363 0.0321998708 0.0210561696 -0.0983295515 0.032173261 0.0264177006 -0.102662213 0.0321926065 -0.0130649889 -0.0983295515 0.032173261 0.0264177006 -0.111402072 0.0321978666 0.0041665188 -0.105622247 0.0321810246 -0.021640094 -0.102662213 0.0321926065 -0.0130649889 -0.111402072 0.0321978666 0.0041665188 -0.0870814025 0.0322040357 -0.0143991504 -0.0949982479 0.0291304011 -0.00695043383 -0.102662213 0.0321926065 -0.0130649889 -0.0870814025 0.0322040357 -0.0143991504 -0.102662213 0.0321926065 -0.0130649889 -0.105622247 0.0321810246 -0.021640094 -0.0677424371 0.0321993902 0.0320118666 -0.0749933422 0.0322095826 0.0143093439 -0.064210847 0.0322083384 -0.00482723489 -0.0677424371 0.0321993902 0.0320118666 -0.064210847 0.0322083384 -0.00482723489 -0.0523227975 0.0321981087 -0.0218391232 -0.0523227975 0.0321981087 -0.0218391232 -0.064210847 0.0322083384 -0.00482723489 -0.0782598555 0.032522995 -0.0146867782 -0.0677424371 0.0321993902 0.0320118666 -0.0961499363 0.0321998708 0.0210561696 -0.0749933422 0.0322095826 0.0143093439 -0.0677424371 0.0321993902 0.0320118666 -0.0458034985 0.0322038643 -0.00193268713 -0.0498937629 0.0321850181 0.0177847128 -0.0677424371 0.0321993902 0.0320118666 -0.0523227975 0.0321981087 -0.0218391232 -0.0458034985 0.0322038643 -0.00193268713 -0.0511706136 0.0267315656 0.0201772209 -0.0498937629 0.0321850181 0.0177847128 -0.0454571024 0.0267324094 0.00694615068 -0.0875021145 0.0267429296 -0.032505326 -0.0683494583 0.0267355461 -0.0318513736 -0.067058444 0.0321667753 -0.0313904248 -0.105622247 0.0321810246 -0.021640094 -0.111402072 0.0321978666 0.0041665188 -0.10780561 0.0267314781 -0.016841149 -0.10780561 0.0267314781 -0.016841149 -0.111402072 0.0321978666 0.0041665188 -0.109472685 0.0267261192 0.0127004515 -0.0987850651 0.0268876124 0.0257180687 -0.109472685 0.0267261192 0.0127004515 -0.0983295515 0.032173261 0.0264177006 -0.0987850651 0.0268876124 0.0257180687 -0.0983295515 0.032173261 0.0264177006 -0.0852666348 0.0267253555 0.0327856727 -0.0852666348 0.0267253555 0.0327856727 -0.0983295515 0.032173261 0.0264177006 -0.0886664093 0.0321943015 0.0317211859 -0.0677424371 0.0321993902 0.0320118666 -0.0658575892 0.0267336369 0.0314072333 -0.0852666348 0.0267253555 0.0327856727 -0.0468723066 0.0339736454 -0.0163659155 -0.0434058905 0.0335595198 -0.0058960896 -0.0489947535 0.0162739623 -0.0196458884 -0.105400324 0.0182103459 -0.0220256671 -0.0994071439 0.0339750275 -0.0280378666 -0.094515413 0.0163982157 -0.030979652 -0.113154791 0.0339641757 -0.00283451006 -0.110416785 0.0161999706 -0.0132866604 -0.111722112 0.016024299 0.00206622621 -0.113154791 0.0339641757 -0.00283451006 -0.111722112 0.016024299 0.00206622621 -0.111160524 0.0339921191 0.0120057305 -0.0527630746 0.0272546764 -0.024265442 -0.0489947535 0.0162739623 -0.0196458884 -0.0570548698 0.0171313509 -0.0279496722 -0.111160524 0.0339921191 0.0120057305 -0.111722112 0.016024299 0.00206622621 -0.107742697 0.0159809813 0.0158020183 -0.111160524 0.0339921191 0.0120057305 -0.107742697 0.0159809813 0.0158020183 -0.105444938 0.0243526381 0.0217332337 -0.105444938 0.0243526381 0.0217332337 -0.107742697 0.0159809813 0.0158020183 -0.0893719345 0.0160041135 0.0326607302 -0.0966086239 0.0339728072 0.0300598051 -0.105444938 0.0243526381 0.0217332337 -0.0893719345 0.0160041135 0.0326607302 -0.0803016946 0.0159739479 0.033278659 -0.0811876133 0.033976838 0.0349956006 -0.0893719345 0.0160041135 0.0326607302 -0.0803016946 0.0159739479 0.033278659 -0.0688381195 0.0162176564 0.0339426473 -0.0811876133 0.033976838 0.0349956006 -0.0617133081 0.027682757 0.0310883466 -0.0688381195 0.0162176564 0.0339426473 -0.0600940324 0.0159825385 0.0278716758 -0.0617133081 0.027682757 0.0310883466 -0.0600940324 0.0159825385 0.0278716758 -0.0526591726 0.0161218755 0.02436723 -0.0480784774 0.0285901669 0.0183432661 -0.0526591726 0.0161218755 0.02436723 -0.043891374 0.0161440093 0.00838870555 -0.0485848151 0.0159726702 -0.0152416397 -0.0434058905 0.0335595198 -0.0058960896 -0.0430244282 0.0163119845 -0.00199086173 -0.0485848151 0.0159726702 -0.0152416397 -0.0489947535 0.0162739623 -0.0196458884 -0.0434058905 0.0335595198 -0.0058960896 -0.0651131943 0.017515026 -0.0326633565 -0.0570548698 0.0171313509 -0.0279496722 -0.0756513253 0.0159548614 -0.0332765989 -0.094515413 0.0163982157 -0.030979652 -0.0774485171 0.0160972551 -0.0352098644 -0.0935611054 0.0159817655 -0.0295051057 -0.105400324 0.0182103459 -0.0220256671 -0.094515413 0.0163982157 -0.030979652 -0.10676226 0.015981609 -0.0168947726 -0.110416785 0.0161999706 -0.0132866604 -0.105400324 0.0182103459 -0.0220256671 -0.10676226 0.015981609 -0.0168947726 -0.110416785 0.0161999706 -0.0132866604 -0.10676226 0.015981609 -0.0168947726 -0.111722112 0.016024299 0.00206622621 -0.094515413 0.0163982157 -0.030979652 -0.0935611054 0.0159817655 -0.0295051057 -0.10676226 0.015981609 -0.0168947726 -0.0774485171 0.0160972551 -0.0352098644 -0.0756513253 0.0159548614 -0.0332765989 -0.0935611054 0.0159817655 -0.0295051057 -0.0651131943 0.017515026 -0.0326633565 -0.0756513253 0.0159548614 -0.0332765989 -0.0774485171 0.0160972551 -0.0352098644 -0.0560891964 0.0160000008 -0.0248454399 -0.0678477734 0.00937371608 -0.0317376144 -0.0756513253 0.0159548614 -0.0332765989 -0.0560891964 0.0160000008 -0.0248454399 -0.0756513253 0.0159548614 -0.0332765989 -0.0570548698 0.0171313509 -0.0279496722 -0.0560891964 0.0160000008 -0.0248454399 -0.0570548698 0.0171313509 -0.0279496722 -0.0489947535 0.0162739623 -0.0196458884 -0.0560891964 0.0160000008 -0.0248454399 -0.0489947535 0.0162739623 -0.0196458884 -0.0485848151 0.0159726702 -0.0152416397 -0.0443949401 0.0160000008 0.00221856334 -0.0485848151 0.0159726702 -0.0152416397 -0.0430244282 0.0163119845 -0.00199086173 -0.0443949401 0.0160000008 0.00221856334 -0.0430244282 0.0163119845 -0.00199086173 -0.043891374 0.0161440093 0.00838870555 -0.0443949401 0.0160000008 0.00221856334 -0.043891374 0.0161440093 0.00838870555 -0.0526591726 0.0161218755 0.02436723 -0.051703833 0.0132484511 0.0202113185 -0.0443949401 0.0160000008 0.00221856334 -0.0526591726 0.0161218755 0.02436723 -0.051703833 0.0132484511 0.0202113185 -0.0526591726 0.0161218755 0.02436723 -0.0600940324 0.0159825385 0.0278716758 -0.0689691231 0.0118261995 0.0317402445 -0.0600940324 0.0159825385 0.0278716758 -0.0688381195 0.0162176564 0.0339426473 -0.0689691231 0.0118261995 0.0317402445 -0.0688381195 0.0162176564 0.0339426473 -0.0803016946 0.0159739479 0.033278659 -0.109447606 -0.00403261045 0.0157587212 -0.112915039 0.00793041848 -0.000563562382 -0.112839088 0.00341586838 -0.00581661146 -0.107950665 -0.00250672875 -0.0187901463 -0.113233574 -0.0177639555 -0.00233038864 -0.112839088 0.00341586838 -0.00581661146 -0.109447606 -0.00403261045 0.0157587212 -0.11133384 0.00678092241 0.0117963189 -0.112915039 0.00793041848 -0.000563562382 -0.0835113898 -0.00520557771 0.0347916558 -0.0715100765 -0.00739619043 0.0347731188 -0.0691767111 0.00256523816 0.034212742 -0.057316456 -0.00271385908 0.0284688622 -0.0691767111 0.00256523816 0.034212742 -0.0715100765 -0.00739619043 0.0347731188 -0.0525394119 -0.00245485292 -0.0246033818 -0.0743448213 0.00351039763 -0.0353335887 -0.0632924885 0.00686101196 -0.0313540548 -0.109447606 -0.00403261045 0.0157587212 -0.104576431 0.00789453927 0.0233355407 -0.11133384 0.00678092241 0.0117963189 -0.0835113898 -0.00520557771 0.0347916558 -0.093941398 0.00789930392 0.0315778516 -0.0956214443 -0.00632362068 0.0306383073 -0.0956214443 -0.00632362068 0.0306383073 -0.104576431 0.00789453927 0.0233355407 -0.109447606 -0.00403261045 0.0157587212 -0.0956214443 -0.00632362068 0.0306383073 -0.093941398 0.00789930392 0.0315778516 -0.104576431 0.00789453927 0.0233355407 -0.0427422039 -0.00298909913 0.00266845874 -0.0446506813 0.0080270879 0.000772532192 -0.0516867749 0.00802859943 0.0213388 -0.0447640903 -0.00312376767 0.0121616889 -0.0427422039 -0.00298909913 0.00266845874 -0.0516867749 0.00802859943 0.0213388 -0.0447640903 -0.00312376767 0.0121616889 -0.0516867749 0.00802859943 0.0213388 -0.0493123308 -0.0144488402 0.0202130247 -0.057316456 -0.00271385908 0.0284688622 -0.0493123308 -0.0144488402 0.0202130247 -0.0516867749 0.00802859943 0.0213388 -0.057316456 -0.00271385908 0.0284688622 -0.0516867749 0.00802859943 0.0213388 -0.0634435192 0.00805281755 0.029621087 -0.057316456 -0.00271385908 0.0284688622 -0.0634435192 0.00805281755 0.029621087 -0.0691767111 0.00256523816 0.034212742 -0.0634435192 0.00805281755 0.029621087 -0.093941398 0.00789930392 0.0315778516 -0.0691767111 0.00256523816 0.034212742 -0.0835113898 -0.00520557771 0.0347916558 -0.0691767111 0.00256523816 0.034212742 -0.093941398 0.00789930392 0.0315778516 -0.0935712084 0.00801802427 0.0294993091 -0.104576431 0.00789453927 0.0233355407 -0.093941398 0.00789930392 0.0315778516 -0.107950665 -0.00250672875 -0.0187901463 -0.112839088 0.00341586838 -0.00581661146 -0.102118798 0.00802566484 -0.0230445024 -0.107950665 -0.00250672875 -0.0187901463 -0.102118798 0.00802566484 -0.0230445024 -0.0984188765 -0.00315283658 -0.028790025 -0.0984188765 -0.00315283658 -0.028790025 -0.102118798 0.00802566484 -0.0230445024 -0.0863767862 0.0080259582 -0.0322892517 -0.0984188765 -0.00315283658 -0.028790025 -0.0863767862 0.0080259582 -0.0322892517 -0.0882015824 -0.00195555063 -0.0339364558 -0.0882015824 -0.00195555063 -0.0339364558 -0.0863767862 0.0080259582 -0.0322892517 -0.0743448213 0.00351039763 -0.0353335887 -0.0632924885 0.00686101196 -0.0313540548 -0.0743448213 0.00351039763 -0.0353335887 -0.0678477734 0.00937371608 -0.0317376144 -0.0525394119 -0.00245485292 -0.0246033818 -0.0632924885 0.00686101196 -0.0313540548 -0.0492381342 0.00802668929 -0.0168975126 -0.0525394119 -0.00245485292 -0.0246033818 -0.0492381342 0.00802668929 -0.0168975126 -0.0448652245 -0.00397583377 -0.0128251417 -0.0448652245 -0.00397583377 -0.0128251417 -0.0492381342 0.00802668929 -0.0168975126 -0.0446506813 0.0080270879 0.000772532192 -0.0427422039 -0.00298909913 0.00266845874 -0.0448652245 -0.00397583377 -0.0128251417 -0.0446506813 0.0080270879 0.000772532192 -0.110922053 0.00800000038 0.00536099402 -0.112915039 0.00793041848 -0.000563562382 -0.11133384 0.00678092241 0.0117963189 -0.104761139 0.00800000038 0.0195248667 -0.110922053 0.00800000038 0.00536099402 -0.11133384 0.00678092241 0.0117963189 -0.104761139 0.00800000038 0.0195248667 -0.11133384 0.00678092241 0.0117963189 -0.104576431 0.00789453927 0.0233355407 -0.104761139 0.00800000038 0.0195248667 -0.104576431 0.00789453927 0.0233355407 -0.0935712084 0.00801802427 0.0294993091 -0.0785459876 0.00800000038 0.0331222117 -0.0935712084 0.00801802427 0.0294993091 -0.093941398 0.00789930392 0.0315778516 -0.0785459876 0.00800000038 0.0331222117 -0.093941398 0.00789930392 0.0315778516 -0.0634435192 0.00805281755 0.029621087 -0.0785459876 0.00800000038 0.0331222117 -0.0634435192 0.00805281755 0.029621087 -0.0689691231 0.0118261995 0.0317402445 -0.0863767862 0.0080259582 -0.0322892517 -0.0678477734 0.00937371608 -0.0317376144 -0.0743448213 0.00351039763 -0.0353335887 -0.112839088 0.00341586838 -0.00581661146 -0.112915039 0.00793041848 -0.000563562382 -0.102118798 0.00802566484 -0.0230445024 -0.0516867749 0.00802859943 0.0213388 -0.0446506813 0.0080270879 0.000772532192 -0.0443949401 0.0160000008 0.00221856334 -0.0516867749 0.00802859943 0.0213388 -0.0443949401 0.0160000008 0.00221856334 -0.051703833 0.0132484511 0.0202113185 -0.0516867749 0.00802859943 0.0213388 -0.051703833 0.0132484511 0.0202113185 -0.0600940324 0.0159825385 0.0278716758 -0.0634435192 0.00805281755 0.029621087 -0.0516867749 0.00802859943 0.0213388 -0.0600940324 0.0159825385 0.0278716758 -0.0634435192 0.00805281755 0.029621087 -0.0600940324 0.0159825385 0.0278716758 -0.0689691231 0.0118261995 0.0317402445 -0.0785459876 0.00800000038 0.0331222117 -0.0689691231 0.0118261995 0.0317402445 -0.0803016946 0.0159739479 0.033278659 -0.0785459876 0.00800000038 0.0331222117 -0.0803016946 0.0159739479 0.033278659 -0.0935712084 0.00801802427 0.0294993091 -0.0935712084 0.00801802427 0.0294993091 -0.0803016946 0.0159739479 0.033278659 -0.0893719345 0.0160041135 0.0326607302 -0.0935712084 0.00801802427 0.0294993091 -0.0893719345 0.0160041135 0.0326607302 -0.107742697 0.0159809813 0.0158020183 -0.104761139 0.00800000038 0.0195248667 -0.0935712084 0.00801802427 0.0294993091 -0.107742697 0.0159809813 0.0158020183 -0.104761139 0.00800000038 0.0195248667 -0.107742697 0.0159809813 0.0158020183 -0.110922053 0.00800000038 0.00536099402 -0.110922053 0.00800000038 0.00536099402 -0.107742697 0.0159809813 0.0158020183 -0.111722112 0.016024299 0.00206622621 -0.110922053 0.00800000038 0.00536099402 -0.111722112 0.016024299 0.00206622621 -0.112915039 0.00793041848 -0.000563562382 -0.112915039 0.00793041848 -0.000563562382 -0.111722112 0.016024299 0.00206622621 -0.10676226 0.015981609 -0.0168947726 -0.102118798 0.00802566484 -0.0230445024 -0.112915039 0.00793041848 -0.000563562382 -0.10676226 0.015981609 -0.0168947726 -0.102118798 0.00802566484 -0.0230445024 -0.10676226 0.015981609 -0.0168947726 -0.0935611054 0.0159817655 -0.0295051057 -0.0863767862 0.0080259582 -0.0322892517 -0.102118798 0.00802566484 -0.0230445024 -0.0935611054 0.0159817655 -0.0295051057 -0.0863767862 0.0080259582 -0.0322892517 -0.0935611054 0.0159817655 -0.0295051057 -0.0756513253 0.0159548614 -0.0332765989 -0.0863767862 0.0080259582 -0.0322892517 -0.0756513253 0.0159548614 -0.0332765989 -0.0678477734 0.00937371608 -0.0317376144 -0.0632924885 0.00686101196 -0.0313540548 -0.0678477734 0.00937371608 -0.0317376144 -0.0560891964 0.0160000008 -0.0248454399 -0.0492381342 0.00802668929 -0.0168975126 -0.0632924885 0.00686101196 -0.0313540548 -0.0560891964 0.0160000008 -0.0248454399 -0.0492381342 0.00802668929 -0.0168975126 -0.0560891964 0.0160000008 -0.0248454399 -0.0485848151 0.0159726702 -0.0152416397 -0.0492381342 0.00802668929 -0.0168975126 -0.0485848151 0.0159726702 -0.0152416397 -0.0443949401 0.0160000008 0.00221856334 -0.0492381342 0.00802668929 -0.0168975126 -0.0443949401 0.0160000008 0.00221856334 -0.0446506813 0.0080270879 0.000772532192 -0.0813712701 -0.0318720974 -0.00845862646 -0.0849346071 0.0344032608 -0.00585115142 -0.086896278 -0.0318314396 -0.00234126393 -0.0710567236 -0.0314278603 -0.00588211324 -0.0762752444 -0.0323776975 -0.0090273777 -0.0813712701 -0.0318720974 -0.00845862646 -0.0690105483 -0.00849194918 0.0014440486 -0.0694216117 0.034295883 -0.00295410585 -0.0710567236 -0.0314278603 -0.00588211324 -0.0725475177 -0.0318483338 0.00783027615 -0.0690105483 -0.00849194918 0.0014440486 -0.0710567236 -0.0314278603 -0.00588211324 -0.085140802 0.0240608491 0.00587754836 -0.0796529204 0.0346433111 0.00902334601 -0.0725475177 -0.0318483338 0.00783027615 -0.086812757 -0.0333480947 0.00190022832 -0.085140802 0.0240608491 0.00587754836 -0.0725475177 -0.0318483338 0.00783027615 -0.086812757 -0.0333480947 0.00190022832 -0.0813712701 -0.0318720974 -0.00845862646 -0.086896278 -0.0318314396 -0.00234126393 -0.086812757 -0.0333480947 0.00190022832 -0.0710567236 -0.0314278603 -0.00588211324 -0.0813712701 -0.0318720974 -0.00845862646 -0.086812757 -0.0333480947 0.00190022832 -0.0725475177 -0.0318483338 0.00783027615 -0.0710567236 -0.0314278603 -0.00588211324 -0.102888845 -0.0333468206 0.0129370624 -0.0716034248 -0.0333538316 -0.0278259162 -0.086812757 -0.0333480947 0.00190022832 -0.0792519003 -0.0333569348 0.0237853099 -0.086812757 -0.0333480947 0.00190022832 -0.0716034248 -0.0333538316 -0.0278259162 -0.0792519003 -0.0333569348 0.0237853099 -0.102888845 -0.0333468206 0.0129370624 -0.086812757 -0.0333480947 0.00190022832 -0.0868931264 -0.0334673226 -0.0287472829 -0.0716034248 -0.0333538316 -0.0278259162 -0.102888845 -0.0333468206 0.0129370624 -0.0497490838 -0.0332876258 0.0033979835 -0.0792519003 -0.0333569348 0.0237853099 -0.0716034248 -0.0333538316 -0.0278259162 -0.105631791 -0.030217953 -0.00711606024 -0.0967965201 -0.0235721841 -0.0218508877 -0.0868931264 -0.0334673226 -0.0287472829 -0.105631791 -0.030217953 -0.00711606024 -0.102888845 -0.0333468206 0.0129370624 -0.106507577 -0.0266196467 0.000489746919 -0.0894067287 -0.0317178592 0.0262423772 -0.100681692 -0.0262010787 0.0174480714 -0.102888845 -0.0333468206 0.0129370624 -0.0523085706 -0.0239749327 0.0129639832 -0.0635446459 -0.0330709107 0.0255515743 -0.0497490838 -0.0332876258 0.0033979835 -0.0692574382 0.0275058802 0.00654798746 -0.0694216117 0.034295883 -0.00295410585 -0.0713887438 0.0339054614 0.00638628611 -0.0692574382 0.0275058802 0.00654798746 -0.0713887438 0.0339054614 0.00638628611 -0.0796529204 0.0346433111 0.00902334601 -0.0812399983 0.0274995919 0.00989755336 -0.0692574382 0.0275058802 0.00654798746 -0.0796529204 0.0346433111 0.00902334601 -0.0812399983 0.0274995919 0.00989755336 -0.0796529204 0.0346433111 0.00902334601 -0.0874837041 0.0275095291 0.00360380928 -0.0857099295 0.0275090858 -0.0078752581 -0.0874837041 0.0275095291 0.00360380928 -0.0849346071 0.0344032608 -0.00585115142 -0.0857099295 0.0275090858 -0.0078752581 -0.0849346071 0.0344032608 -0.00585115142 -0.0722593665 0.0275739226 -0.00712646917 -0.0722593665 0.0275739226 -0.00712646917 -0.0694216117 0.034295883 -0.00295410585 -0.0692574382 0.0275058802 0.00654798746 -0.0713887438 0.0339054614 0.00638628611 -0.0725475177 -0.0318483338 0.00783027615 -0.0796529204 0.0346433111 0.00902334601 -0.086812757 -0.0333480947 0.00190022832 -0.0796529204 0.0346433111 0.00902334601 -0.085140802 0.0240608491 0.00587754836 -0.0874837041 0.0275095291 0.00360380928 -0.0796529204 0.0346433111 0.00902334601 -0.086812757 -0.0333480947 0.00190022832 -0.0874837041 0.0275095291 0.00360380928 -0.086812757 -0.0333480947 0.00190022832 -0.086896278 -0.0318314396 -0.00234126393 -0.0874837041 0.0275095291 0.00360380928 -0.086896278 -0.0318314396 -0.00234126393 -0.0849346071 0.0344032608 -0.00585115142 -0.0762752444 -0.0323776975 -0.0090273777 -0.0849346071 0.0344032608 -0.00585115142 -0.0813712701 -0.0318720974 -0.00845862646 -0.0722593665 0.0275739226 -0.00712646917 -0.0849346071 0.0344032608 -0.00585115142 -0.0762752444 -0.0323776975 -0.0090273777 -0.0713887438 0.0339054614 0.00638628611 -0.0694216117 0.034295883 -0.00295410585 -0.0690105483 -0.00849194918 0.0014440486 -0.0785340443 -0.0253499504 -0.0290047936 -0.0716034248 -0.0333538316 -0.0278259162 -0.0868931264 -0.0334673226 -0.0287472829 -0.0967965201 -0.0235721841 -0.0218508877 -0.0785340443 -0.0253499504 -0.0290047936 -0.0868931264 -0.0334673226 -0.0287472829 -0.059546914 -0.0262590908 -0.0221325681 -0.0554531552 -0.0333953388 -0.0176524166 -0.0716034248 -0.0333538316 -0.0278259162 -0.0894067287 -0.0317178592 0.0262423772 -0.0792519003 -0.0333569348 0.0237853099 -0.0954396874 -0.0308983419 0.019137362 -0.0806841925 -0.0304177962 0.0282828193 -0.0894067287 -0.0317178592 0.0262423772 -0.0792519003 -0.0333569348 0.0237853099 -0.0635446459 -0.0330709107 0.0255515743 -0.0792519003 -0.0333569348 0.0237853099 -0.0497490838 -0.0332876258 0.0033979835 -0.105631791 -0.030217953 -0.00711606024 -0.0868931264 -0.0334673226 -0.0287472829 -0.1032646 -0.0271413811 -0.00285160844 -0.105631791 -0.030217953 -0.00711606024 -0.0868931264 -0.0334673226 -0.0287472829 -0.102888845 -0.0333468206 0.0129370624 -0.0554531552 -0.0333953388 -0.0176524166 -0.0497490838 -0.0332876258 0.0033979835 -0.0716034248 -0.0333538316 -0.0278259162 -0.0501615219 -0.0288461838 -0.00650190143 -0.0497490838 -0.0332876258 0.0033979835 -0.0554531552 -0.0333953388 -0.0176524166 -0.0894067287 -0.0317178592 0.0262423772 -0.102888845 -0.0333468206 0.0129370624 -0.0792519003 -0.0333569348 0.0237853099 -0.0713887438 0.0339054614 0.00638628611 -0.0690105483 -0.00849194918 0.0014440486 -0.0725475177 -0.0318483338 0.00783027615 -0.0722593665 0.0275739226 -0.00712646917 -0.0710567236 -0.0314278603 -0.00588211324 -0.0694216117 0.034295883 -0.00295410585 -0.0722593665 0.0275739226 -0.00712646917 -0.0762752444 -0.0323776975 -0.0090273777 -0.0710567236 -0.0314278603 -0.00588211324 -0.0727232248 -0.0146954479 -0.0347056687 -0.0882015824 -0.00195555063 -0.0339364558 -0.0743448213 0.00351039763 -0.0353335887 -0.0525394119 -0.00245485292 -0.0246033818 -0.0727232248 -0.0146954479 -0.0347056687 -0.0743448213 0.00351039763 -0.0353335887 -0.0956214443 -0.00632362068 0.0306383073 -0.109447606 -0.00403261045 0.0157587212 -0.108828403 -0.0175082013 0.0169275515 -0.0984188765 -0.00315283658 -0.028790025 -0.0882015824 -0.00195555063 -0.0339364558 -0.0727232248 -0.0146954479 -0.0347056687 -0.0511706136 0.0267315656 0.0201772209 -0.0454571024 0.0267324094 0.00694615068 -0.0776078552 0.0274489056 0.0300239399 -0.0987850651 0.0268876124 0.0257180687 -0.0852666348 0.0267253555 0.0327856727 -0.0776078552 0.0274489056 0.0300239399 -0.0776078552 0.0274489056 0.0300239399 -0.0852666348 0.0267253555 0.0327856727 -0.0658575892 0.0267336369 0.0314072333 -0.0511706136 0.0267315656 0.0201772209 -0.0776078552 0.0274489056 0.0300239399 -0.0658575892 0.0267336369 0.0314072333 -0.10780561 0.0267314781 -0.016841149 -0.109472685 0.0267261192 0.0127004515 -0.0987850651 0.0268876124 0.0257180687 -0.0875021145 0.0267429296 -0.032505326 -0.0984816849 0.0268101171 -0.0216235779 -0.0683494583 0.0267355461 -0.0318513736 -0.0875021145 0.0267429296 -0.032505326 -0.10780561 0.0267314781 -0.016841149 -0.0984816849 0.0268101171 -0.0216235779 -0.0715100765 -0.00739619043 0.0347731188 -0.0780893043 -0.0168299899 0.030440351 -0.0659274757 -0.0175158642 0.0296609737 -0.0635446459 -0.0330709107 0.0255515743 -0.0806841925 -0.0304177962 0.0282828193 -0.0792519003 -0.0333569348 0.0237853099 -0.106507577 -0.0266196467 0.000489746919 -0.102888845 -0.0333468206 0.0129370624 -0.100681692 -0.0262010787 0.0174480714 -0.0785340443 -0.0253499504 -0.0290047936 -0.059546914 -0.0262590908 -0.0221325681 -0.0716034248 -0.0333538316 -0.0278259162 -0.0501615219 -0.0288461838 -0.00650190143 -0.0554531552 -0.0333953388 -0.0176524166 -0.059546914 -0.0262590908 -0.0221325681 -0.0501615219 -0.0288461838 -0.00650190143 -0.0523085706 -0.0239749327 0.0129639832 -0.0497490838 -0.0332876258 0.0033979835 -0.0523085706 -0.0239749327 0.0129639832 -0.064011097 -0.0202465579 0.0247122589 -0.0635446459 -0.0330709107 0.0255515743 -0.0727232248 -0.0146954479 -0.0347056687 -0.0620069057 -0.0175503027 -0.026204709 -0.0795934647 -0.01677485 -0.0308418926 -0.0488799363 -0.0180616993 -0.0192927513 -0.0501425005 -0.0167895909 -0.0134919463 -0.0620069057 -0.0175503027 -0.026204709 -0.0659274757 -0.0175158642 0.0296609737 -0.0780893043 -0.0168299899 0.030440351 -0.0576869734 -0.0169285554 0.0230994467 -0.0980606303 -0.0175227784 -0.0236577634 -0.0795934647 -0.01677485 -0.0308418926 -0.105632767 -0.0169923808 -0.0148523878 -0.0847310871 -0.0179504827 0.0342631899 -0.0988121703 -0.017401509 0.0229466613 -0.0780893043 -0.0168299899 0.030440351 -0.0988121703 -0.017401509 0.0229466613 -0.104460344 -0.0169157144 0.0108468393 -0.0780893043 -0.0168299899 0.030440351 -0.112176932 -0.0168291666 0.00734391576 -0.105760932 -0.0168175474 -0.00634759525 -0.104460344 -0.0169157144 0.0108468393 -0.0785561353 -0.0168052819 -0.0282175243 -0.0795934647 -0.01677485 -0.0308418926 -0.0620069057 -0.0175503027 -0.026204709 -0.0431604832 -0.0190455262 0.00508780265 -0.0497733615 -0.0166654158 0.00667231157 -0.0461276919 -0.017373953 -0.000593093515 -0.0431604832 -0.0190455262 0.00508780265 -0.0493431054 -0.0168237779 0.0114206886 -0.0497733615 -0.0166654158 0.00667231157 -0.0701906309 -0.0183012206 -0.0341127515 -0.0674938634 -0.0189690143 -0.0293323137 -0.0620069057 -0.0175503027 -0.026204709 -0.0674938634 -0.0189690143 -0.0293323137 -0.0584535711 -0.0170044843 -0.0255185626 -0.0620069057 -0.0175503027 -0.026204709 -0.0701906309 -0.0183012206 -0.0341127515 -0.0620069057 -0.0175503027 -0.026204709 -0.0727232248 -0.0146954479 -0.0347056687 -0.0461276919 -0.017373953 -0.000593093515 -0.0497733615 -0.0166654158 0.00667231157 -0.0501425005 -0.0167895909 -0.0134919463 -0.104460344 -0.0169157144 0.0108468393 -0.094174616 -0.0165600944 0.0231933221 -0.0780893043 -0.0168299899 0.030440351 -0.0785561353 -0.0168052819 -0.0282175243 -0.0620069057 -0.0175503027 -0.026204709 -0.0501425005 -0.0167895909 -0.0134919463 -0.0584535711 -0.0170044843 -0.0255185626 -0.0488799363 -0.0180616993 -0.0192927513 -0.0620069057 -0.0175503027 -0.026204709 -0.0654342771 0.0331046246 -0.00152219029 -0.0783769563 0.0330793597 0.0147564597 -0.0907921195 0.0321707167 0.001426036 -0.0200293884 -0.0278090071 0.0162231475 -0.0352606587 -0.028179694 0.0160483494 -0.0256735031 -0.0321896039 -0.000369449001 -0.0300391484 -0.0190471131 0.0259069093 -0.0352606587 -0.028179694 0.0160483494 -0.0200293884 -0.0278090071 0.0162231475 -0.0199987032 -0.0128574762 0.0293294638 -0.0200399179 -0.00372931245 0.0320487544 -0.0568557121 -0.00718934927 0.0312679484 -0.0199987032 -0.0128574762 0.0293294638 -0.0568557121 -0.00718934927 0.0312679484 -0.0300391484 -0.0190471131 0.0259069093 -0.025656132 -1.65444289e-05 0.0231631119 -0.0200399179 -0.00372931245 0.0320487544 -0.0200132467 0.0092293648 0.0307166912 -0.0544067845 0.00662454311 0.0313633084 -0.0200399179 -0.00372931245 0.0320487544 -0.0200132467 0.0092293648 0.0307166912 -0.0477773249 0.0151877077 0.0284965876 -0.0544067845 0.00662454311 0.0313633084 -0.0200132467 0.0092293648 0.0307166912 -0.0204089042 0.022542309 0.023758566 -0.0477773249 0.0151877077 0.0284965876 -0.0200132467 0.0092293648 0.0307166912 -0.0324773379 0.0329169109 -0.00061978423 -0.0201445576 0.0294838697 0.0120163206 -0.0200255383 0.0241045933 -0.0011124966 -0.0405491367 0.0244867001 -0.0227305535 -0.0324773379 0.0329169109 -0.00061978423 -0.0200313851 0.0253331456 -0.0209214445 -0.0200000722 -0.0122401742 -0.0295662545 -0.0201846845 -0.0220050253 -0.0240669623 -0.0523539595 -0.00714141689 -0.0313947834 -0.0274971053 -0.00159483531 -0.0324821733 -0.0200000722 -0.0122401742 -0.0295662545 -0.0523539595 -0.00714141689 -0.0313947834 -0.0199994035 -0.0294590462 -0.0126583828 -0.0363675691 -0.027283024 -0.0176067278 -0.0201846845 -0.0220050253 -0.0240669623 -0.0199994035 -0.0294590462 -0.0126583828 -0.0256735031 -0.0321896039 -0.000369449001 -0.0363675691 -0.027283024 -0.0176067278 -0.0927683935 -0.0200156812 -0.032387834 -0.0857988372 -0.0200138204 -0.0291872844 -0.0892306492 -0.0274654776 -0.0265788306 -0.098312363 -0.0207746625 0.0205563437 -0.103710681 -0.0198890567 0.0246237405 -0.0988615155 -0.0273980461 0.0204243753 -0.0729252174 -0.0173527393 -0.0352350958 -0.0796852335 -0.0173525512 -0.0355587564 -0.0863739327 -0.0197371095 -0.0345990658 -0.0663540587 -0.0195269976 -0.0336395949 -0.0729252174 -0.0173527393 -0.0352350958 -0.0863739327 -0.0197371095 -0.0345990658 -0.0796365291 -0.0200035628 0.0355581269 -0.0729416683 -0.0173525251 0.0352374576 -0.0663108677 -0.0196431465 0.0336249247 -0.0494593978 -0.0220950469 -0.00665866118 -0.0499851927 -0.0274837129 0.0114898887 -0.0511261895 -0.0201918557 0.0115010701 -0.0568978116 -0.0200410355 -0.0206200145 -0.0512249656 -0.0274936091 -0.0119837131 -0.0494593978 -0.0220950469 -0.00665866118 -0.103775337 -0.0200311188 -0.0152628263 -0.0892306492 -0.0274654776 -0.0265788306 -0.0857988372 -0.0200138204 -0.0291872844 -0.0989852026 -0.0274012405 -0.0202538054 -0.103775337 -0.0200311188 -0.0152628263 -0.105059825 -0.0235031806 -0.0109499013 -0.106777072 -0.0274698809 0.00407488691 -0.105059825 -0.0235031806 -0.0109499013 -0.103775337 -0.0200311188 -0.0152628263 -0.103949644 -0.0200391989 0.013001224 -0.098312363 -0.0207746625 0.0205563437 -0.0988615155 -0.0273980461 0.0204243753 -0.0892040208 -0.0200614687 0.0266319402 -0.0988615155 -0.0273980461 0.0204243753 -0.098312363 -0.0207746625 0.0205563437 -0.0342020951 0.0233368557 0.00279027037 -0.0200255383 0.0241045933 -0.0011124966 -0.0324773379 0.0329169109 -0.00061978423 -0.0281003639 0.0152175035 -0.0176351015 -0.020139195 0.0187032875 -0.0136544909 -0.0200313851 0.0253331456 -0.0209214445 -0.020055186 0.00477147801 -0.0226090848 -0.0274971053 -0.00159483531 -0.0324821733 -0.0201826263 -0.00489639211 -0.0225508846 -0.0601207092 0.0340068266 -0.0307992268 -0.0546466596 0.0337332189 -0.0268800147 -0.0596194603 0.0160897933 -0.0319404341 -0.054916814 0.0336048566 0.0287444796 -0.062539801 0.0339999981 0.0331744216 -0.0688132346 0.0339983292 0.0354283899 -0.0753959864 0.0340416431 0.0365071483 -0.0706050172 -0.0275099818 0.0359705575 -0.0688132346 0.0339983292 0.0354283899 -0.0803954527 -0.0270293914 0.0365601219 -0.0706050172 -0.0275099818 0.0359705575 -0.0753959864 0.0340416431 0.0365071483 -0.0823582038 0.0336692147 0.0363505445 -0.0803954527 -0.0270293914 0.0365601219 -0.0753959864 0.0340416431 0.0365071483 -0.0903792754 -0.0274561774 0.0344737768 -0.0823582038 0.0336692147 0.0363505445 -0.0885949135 0.034046445 0.0350328386 -0.0947752297 0.0340469852 0.0325291157 -0.0903792754 -0.0274561774 0.0344737768 -0.0885949135 0.034046445 0.0350328386 -0.0962687433 -0.0272199418 0.031759195 -0.0903792754 -0.0274561774 0.0344737768 -0.0947752297 0.0340469852 0.0325291157 -0.10039869 0.0340502188 0.028945636 -0.0962687433 -0.0272199418 0.031759195 -0.0947752297 0.0340469852 0.0325291157 -0.102983795 -0.0275168158 0.0268305354 -0.0962687433 -0.0272199418 0.031759195 -0.10039869 0.0340502188 0.028945636 -0.105278715 0.0340526551 0.0244012754 -0.102983795 -0.0275168158 0.0268305354 -0.10039869 0.0340502188 0.028945636 -0.10936591 -0.0274147373 0.0191157684 -0.102983795 -0.0275168158 0.0268305354 -0.105278715 0.0340526551 0.0244012754 -0.109253205 0.0340546817 0.0190469828 -0.10936591 -0.0274147373 0.0191157684 -0.105278715 0.0340526551 0.0244012754 -0.112190686 0.0338139944 0.0130613288 -0.10936591 -0.0274147373 0.0191157684 -0.109253205 0.0340546817 0.0190469828 -0.11399243 0.0340574905 0.00664038211 -0.113688171 -0.0271070581 0.00829101633 -0.112190686 0.0338139944 0.0130613288 -0.114731848 -0.027369732 4.68083208e-08 -0.113688171 -0.0271070581 0.00829101633 -0.11399243 0.0340574905 0.00664038211 -0.114599861 0.0340583324 -9.30511277e-08 -0.114731848 -0.027369732 4.68083208e-08 -0.11399243 0.0340574905 0.00664038211 -0.113992393 0.0340588354 -0.00664055767 -0.114731848 -0.027369732 4.68083208e-08 -0.114599861 0.0340583324 -9.30511277e-08 -0.113297269 -0.0276614111 -0.00990861934 -0.114731848 -0.027369732 4.68083208e-08 -0.113992393 0.0340588354 -0.00664055767 -0.112190187 0.0340590328 -0.0130606471 -0.113297269 -0.0276614111 -0.00990861934 -0.113992393 0.0340588354 -0.00664055767 -0.110861227 -0.0273365714 -0.016118234 -0.113297269 -0.0276614111 -0.00990861934 -0.112190187 0.0340590328 -0.0130606471 -0.109253109 0.0340589769 -0.0190471206 -0.110861227 -0.0273365714 -0.016118234 -0.112190187 0.0340590328 -0.0130606471 -0.108380817 -0.0269765388 -0.0204788614 -0.110861227 -0.0273365714 -0.016118234 -0.109253109 0.0340589769 -0.0190471206 -0.105278604 0.0340586752 -0.0244013816 -0.108380817 -0.0269765388 -0.0204788614 -0.109253109 0.0340589769 -0.0190471206 -0.104158022 -0.0274049696 -0.0256547313 -0.108380817 -0.0269765388 -0.0204788614 -0.105278604 0.0340586752 -0.0244013816 -0.100398555 0.0340581872 -0.0289457142 -0.104158022 -0.0274049696 -0.0256547313 -0.105278604 0.0340586752 -0.0244013816 -0.0990685374 -0.0274702404 -0.0299754627 -0.104158022 -0.0274049696 -0.0256547313 -0.100398555 0.0340581872 -0.0289457142 -0.0947750956 0.0340575315 -0.0325291604 -0.0990685374 -0.0274702404 -0.0299754627 -0.100398555 0.0340581872 -0.0289457142 -0.0947748572 -0.0271808188 -0.032529369 -0.0990685374 -0.0274702404 -0.0299754627 -0.0947750956 0.0340575315 -0.0325291604 -0.0901994929 -0.0269201733 -0.0345477313 -0.0947748572 -0.0271808188 -0.032529369 -0.0947750956 0.0340575315 -0.0325291604 -0.0885947794 0.0340567231 -0.0350328535 -0.0901994929 -0.0269201733 -0.0345477313 -0.0947750956 0.0340575315 -0.0325291604 -0.0853599235 -0.0270665586 -0.0358533114 -0.0901994929 -0.0269201733 -0.0345477313 -0.0885947794 0.0340567231 -0.0350328535 -0.0820627287 0.0340557918 -0.0363736786 -0.0853599235 -0.0270665586 -0.0358533114 -0.0885947794 0.0340567231 -0.0350328535 -0.0820627585 -0.0265000015 -0.036373809 -0.0853599235 -0.0270665586 -0.0358533114 -0.0820627287 0.0340557918 -0.0363736786 -0.0787329972 -0.0269577671 -0.036593426 -0.0820627585 -0.0265000015 -0.036373809 -0.0820627287 0.0340557918 -0.0363736786 -0.0753958821 0.034054745 -0.036507111 -0.0787329972 -0.0269577671 -0.036593426 -0.0820627287 0.0340557918 -0.0363736786 -0.0737188086 -0.0274373982 -0.0363879129 -0.0787329972 -0.0269577671 -0.036593426 -0.0753958821 0.034054745 -0.036507111 -0.068815276 0.0340000317 -0.035428822 -0.0737188086 -0.0274373982 -0.0363879129 -0.0753958821 0.034054745 -0.036507111 -0.0661548451 -0.0272923689 -0.0346208066 -0.0737188086 -0.0274373982 -0.0363879129 -0.068815276 0.0340000317 -0.035428822 -0.0200500749 -0.00744280592 0.0218592491 -0.0199987032 -0.0128574762 0.0293294638 -0.0200293884 -0.0278090071 0.0162231475 -0.0200038049 -0.0207095202 0.0101195015 -0.0200500749 -0.00744280592 0.0218592491 -0.0200293884 -0.0278090071 0.0162231475 -0.0200038049 -0.0207095202 0.0101195015 -0.0200293884 -0.0278090071 0.0162231475 -0.0199994035 -0.0294590462 -0.0126583828 -0.0200005081 -0.0213756971 -0.00860641245 -0.0200038049 -0.0207095202 0.0101195015 -0.0199994035 -0.0294590462 -0.0126583828 -0.0200029928 0.00906438939 0.0211868361 -0.0200016256 0.0211003162 0.00914894417 -0.0200132467 0.0092293648 0.0307166912 -0.0200029928 0.00906438939 0.0211868361 -0.0200132467 0.0092293648 0.0307166912 -0.0200399179 -0.00372931245 0.0320487544 -0.0200029928 0.00906438939 0.0211868361 -0.0200399179 -0.00372931245 0.0320487544 -0.0199987032 -0.0128574762 0.0293294638 -0.0200029928 0.00906438939 0.0211868361 -0.0199987032 -0.0128574762 0.0293294638 -0.0200500749 -0.00744280592 0.0218592491 -0.0200671703 0.0110844271 -0.0300057977 -0.0200313851 0.0253331456 -0.0209214445 -0.020055186 0.00477147801 -0.0226090848 -0.020055186 0.00477147801 -0.0226090848 -0.0200313851 0.0253331456 -0.0209214445 -0.020139195 0.0187032875 -0.0136544909 -0.020139195 0.0187032875 -0.0136544909 -0.0200313851 0.0253331456 -0.0209214445 -0.0200255383 0.0241045933 -0.0011124966 -0.0200016256 0.0211003162 0.00914894417 -0.0200255383 0.0241045933 -0.0011124966 -0.0201445576 0.0294838697 0.0120163206 -0.0200016256 0.0211003162 0.00914894417 -0.0201445576 0.0294838697 0.0120163206 -0.0204089042 0.022542309 0.023758566 -0.0200016256 0.0211003162 0.00914894417 -0.0204089042 0.022542309 0.023758566 -0.0200132467 0.0092293648 0.0307166912 -0.0200005081 -0.0213756971 -0.00860641245 -0.0199994035 -0.0294590462 -0.0126583828 -0.0201846845 -0.0220050253 -0.0240669623 -0.0200005081 -0.0213756971 -0.00860641245 -0.0201846845 -0.0220050253 -0.0240669623 -0.0201826263 -0.00489639211 -0.0225508846 -0.0201826263 -0.00489639211 -0.0225508846 -0.0201846845 -0.0220050253 -0.0240669623 -0.0200000722 -0.0122401742 -0.0295662545 -0.020055186 0.00477147801 -0.0226090848 -0.0201826263 -0.00489639211 -0.0225508846 -0.0200000722 -0.0122401742 -0.0295662545 -0.0200671703 0.0110844271 -0.0300057977 -0.020055186 0.00477147801 -0.0226090848 -0.0200000722 -0.0122401742 -0.0295662545 -0.0323819369 -0.0275000948 5.47067721e-05 -0.0499851927 -0.0274837129 0.0114898887 -0.0512249656 -0.0274936091 -0.0119837131 -0.0683362633 -0.0274521708 0.0270817354 -0.0499851927 -0.0274837129 0.0114898887 -0.0506255478 -0.0270006824 0.0258755405 -0.102983795 -0.0275168158 0.0268305354 -0.0988615155 -0.0273980461 0.0204243753 -0.0903792754 -0.0274561774 0.0344737768 -0.102983795 -0.0275168158 0.0268305354 -0.098312363 -0.0207746625 0.0205563437 -0.0988615155 -0.0273980461 0.0204243753 -0.10936591 -0.0274147373 0.0191157684 -0.0988615155 -0.0273980461 0.0204243753 -0.102983795 -0.0275168158 0.0268305354 -0.0664971098 -0.0211903416 -0.026540596 -0.0363675691 -0.027283024 -0.0176067278 -0.0512249656 -0.0274936091 -0.0119837131 -0.0664971098 -0.0211903416 -0.026540596 -0.0661548451 -0.0272923689 -0.0346208066 -0.0363675691 -0.027283024 -0.0176067278 -0.0780066401 -0.0274283346 -0.0290319622 -0.0892306492 -0.0274654776 -0.0265788306 -0.0737188086 -0.0274373982 -0.0363879129 -0.0737188086 -0.0274373982 -0.0363879129 -0.0892306492 -0.0274654776 -0.0265788306 -0.0927683935 -0.0200156812 -0.032387834 -0.0737188086 -0.0274373982 -0.0363879129 -0.0927683935 -0.0200156812 -0.032387834 -0.0947748572 -0.0271808188 -0.032529369 -0.0947748572 -0.0271808188 -0.032529369 -0.0927683935 -0.0200156812 -0.032387834 -0.0892306492 -0.0274654776 -0.0265788306 -0.110861227 -0.0273365714 -0.016118234 -0.105059825 -0.0235031806 -0.0109499013 -0.114731848 -0.027369732 4.68083208e-08 -0.114731848 -0.027369732 4.68083208e-08 -0.105059825 -0.0235031806 -0.0109499013 -0.106777072 -0.0274698809 0.00407488691 -0.0771312714 -0.0274593234 0.0289627053 -0.0903792754 -0.0274561774 0.0344737768 -0.0988615155 -0.0273980461 0.0204243753 -0.0771312714 -0.0274593234 0.0289627053 -0.0683362633 -0.0274521708 0.0270817354 -0.0706050172 -0.0275099818 0.0359705575 -0.0323819369 -0.0275000948 5.47067721e-05 -0.0352606587 -0.028179694 0.0160483494 -0.0499851927 -0.0274837129 0.0114898887 -0.0323819369 -0.0275000948 5.47067721e-05 -0.0512249656 -0.0274936091 -0.0119837131 -0.0363675691 -0.027283024 -0.0176067278 -0.0780066401 -0.0274283346 -0.0290319622 -0.0661548451 -0.0272923689 -0.0346208066 -0.0664971098 -0.0211903416 -0.026540596 -0.104158022 -0.0274049696 -0.0256547313 -0.0989852026 -0.0274012405 -0.0202538054 -0.110861227 -0.0273365714 -0.016118234 -0.0990685374 -0.0274702404 -0.0299754627 -0.0989852026 -0.0274012405 -0.0202538054 -0.104158022 -0.0274049696 -0.0256547313 -0.10936591 -0.0274147373 0.0191157684 -0.106777072 -0.0274698809 0.00407488691 -0.0988615155 -0.0273980461 0.0204243753 -0.0506255478 -0.0270006824 0.0258755405 -0.0499851927 -0.0274837129 0.0114898887 -0.0352606587 -0.028179694 0.0160483494 -0.0248431936 -0.0155467633 -0.0174640082 -0.0201826263 -0.00489639211 -0.0225508846 -0.0458868146 -0.017281834 -0.0170932952 -0.0498607904 0.0073154401 -0.0220559165 -0.0201826263 -0.00489639211 -0.0225508846 -0.020055186 0.00477147801 -0.0226090848 -0.0498607904 0.0073154401 -0.0220559165 -0.020055186 0.00477147801 -0.0226090848 -0.0281003639 0.0152175035 -0.0176351015 -0.0434419997 0.0212842114 -0.00924671162 -0.0281003639 0.0152175035 -0.0176351015 -0.020139195 0.0187032875 -0.0136544909 -0.0434419997 0.0212842114 -0.00924671162 -0.020139195 0.0187032875 -0.0136544909 -0.0200255383 0.0241045933 -0.0011124966 -0.0434419997 0.0212842114 -0.00924671162 -0.0200255383 0.0241045933 -0.0011124966 -0.0342020951 0.0233368557 0.00279027037 -0.0449394546 0.0186982919 0.0136842141 -0.0342020951 0.0233368557 0.00279027037 -0.0200016256 0.0211003162 0.00914894417 -0.0238226969 0.016867239 0.0161601678 -0.0449394546 0.0186982919 0.0136842141 -0.0200016256 0.0211003162 0.00914894417 -0.0490380563 0.0101828044 0.0208279416 -0.0238226969 0.016867239 0.0161601678 -0.0200029928 0.00906438939 0.0211868361 -0.0502726361 0.00556665659 0.0223976783 -0.0490380563 0.0101828044 0.0208279416 -0.0200029928 0.00906438939 0.0211868361 -0.0200029928 0.00906438939 0.0211868361 -0.0200500749 -0.00744280592 0.0218592491 -0.025656132 -1.65444289e-05 0.0231631119 -0.0502726361 0.00556665659 0.0223976783 -0.0200029928 0.00906438939 0.0211868361 -0.025656132 -1.65444289e-05 0.0231631119 -0.0490054786 -0.00967463385 0.0208024308 -0.0200500749 -0.00744280592 0.0218592491 -0.0243933648 -0.0155768525 0.0171039701 -0.0243933648 -0.0155768525 0.0171039701 -0.0200038049 -0.0207095202 0.0101195015 -0.0511261895 -0.0201918557 0.0115010701 -0.0243933648 -0.0155768525 0.0171039701 -0.0200500749 -0.00744280592 0.0218592491 -0.0200038049 -0.0207095202 0.0101195015 -0.0246928949 -0.0234446432 0.000964934123 -0.0511261895 -0.0201918557 0.0115010701 -0.0200038049 -0.0207095202 0.0101195015 -0.0248431936 -0.0155467633 -0.0174640082 -0.0458868146 -0.017281834 -0.0170932952 -0.0200005081 -0.0213756971 -0.00860641245 -0.0246928949 -0.0234446432 0.000964934123 -0.0200005081 -0.0213756971 -0.00860641245 -0.0494593978 -0.0220950469 -0.00665866118 -0.0458868146 -0.017281834 -0.0170932952 -0.0494593978 -0.0220950469 -0.00665866118 -0.0200005081 -0.0213756971 -0.00860641245 -0.0199994035 -0.0294590462 -0.0126583828 -0.0200293884 -0.0278090071 0.0162231475 -0.0256735031 -0.0321896039 -0.000369449001 -0.0200313851 0.0253331456 -0.0209214445 -0.0324773379 0.0329169109 -0.00061978423 -0.0200255383 0.0241045933 -0.0011124966 -0.0200671703 0.0110844271 -0.0300057977 -0.0405491367 0.0244867001 -0.0227305535 -0.0200313851 0.0253331456 -0.0209214445 -0.0200671703 0.0110844271 -0.0300057977 -0.0200000722 -0.0122401742 -0.0295662545 -0.0274971053 -0.00159483531 -0.0324821733 -0.0246928949 -0.0234446432 0.000964934123 -0.0200038049 -0.0207095202 0.0101195015 -0.0200005081 -0.0213756971 -0.00860641245 -0.0248431936 -0.0155467633 -0.0174640082 -0.0200005081 -0.0213756971 -0.00860641245 -0.0201826263 -0.00489639211 -0.0225508846 -0.020055186 0.00477147801 -0.0226090848 -0.020139195 0.0187032875 -0.0136544909 -0.0281003639 0.0152175035 -0.0176351015 -0.0200016256 0.0211003162 0.00914894417 -0.0342020951 0.0233368557 0.00279027037 -0.0200255383 0.0241045933 -0.0011124966 -0.0238226969 0.016867239 0.0161601678 -0.0200016256 0.0211003162 0.00914894417 -0.0200029928 0.00906438939 0.0211868361 -0.0200671703 0.0110844271 -0.0300057977 -0.0274971053 -0.00159483531 -0.0324821733 -0.020055186 0.00477147801 -0.0226090848 -0.0238226969 0.016867239 0.0161601678 -0.0201445576 0.0294838697 0.0120163206 -0.0204089042 0.022542309 0.023758566 -0.0243933648 -0.0155768525 0.0171039701 -0.0300391484 -0.0190471131 0.0259069093 -0.0200293884 -0.0278090071 0.0162231475 -0.0663564503 0.0339307263 0.0336420685 -0.0753959864 0.0340416431 0.0365071483 -0.0688132346 0.0339983292 0.0354283899 -0.0663564503 0.0339307263 0.0336420685 -0.0688132346 0.0339983292 0.0354283899 -0.062539801 0.0339999981 0.0331744216 -0.0602000393 0.0339308903 0.0308305472 -0.0663564503 0.0339307263 0.0336420685 -0.062539801 0.0339999981 0.0331744216 -0.0602000393 0.0339308903 0.0308305472 -0.062539801 0.0339999981 0.0331744216 -0.054916814 0.0336048566 0.0287444796 -0.0546873286 0.0339292139 0.0269049946 -0.0602000393 0.0339308903 0.0308305472 -0.054916814 0.0336048566 0.0287444796 -0.0663563311 0.0339307301 -0.0336420275 -0.0601207092 0.0340068266 -0.0307992268 -0.0596194603 0.0160897933 -0.0319404341 -0.0663563311 0.0339307301 -0.0336420275 -0.0596194603 0.0160897933 -0.0319404341 -0.068815276 0.0340000317 -0.035428822 -0.0663563311 0.0339307301 -0.0336420275 -0.068815276 0.0340000317 -0.035428822 -0.0753958821 0.034054745 -0.036507111 -0.107702442 -0.0199475773 -0.0195988975 -0.0857988372 -0.0200138204 -0.0291872844 -0.0927683935 -0.0200156812 -0.032387834 -0.0927953199 -0.0199656114 0.0323770903 -0.0796365291 -0.0200035628 0.0355581269 -0.0663108677 -0.0196431465 0.0336249247 -0.0657489374 -0.0200771652 0.0300137214 -0.0663108677 -0.0196431465 0.0336249247 -0.0601816289 -0.0197394043 0.030820366 -0.113590784 -0.019996142 -0.000120010256 -0.111046106 -0.0199815631 0.013226239 -0.103949644 -0.0200391989 0.013001224 -0.11106164 -0.0196520872 -0.013204311 -0.113590784 -0.019996142 -0.000120010256 -0.103775337 -0.0200311188 -0.0152628263 -0.0863739327 -0.0197371095 -0.0345990658 -0.0927683935 -0.0200156812 -0.032387834 -0.0857988372 -0.0200138204 -0.0291872844 -0.0601976253 -0.019946618 -0.0308262091 -0.0663540587 -0.0195269976 -0.0336395949 -0.0857988372 -0.0200138204 -0.0291872844 -0.0601976253 -0.019946618 -0.0308262091 -0.0857988372 -0.0200138204 -0.0291872844 -0.0664971098 -0.0211903416 -0.026540596 -0.0663540587 -0.0195269976 -0.0336395949 -0.0863739327 -0.0197371095 -0.0345990658 -0.0857988372 -0.0200138204 -0.0291872844 -0.0505449586 -0.0195691269 0.0224505514 -0.0511261895 -0.0201918557 0.0115010701 -0.0593755916 -0.0200695787 0.0222707819 -0.0593755916 -0.0200695787 0.0222707819 -0.0657489374 -0.0200771652 0.0300137214 -0.0601816289 -0.0197394043 0.030820366 -0.0505449586 -0.0195691269 0.0224505514 -0.0593755916 -0.0200695787 0.0222707819 -0.0601816289 -0.0197394043 0.030820366 -0.0988533795 -0.0199274365 0.028840106 -0.0927953199 -0.0199656114 0.0323770903 -0.0892040208 -0.0200614687 0.0266319402 -0.103949644 -0.0200391989 0.013001224 -0.103710681 -0.0198890567 0.0246237405 -0.098312363 -0.0207746625 0.0205563437 -0.113590784 -0.019996142 -0.000120010256 -0.103949644 -0.0200391989 0.013001224 -0.103775337 -0.0200311188 -0.0152628263 -0.111046106 -0.0199815631 0.013226239 -0.103710681 -0.0198890567 0.0246237405 -0.103949644 -0.0200391989 0.013001224 -0.107702442 -0.0199475773 -0.0195988975 -0.105059825 -0.0235031806 -0.0109499013 -0.103775337 -0.0200311188 -0.0152628263 -0.11106164 -0.0196520872 -0.013204311 -0.103775337 -0.0200311188 -0.0152628263 -0.105059825 -0.0235031806 -0.0109499013 -0.11106164 -0.0196520872 -0.013204311 -0.105059825 -0.0235031806 -0.0109499013 -0.107702442 -0.0199475773 -0.0195988975 -0.107702442 -0.0199475773 -0.0195988975 -0.103775337 -0.0200311188 -0.0152628263 -0.0857988372 -0.0200138204 -0.0291872844 -0.0601976253 -0.019946618 -0.0308262091 -0.0661548451 -0.0272923689 -0.0346208066 -0.0664971098 -0.0211903416 -0.026540596 -0.0601976253 -0.019946618 -0.0308262091 -0.0664971098 -0.0211903416 -0.026540596 -0.0568978116 -0.0200410355 -0.0206200145 -0.0458868146 -0.017281834 -0.0170932952 -0.0568978116 -0.0200410355 -0.0206200145 -0.0494593978 -0.0220950469 -0.00665866118 -0.0988533795 -0.0199274365 0.028840106 -0.0892040208 -0.0200614687 0.0266319402 -0.098312363 -0.0207746625 0.0205563437 -0.0593755916 -0.0200695787 0.0222707819 -0.0892040208 -0.0200614687 0.0266319402 -0.0927953199 -0.0199656114 0.0323770903 -0.0657489374 -0.0200771652 0.0300137214 -0.0927953199 -0.0199656114 0.0323770903 -0.0663108677 -0.0196431465 0.0336249247 -0.0593755916 -0.0200695787 0.0222707819 -0.0927953199 -0.0199656114 0.0323770903 -0.0657489374 -0.0200771652 0.0300137214 -0.0864003673 -0.0196320154 0.0345920958 -0.0796365291 -0.0200035628 0.0355581269 -0.0927953199 -0.0199656114 0.0323770903 -0.0485251434 0.0339439176 -0.020286629 -0.0498607904 0.0073154401 -0.0220559165 -0.0434419997 0.0212842114 -0.00924671162 -0.0485251434 0.0339439176 -0.020286629 -0.0546466596 0.0337332189 -0.0268800147 -0.0498607904 0.0073154401 -0.0220559165 -0.0546840429 -0.0173784588 0.026902454 -0.0490054786 -0.00967463385 0.0208024308 -0.0505449586 -0.0195691269 0.0224505514 -0.0546873286 0.0339292139 0.0269049946 -0.0490380563 0.0101828044 0.0208279416 -0.0502726361 0.00556665659 0.0223976783 -0.0497273803 0.0327508748 0.0234634113 -0.0449394546 0.0186982919 0.0136842141 -0.0490380563 0.0101828044 0.0208279416 -0.0546855815 -0.0173871927 -0.026903512 -0.0546466596 0.0337332189 -0.0268800147 -0.0601976253 -0.019946618 -0.0308262091 -0.0601976253 -0.019946618 -0.0308262091 -0.0546466596 0.0337332189 -0.0268800147 -0.0601207092 0.0340068266 -0.0307992268 -0.0601976253 -0.019946618 -0.0308262091 -0.0601207092 0.0340068266 -0.0307992268 -0.0663540587 -0.0195269976 -0.0336395949 -0.0663563311 0.0339307301 -0.0336420275 -0.0663540587 -0.0195269976 -0.0336395949 -0.0601207092 0.0340068266 -0.0307992268 -0.0663563311 0.0339307301 -0.0336420275 -0.0729252174 -0.0173527393 -0.0352350958 -0.0663540587 -0.0195269976 -0.0336395949 -0.0729335919 0.0337000005 -0.0352376439 -0.0729252174 -0.0173527393 -0.0352350958 -0.0663563311 0.0339307301 -0.0336420275 -0.0729335919 0.0337000005 -0.0352376439 -0.0796852335 -0.0173525512 -0.0355587564 -0.0729252174 -0.0173527393 -0.0352350958 -0.0796939135 0.0337000005 -0.0355596766 -0.0796852335 -0.0173525512 -0.0355587564 -0.0729335919 0.0337000005 -0.0352376439 -0.0796939135 0.0337000005 -0.0355596766 -0.0863739327 -0.0197371095 -0.0345990658 -0.0796852335 -0.0173525512 -0.0355587564 -0.086393021 0.0337000005 -0.0345964916 -0.0863739327 -0.0197371095 -0.0345990658 -0.0796939135 0.0337000005 -0.0355596766 -0.086393021 0.0337000005 -0.0345964916 -0.0927683935 -0.0200156812 -0.032387834 -0.0863739327 -0.0197371095 -0.0345990658 -0.0927887782 0.0337000005 -0.032382898 -0.0927683935 -0.0200156812 -0.032387834 -0.086393021 0.0337000005 -0.0345964916 -0.0986499786 -0.0174024478 -0.0289989244 -0.0927683935 -0.0200156812 -0.032387834 -0.0927887782 0.0337000005 -0.032382898 -0.0986500233 0.0337000005 -0.0289989039 -0.0986499786 -0.0174024478 -0.0289989244 -0.0927887782 0.0337000005 -0.032382898 -0.103764892 -0.017402092 -0.0245668367 -0.0986499786 -0.0174024478 -0.0289989244 -0.0986500233 0.0337000005 -0.0289989039 -0.103764929 0.0337000005 -0.0245668124 -0.103764892 -0.017402092 -0.0245668367 -0.0986500233 0.0337000005 -0.0289989039 -0.103764929 0.0337000005 -0.0245668124 -0.107702442 -0.0199475773 -0.0195988975 -0.103764892 -0.017402092 -0.0245668367 -0.107948624 0.0337000005 -0.0192468129 -0.107702442 -0.0199475773 -0.0195988975 -0.103764929 0.0337000005 -0.0245668124 -0.107948624 0.0337000005 -0.0192468129 -0.11106164 -0.0196520872 -0.013204311 -0.107702442 -0.0199475773 -0.0195988975 -0.111049898 0.0337000005 -0.0132311834 -0.11106164 -0.0196520872 -0.013204311 -0.107948624 0.0337000005 -0.0192468129 -0.112956651 -0.0174011216 -0.00673735235 -0.11106164 -0.0196520872 -0.013204311 -0.111049898 0.0337000005 -0.0132311834 -0.112956658 0.0337000005 -0.00673734443 -0.112956651 -0.0174011216 -0.00673735235 -0.111049898 0.0337000005 -0.0132311834 -0.112956658 0.0337000005 -0.00673734443 -0.113590784 -0.019996142 -0.000120010256 -0.112956651 -0.0174011216 -0.00673735235 -0.113600001 0.0337000005 -7.03132691e-12 -0.113590784 -0.019996142 -0.000120010256 -0.112956658 0.0337000005 -0.00673734443 -0.112956665 -0.0174005534 0.0067372499 -0.113590784 -0.019996142 -0.000120010256 -0.113600001 0.0337000005 -7.03132691e-12 -0.112956658 0.0337000005 0.00673734443 -0.112956665 -0.0174005534 0.0067372499 -0.113600001 0.0337000005 -7.03132691e-12 -0.112956658 0.0337000005 0.00673734443 -0.111046106 -0.0199815631 0.013226239 -0.112956665 -0.0174005534 0.0067372499 -0.111049898 0.0337000005 0.0132311834 -0.111046106 -0.0199815631 0.013226239 -0.112956658 0.0337000005 0.00673734443 -0.107948661 -0.0174000543 0.019246744 -0.111046106 -0.0199815631 0.013226239 -0.111049898 0.0337000005 0.0132311834 -0.107948624 0.0337000005 0.0192468129 -0.107948661 -0.0174000543 0.019246744 -0.111049898 0.0337000005 0.0132311834 -0.107948624 0.0337000005 0.0192468129 -0.103710681 -0.0198890567 0.0246237405 -0.107948661 -0.0174000543 0.019246744 -0.103764929 0.0337000005 0.0245668124 -0.103710681 -0.0198890567 0.0246237405 -0.107948624 0.0337000005 0.0192468129 -0.103764929 0.0337000005 0.0245668124 -0.0988533795 -0.0199274365 0.028840106 -0.103710681 -0.0198890567 0.0246237405 -0.0986500233 0.0337000005 0.0289989039 -0.0988533795 -0.0199274365 0.028840106 -0.103764929 0.0337000005 0.0245668124 -0.0986500233 0.0337000005 0.0289989039 -0.0927953199 -0.0199656114 0.0323770903 -0.0988533795 -0.0199274365 0.028840106 -0.0927887782 0.0337000005 0.032382898 -0.0927953199 -0.0199656114 0.0323770903 -0.0986500233 0.0337000005 0.0289989039 -0.0927887782 0.0337000005 0.032382898 -0.0864003673 -0.0196320154 0.0345920958 -0.0927953199 -0.0199656114 0.0323770903 -0.086393021 0.0337000005 0.0345964916 -0.0864003673 -0.0196320154 0.0345920958 -0.0927887782 0.0337000005 0.032382898 -0.086393021 0.0337000005 0.0345964916 -0.0796365291 -0.0200035628 0.0355581269 -0.0864003673 -0.0196320154 0.0345920958 -0.0796939135 0.0337000005 0.0355596766 -0.0796365291 -0.0200035628 0.0355581269 -0.086393021 0.0337000005 0.0345964916 -0.0796939135 0.0337000005 0.0355596766 -0.0729416683 -0.0173525251 0.0352374576 -0.0796365291 -0.0200035628 0.0355581269 -0.0729335919 0.0337000005 0.0352376439 -0.0729416683 -0.0173525251 0.0352374576 -0.0796939135 0.0337000005 0.0355596766 -0.0729335919 0.0337000005 0.0352376439 -0.0663108677 -0.0196431465 0.0336249247 -0.0729416683 -0.0173525251 0.0352374576 -0.0729335919 0.0337000005 0.0352376439 -0.0663564503 0.0339307263 0.0336420685 -0.0663108677 -0.0196431465 0.0336249247 -0.0601816289 -0.0197394043 0.030820366 -0.0663108677 -0.0196431465 0.0336249247 -0.0663564503 0.0339307263 0.0336420685 -0.0601816289 -0.0197394043 0.030820366 -0.0663564503 0.0339307263 0.0336420685 -0.0602000393 0.0339308903 0.0308305472 -0.0546840429 -0.0173784588 0.026902454 -0.0601816289 -0.0197394043 0.030820366 -0.0602000393 0.0339308903 0.0308305472 -0.0546840429 -0.0173784588 0.026902454 -0.0602000393 0.0339308903 0.0308305472 -0.0546873286 0.0339292139 0.0269049946 -0.0546840429 -0.0173784588 0.026902454 -0.0546873286 0.0339292139 0.0269049946 -0.0502726361 0.00556665659 0.0223976783 -0.0546855815 -0.0173871927 -0.026903512 -0.0568978116 -0.0200410355 -0.0206200145 -0.0458868146 -0.017281834 -0.0170932952 -0.0780066401 -0.0274283346 -0.0290319622 -0.0737188086 -0.0274373982 -0.0363879129 -0.0661548451 -0.0272923689 -0.0346208066 -0.0737188086 -0.0274373982 -0.0363879129 -0.0947748572 -0.0271808188 -0.032529369 -0.0853599235 -0.0270665586 -0.0358533114 -0.0947748572 -0.0271808188 -0.032529369 -0.0892306492 -0.0274654776 -0.0265788306 -0.0990685374 -0.0274702404 -0.0299754627 -0.110861227 -0.0273365714 -0.016118234 -0.114731848 -0.027369732 4.68083208e-08 -0.113297269 -0.0276614111 -0.00990861934 -0.114731848 -0.027369732 4.68083208e-08 -0.106777072 -0.0274698809 0.00407488691 -0.113688171 -0.0271070581 0.00829101633 -0.113688171 -0.0271070581 0.00829101633 -0.106777072 -0.0274698809 0.00407488691 -0.10936591 -0.0274147373 0.0191157684 -0.102983795 -0.0275168158 0.0268305354 -0.0903792754 -0.0274561774 0.0344737768 -0.0962687433 -0.0272199418 0.031759195 -0.0771312714 -0.0274593234 0.0289627053 -0.0803954527 -0.0270293914 0.0365601219 -0.0903792754 -0.0274561774 0.0344737768 -0.0771312714 -0.0274593234 0.0289627053 -0.0706050172 -0.0275099818 0.0359705575 -0.0803954527 -0.0270293914 0.0365601219 -0.0683362633 -0.0274521708 0.0270817354 -0.0506255478 -0.0270006824 0.0258755405 -0.0706050172 -0.0275099818 0.0359705575 -0.104158022 -0.0274049696 -0.0256547313 -0.110861227 -0.0273365714 -0.016118234 -0.108380817 -0.0269765388 -0.0204788614 -0.0853599235 -0.0270665586 -0.0358533114 -0.0947748572 -0.0271808188 -0.032529369 -0.0901994929 -0.0269201733 -0.0345477313 -0.0737188086 -0.0274373982 -0.0363879129 -0.0853599235 -0.0270665586 -0.0358533114 -0.0787329972 -0.0269577671 -0.036593426 -0.0903792754 -0.0274561774 0.0344737768 -0.0803954527 -0.0270293914 0.0365601219 -0.0823582038 0.0336692147 0.0363505445 -0.113688171 -0.0271070581 0.00829101633 -0.10936591 -0.0274147373 0.0191157684 -0.112190686 0.0338139944 0.0130613288 -0.0787329972 -0.0269577671 -0.036593426 -0.0853599235 -0.0270665586 -0.0358533114 -0.0820627585 -0.0265000015 -0.036373809 -0.0506255478 -0.0270006824 0.0258755405 -0.0352606587 -0.028179694 0.0160483494 -0.0300391484 -0.0190471131 0.0259069093 -0.054916814 0.0336048566 0.0287444796 -0.0688132346 0.0339983292 0.0354283899 -0.0568557121 -0.00718934927 0.0312679484 -0.054916814 0.0336048566 0.0287444796 -0.0568557121 -0.00718934927 0.0312679484 -0.0544067845 0.00662454311 0.0313633084 -0.0497273803 0.0327508748 0.0234634113 -0.054916814 0.0336048566 0.0287444796 -0.0477773249 0.0151877077 0.0284965876 -0.054916814 0.0336048566 0.0287444796 -0.0544067845 0.00662454311 0.0313633084 -0.0477773249 0.0151877077 0.0284965876 -0.0706050172 -0.0275099818 0.0359705575 -0.0568557121 -0.00718934927 0.0312679484 -0.0688132346 0.0339983292 0.0354283899 -0.0506255478 -0.0270006824 0.0258755405 -0.0568557121 -0.00718934927 0.0312679484 -0.0706050172 -0.0275099818 0.0359705575 -0.0544067845 0.00662454311 0.0313633084 -0.0568557121 -0.00718934927 0.0312679484 -0.0200399179 -0.00372931245 0.0320487544 -0.0506255478 -0.0270006824 0.0258755405 -0.0300391484 -0.0190471131 0.0259069093 -0.0568557121 -0.00718934927 0.0312679484 -0.0201445576 0.0294838697 0.0120163206 -0.0477773249 0.0151877077 0.0284965876 -0.0204089042 0.022542309 0.023758566 -0.0497273803 0.0327508748 0.0234634113 -0.0201445576 0.0294838697 0.0120163206 -0.0342020951 0.0233368557 0.00279027037 -0.0497273803 0.0327508748 0.0234634113 -0.0477773249 0.0151877077 0.0284965876 -0.0201445576 0.0294838697 0.0120163206 -0.0485251434 0.0339439176 -0.020286629 -0.0405491367 0.0244867001 -0.0227305535 -0.0546466596 0.0337332189 -0.0268800147 -0.0485251434 0.0339439176 -0.020286629 -0.0324773379 0.0329169109 -0.00061978423 -0.0405491367 0.0244867001 -0.0227305535 -0.0661548451 -0.0272923689 -0.0346208066 -0.0523539595 -0.00714141689 -0.0313947834 -0.0363675691 -0.027283024 -0.0176067278 -0.0661548451 -0.0272923689 -0.0346208066 -0.068815276 0.0340000317 -0.035428822 -0.0596194603 0.0160897933 -0.0319404341 -0.0661548451 -0.0272923689 -0.0346208066 -0.0596194603 0.0160897933 -0.0319404341 -0.0523539595 -0.00714141689 -0.0313947834 -0.0200671703 0.0110844271 -0.0300057977 -0.0274971053 -0.00159483531 -0.0324821733 -0.0523539595 -0.00714141689 -0.0313947834 -0.0200671703 0.0110844271 -0.0300057977 -0.0523539595 -0.00714141689 -0.0313947834 -0.0596194603 0.0160897933 -0.0319404341 -0.0200671703 0.0110844271 -0.0300057977 -0.0596194603 0.0160897933 -0.0319404341 -0.0405491367 0.0244867001 -0.0227305535 -0.0596194603 0.0160897933 -0.0319404341 -0.0546466596 0.0337332189 -0.0268800147 -0.0405491367 0.0244867001 -0.0227305535 -0.0363675691 -0.027283024 -0.0176067278 -0.0523539595 -0.00714141689 -0.0313947834 -0.0201846845 -0.0220050253 -0.0240669623 -0.0771312714 -0.0274593234 0.0289627053 -0.0892040208 -0.0200614687 0.0266319402 -0.0683362633 -0.0274521708 0.0270817354 -0.0593755916 -0.0200695787 0.0222707819 -0.0683362633 -0.0274521708 0.0270817354 -0.0892040208 -0.0200614687 0.0266319402 -0.103949644 -0.0200391989 0.013001224 -0.106777072 -0.0274698809 0.00407488691 -0.103775337 -0.0200311188 -0.0152628263 -0.0780066401 -0.0274283346 -0.0290319622 -0.0664971098 -0.0211903416 -0.026540596 -0.0857988372 -0.0200138204 -0.0291872844 -0.0780066401 -0.0274283346 -0.0290319622 -0.0857988372 -0.0200138204 -0.0291872844 -0.0892306492 -0.0274654776 -0.0265788306 -0.0246928949 -0.0234446432 0.000964934123 -0.0494593978 -0.0220950469 -0.00665866118 -0.0511261895 -0.0201918557 0.0115010701 -0.103949644 -0.0200391989 0.013001224 -0.0988615155 -0.0273980461 0.0204243753 -0.106777072 -0.0274698809 0.00407488691 -0.0989852026 -0.0274012405 -0.0202538054 -0.0892306492 -0.0274654776 -0.0265788306 -0.103775337 -0.0200311188 -0.0152628263 -0.0771312714 -0.0274593234 0.0289627053 -0.0988615155 -0.0273980461 0.0204243753 -0.0892040208 -0.0200614687 0.0266319402 -0.0664971098 -0.0211903416 -0.026540596 -0.0512249656 -0.0274936091 -0.0119837131 -0.0568978116 -0.0200410355 -0.0206200145 -0.0512249656 -0.0274936091 -0.0119837131 -0.0499851927 -0.0274837129 0.0114898887 -0.0494593978 -0.0220950469 -0.00665866118 -0.0593755916 -0.0200695787 0.0222707819 -0.0511261895 -0.0201918557 0.0115010701 -0.0499851927 -0.0274837129 0.0114898887 -0.0593755916 -0.0200695787 0.0222707819 -0.0499851927 -0.0274837129 0.0114898887 -0.0683362633 -0.0274521708 0.0270817354 -0.0342020951 0.0233368557 0.00279027037 -0.0201445576 0.0294838697 0.0120163206 -0.0324773379 0.0329169109 -0.00061978423 -0.0485251434 0.0339439176 -0.020286629 -0.0434419997 0.0212842114 -0.00924671162 -0.0324773379 0.0329169109 -0.00061978423 -0.0729335919 0.0337000005 -0.0352376439 -0.0663563311 0.0339307301 -0.0336420275 -0.0753958821 0.034054745 -0.036507111 -0.0796939135 0.0337000005 -0.0355596766 -0.0729335919 0.0337000005 -0.0352376439 -0.0753958821 0.034054745 -0.036507111 -0.0796939135 0.0337000005 -0.0355596766 -0.0753958821 0.034054745 -0.036507111 -0.0820627287 0.0340557918 -0.0363736786 -0.086393021 0.0337000005 -0.0345964916 -0.0796939135 0.0337000005 -0.0355596766 -0.0820627287 0.0340557918 -0.0363736786 -0.086393021 0.0337000005 -0.0345964916 -0.0820627287 0.0340557918 -0.0363736786 -0.0885947794 0.0340567231 -0.0350328535 -0.0927887782 0.0337000005 -0.032382898 -0.086393021 0.0337000005 -0.0345964916 -0.0885947794 0.0340567231 -0.0350328535 -0.0927887782 0.0337000005 -0.032382898 -0.0885947794 0.0340567231 -0.0350328535 -0.0947750956 0.0340575315 -0.0325291604 -0.0986500233 0.0337000005 -0.0289989039 -0.0927887782 0.0337000005 -0.032382898 -0.0947750956 0.0340575315 -0.0325291604 -0.0986500233 0.0337000005 -0.0289989039 -0.0947750956 0.0340575315 -0.0325291604 -0.100398555 0.0340581872 -0.0289457142 -0.103764929 0.0337000005 -0.0245668124 -0.0986500233 0.0337000005 -0.0289989039 -0.100398555 0.0340581872 -0.0289457142 -0.103764929 0.0337000005 -0.0245668124 -0.100398555 0.0340581872 -0.0289457142 -0.105278604 0.0340586752 -0.0244013816 -0.107948624 0.0337000005 -0.0192468129 -0.103764929 0.0337000005 -0.0245668124 -0.105278604 0.0340586752 -0.0244013816 -0.107948624 0.0337000005 -0.0192468129 -0.105278604 0.0340586752 -0.0244013816 -0.109253109 0.0340589769 -0.0190471206 -0.111049898 0.0337000005 -0.0132311834 -0.107948624 0.0337000005 -0.0192468129 -0.109253109 0.0340589769 -0.0190471206 -0.111049898 0.0337000005 -0.0132311834 -0.109253109 0.0340589769 -0.0190471206 -0.112190187 0.0340590328 -0.0130606471 -0.112956658 0.0337000005 -0.00673734443 -0.111049898 0.0337000005 -0.0132311834 -0.112190187 0.0340590328 -0.0130606471 -0.112956658 0.0337000005 -0.00673734443 -0.112190187 0.0340590328 -0.0130606471 -0.113992393 0.0340588354 -0.00664055767 -0.113600001 0.0337000005 -7.03132691e-12 -0.112956658 0.0337000005 -0.00673734443 -0.113992393 0.0340588354 -0.00664055767 -0.113600001 0.0337000005 -7.03132691e-12 -0.113992393 0.0340588354 -0.00664055767 -0.114599861 0.0340583324 -9.30511277e-08 -0.112956658 0.0337000005 0.00673734443 -0.113600001 0.0337000005 -7.03132691e-12 -0.114599861 0.0340583324 -9.30511277e-08 -0.112956658 0.0337000005 0.00673734443 -0.114599861 0.0340583324 -9.30511277e-08 -0.11399243 0.0340574905 0.00664038211 -0.111049898 0.0337000005 0.0132311834 -0.112956658 0.0337000005 0.00673734443 -0.11399243 0.0340574905 0.00664038211 -0.111049898 0.0337000005 0.0132311834 -0.11399243 0.0340574905 0.00664038211 -0.112190686 0.0338139944 0.0130613288 -0.107948624 0.0337000005 0.0192468129 -0.111049898 0.0337000005 0.0132311834 -0.112190686 0.0338139944 0.0130613288 -0.107948624 0.0337000005 0.0192468129 -0.112190686 0.0338139944 0.0130613288 -0.109253205 0.0340546817 0.0190469828 -0.103764929 0.0337000005 0.0245668124 -0.107948624 0.0337000005 0.0192468129 -0.109253205 0.0340546817 0.0190469828 -0.103764929 0.0337000005 0.0245668124 -0.109253205 0.0340546817 0.0190469828 -0.105278715 0.0340526551 0.0244012754 -0.0986500233 0.0337000005 0.0289989039 -0.103764929 0.0337000005 0.0245668124 -0.105278715 0.0340526551 0.0244012754 -0.0986500233 0.0337000005 0.0289989039 -0.105278715 0.0340526551 0.0244012754 -0.10039869 0.0340502188 0.028945636 -0.0927887782 0.0337000005 0.032382898 -0.0986500233 0.0337000005 0.0289989039 -0.10039869 0.0340502188 0.028945636 -0.0927887782 0.0337000005 0.032382898 -0.10039869 0.0340502188 0.028945636 -0.0947752297 0.0340469852 0.0325291157 -0.086393021 0.0337000005 0.0345964916 -0.0927887782 0.0337000005 0.032382898 -0.0947752297 0.0340469852 0.0325291157 -0.086393021 0.0337000005 0.0345964916 -0.0947752297 0.0340469852 0.0325291157 -0.0885949135 0.034046445 0.0350328386 -0.0796939135 0.0337000005 0.0355596766 -0.086393021 0.0337000005 0.0345964916 -0.0885949135 0.034046445 0.0350328386 -0.0796939135 0.0337000005 0.0355596766 -0.0885949135 0.034046445 0.0350328386 -0.0823582038 0.0336692147 0.0363505445 -0.0729335919 0.0337000005 0.0352376439 -0.0796939135 0.0337000005 0.0355596766 -0.0823582038 0.0336692147 0.0363505445 -0.0729335919 0.0337000005 0.0352376439 -0.0823582038 0.0336692147 0.0363505445 -0.0753959864 0.0340416431 0.0365071483 -0.0729335919 0.0337000005 0.0352376439 -0.0753959864 0.0340416431 0.0365071483 -0.0663564503 0.0339307263 0.0336420685 -0.0546873286 0.0339292139 0.0269049946 -0.054916814 0.0336048566 0.0287444796 -0.0490380563 0.0101828044 0.0208279416 -0.0497273803 0.0327508748 0.0234634113 -0.0490380563 0.0101828044 0.0208279416 -0.054916814 0.0336048566 0.0287444796 -0.0497273803 0.0327508748 0.0234634113 -0.0342020951 0.0233368557 0.00279027037 -0.0449394546 0.0186982919 0.0136842141 -0.0458868146 -0.017281834 -0.0170932952 -0.0494593978 -0.0220950469 -0.00665866118 -0.0512249656 -0.0274936091 -0.0119837131 -0.0657489374 -0.0200771652 0.0300137214 -0.0683362633 -0.0274521708 0.0270817354 -0.0706050172 -0.0275099818 0.0359705575 -0.0988533795 -0.0199274365 0.028840106 -0.102983795 -0.0275168158 0.0268305354 -0.103710681 -0.0198890567 0.0246237405 -0.102983795 -0.0275168158 0.0268305354 -0.0988615155 -0.0273980461 0.0204243753 -0.103710681 -0.0198890567 0.0246237405 -0.0988533795 -0.0199274365 0.028840106 -0.098312363 -0.0207746625 0.0205563437 -0.102983795 -0.0275168158 0.0268305354 -0.111046106 -0.0199815631 0.013226239 -0.103949644 -0.0200391989 0.013001224 -0.106777072 -0.0274698809 0.00407488691 -0.113590784 -0.019996142 -0.000120010256 -0.106777072 -0.0274698809 0.00407488691 -0.114731848 -0.027369732 4.68083208e-08 -0.110861227 -0.0273365714 -0.016118234 -0.0989852026 -0.0274012405 -0.0202538054 -0.105059825 -0.0235031806 -0.0109499013 -0.107702442 -0.0199475773 -0.0195988975 -0.0989852026 -0.0274012405 -0.0202538054 -0.0990685374 -0.0274702404 -0.0299754627 -0.0990685374 -0.0274702404 -0.0299754627 -0.0892306492 -0.0274654776 -0.0265788306 -0.0989852026 -0.0274012405 -0.0202538054 -0.0243933648 -0.0155768525 0.0171039701 -0.0200293884 -0.0278090071 0.0162231475 -0.0199987032 -0.0128574762 0.0293294638 -0.0243933648 -0.0155768525 0.0171039701 -0.0199987032 -0.0128574762 0.0293294638 -0.0300391484 -0.0190471131 0.0259069093 -0.0434419997 0.0212842114 -0.00924671162 -0.0498607904 0.0073154401 -0.0220559165 -0.0281003639 0.0152175035 -0.0176351015 -0.0546855815 -0.0173871927 -0.026903512 -0.0201826263 -0.00489639211 -0.0225508846 -0.0546466596 0.0337332189 -0.0268800147 -0.0498607904 0.0073154401 -0.0220559165 -0.0546466596 0.0337332189 -0.0268800147 -0.0201826263 -0.00489639211 -0.0225508846 -0.0546855815 -0.0173871927 -0.026903512 -0.0458868146 -0.017281834 -0.0170932952 -0.0201826263 -0.00489639211 -0.0225508846 -0.0434419997 0.0212842114 -0.00924671162 -0.0342020951 0.0233368557 0.00279027037 -0.0324773379 0.0329169109 -0.00061978423 -0.0505449586 -0.0195691269 0.0224505514 -0.0243933648 -0.0155768525 0.0171039701 -0.0511261895 -0.0201918557 0.0115010701 -0.0505449586 -0.0195691269 0.0224505514 -0.0490054786 -0.00967463385 0.0208024308 -0.0243933648 -0.0155768525 0.0171039701 -0.0546840429 -0.0173784588 0.026902454 -0.0200500749 -0.00744280592 0.0218592491 -0.0490054786 -0.00967463385 0.0208024308 -0.0546840429 -0.0173784588 0.026902454 -0.025656132 -1.65444289e-05 0.0231631119 -0.0200500749 -0.00744280592 0.0218592491 -0.0546840429 -0.0173784588 0.026902454 -0.0502726361 0.00556665659 0.0223976783 -0.025656132 -1.65444289e-05 0.0231631119 -0.0490380563 0.0101828044 0.0208279416 -0.0449394546 0.0186982919 0.0136842141 -0.0238226969 0.016867239 0.0161601678 -0.0323819369 -0.0275000948 5.47067721e-05 -0.0256735031 -0.0321896039 -0.000369449001 -0.0352606587 -0.028179694 0.0160483494 -0.0323819369 -0.0275000948 5.47067721e-05 -0.0363675691 -0.027283024 -0.0176067278 -0.0256735031 -0.0321896039 -0.000369449001 -0.0546855815 -0.0173871927 -0.026903512 -0.0601976253 -0.019946618 -0.0308262091 -0.0568978116 -0.0200410355 -0.0206200145 -0.0986499786 -0.0174024478 -0.0289989244 -0.107702442 -0.0199475773 -0.0195988975 -0.0927683935 -0.0200156812 -0.032387834 -0.103764892 -0.017402092 -0.0245668367 -0.107702442 -0.0199475773 -0.0195988975 -0.0986499786 -0.0174024478 -0.0289989244 -0.112956651 -0.0174011216 -0.00673735235 -0.113590784 -0.019996142 -0.000120010256 -0.11106164 -0.0196520872 -0.013204311 -0.112956665 -0.0174005534 0.0067372499 -0.111046106 -0.0199815631 0.013226239 -0.113590784 -0.019996142 -0.000120010256 -0.107948661 -0.0174000543 0.019246744 -0.103710681 -0.0198890567 0.0246237405 -0.111046106 -0.0199815631 0.013226239 -0.0546840429 -0.0173784588 0.026902454 -0.0505449586 -0.0195691269 0.0224505514 -0.0601816289 -0.0197394043 0.030820366 </float_array>
          <technique_common>
            <accessor count="2844" offset="0" source="#mesh_0-positions-array" stride="3">
              <param name="X" type="float" />
              <param name="Y" type="float" />
              <param name="Z" type="float" />
            </accessor>
          </technique_common>
        </source>
        <vertices id="mesh_0-vertices">
          <input semantic="POSITION" source="#mesh_0-positions" />
        </vertices>
        <polylist count="948" material="defaultMaterial">
          <input offset="0" semantic="VERTEX" source="#mesh_0-vertices" />
          <vcount>3 3 3 3 3 3 3 3 3 3 3 3 3 3 3 3 3 3 3 3 3 3 3 3 3 3 3 3 3 3 3 3 3 3 3 3 3 3 3 3 3 3 3 3 3 3 3 3 3 3 3 3 3 3 3 3 3 3 3 3 3 3 3 3 3 3 3 3 3 3 3 3 3 3 3 3 3 3 3 3 3 3 3 3 3 3 3 3 3 3 3 3 3 3 3 3 3 3 3 3 3 3 3 3 3 3 3 3 3 3 3 3 3 3 3 3 3 3 3 3 3 3 3 3 3 3 3 3 3 3 3 3 3 3 3 3 3 3 3 3 3 3 3 3 3 3 3 3 3 3 3 3 3 3 3 3 3 3 3 3 3 3 3 3 3 3 3 3 3 3 3 3 3 3 3 3 3 3 3 3 3 3 3 3 3 3 3 3 3 3 3 3 3 3 3 3 3 3 3 3 3 3 3 3 3 3 3 3 3 3 3 3 3 3 3 3 3 3 3 3 3 3 3 3 3 3 3 3 3 3 3 3 3 3 3 3 3 3 3 3 3 3 3 3 3 3 3 3 3 3 3 3 3 3 3 3 3 3 3 3 3 3 3 3 3 3 3 3 3 3 3 3 3 3 3 3 3 3 3 3 3 3 3 3 3 3 3 3 3 3 3 3 3 3 3 3 3 3 3 3 3 3 3 3 3 3 3 3 3 3 3 3 3 3 3 3 3 3 3 3 3 3 3 3 3 3 3 3 3 3 3 3 3 3 3 3 3 3 3 3 3 3 3 3 3 3 3 3 3 3 3 3 3 3 3 3 3 3 3 3 3 3 3 3 3 3 3 3 3 3 3 3 3 3 3 3 3 3 3 3 3 3 3 3 3 3 3 3 3 3 3 3 3 3 3 3 3 3 3 3 3 3 3 3 3 3 3 3 3 3 3 3 3 3 3 3 3 3 3 3 3 3 3 3 3 3 3 3 3 3 3 3 3 3 3 3 3 3 3 3 3 3 3 3 3 3 3 3 3 3 3 3 3 3 3 3 3 3 3 3 3 3 3 3 3 3 3 3 3 3 3 3 3 3 3 3 3 3 3 3 3 3 3 3 3 3 3 3 3 3 3 3 3 3 3 3 3 3 3 3 3 3 3 3 3 3 3 3 3 3 3 3 3 3 3 3 3 3 3 3 3 3 3 3 3 3 3 3 3 3 3 3 3 3 3 3 3 3 3 3 3 3 3 3 3 3 3 3 3 3 3 3 3 3 3 3 3 3 3 3 3 3 3 3 3 3 3 3 3 3 3 3 3 3 3 3 3 3 3 3 3 3 3 3 3 3 3 3 3 3 3 3 3 3 3 3 3 3 3 3 3 3 3 3 3 3 3 3 3 3 3 3 3 3 3 3 3 3 3 3 3 3 3 3 3 3 3 3 3 3 3 3 3 3 3 3 3 3 3 3 3 3 3 3 3 3 3 3 3 3 3 3 3 3 3 3 3 3 3 3 3 3 3 3 3 3 3 3 3 3 3 3 3 3 3 3 3 3 3 3 3 3 3 3 3 3 3 3 3 3 3 3 3 3 3 3 3 3 3 3 3 3 3 3 3 3 3 3 3 3 3 3 3 3 3 3 3 3 3 3 3 3 3 3 3 3 3 3 3 3 3 3 3 3 3 3 3 3 3 3 3 3 3 3 3 3 3 3 3 3 3 3 3 3 3 3 3 3 3 3 3 3 3 3 3 3 3 3 3 3 3 3 3 3 3 3 3 3 3 3 3 3 3 3 3 3 3 3 3 3 3 3 3 3 3 3 3 3 3 3 3 3 3 3 3 3 3 3 3 3 3 3 3 3 3 3 3 3 3 3 3 3 3 3 3 3 3 3 3 3 3 3 3 3 3 3 3 3 3 3 3 3 3 3 3 3 3 3 3 3 3 3 3 3 3 3 3 3 3 3 3 3 3 3 3 3 3 3 3 3 3 3 3 3 3 3 3 3 3 3 3 3 3 3 3 3 3 3 3 3 3 3 3 3 3 3 3 3 3 3 3 3 3 3 3 3 3 3 3 3 3 3 3 3 3 3 3 3 3 3 3 3 3 3 3 3 3 3 3 3 3 3 3 3 3 3 3 3 3 3 3 3 3 3 3 3 3 3 </vcount>
          <p>0 1 2 3 4 5 6 7 8 9 10 11 12 13 14 15 16 17 18 19 20 21 22 23 24 25 26 27 28 29 30 31 32 33 34 35 36 37 38 39 40 41 42 43 44 45 46 47 48 49 50 51 52 53 54 55 56 57 58 59 60 61 62 63 64 65 66 67 68 69 70 71 72 73 74 75 76 77 78 79 80 81 82 83 84 85 86 87 88 89 90 91 92 93 94 95 96 97 98 99 100 101 102 103 104 105 106 107 108 109 110 111 112 113 114 115 116 117 118 119 120 121 122 123 124 125 126 127 128 129 130 131 132 133 134 135 136 137 138 139 140 141 142 143 144 145 146 147 148 149 150 151 152 153 154 155 156 157 158 159 160 161 162 163 164 165 166 167 168 169 170 171 172 173 174 175 176 177 178 179 180 181 182 183 184 185 186 187 188 189 190 191 192 193 194 195 196 197 198 199 200 201 202 203 204 205 206 207 208 209 210 211 212 213 214 215 216 217 218 219 220 221 222 223 224 225 226 227 228 229 230 231 232 233 234 235 236 237 238 239 240 241 242 243 244 245 246 247 248 249 250 251 252 253 254 255 256 257 258 259 260 261 262 263 264 265 266 267 268 269 270 271 272 273 274 275 276 277 278 279 280 281 282 283 284 285 286 287 288 289 290 291 292 293 294 295 296 297 298 299 300 301 302 303 304 305 306 307 308 309 310 311 312 313 314 315 316 317 318 319 320 321 322 323 324 325 326 327 328 329 330 331 332 333 334 335 336 337 338 339 340 341 342 343 344 345 346 347 348 349 350 351 352 353 354 355 356 357 358 359 360 361 362 363 364 365 366 367 368 369 370 371 372 373 374 375 376 377 378 379 380 381 382 383 384 385 386 387 388 389 390 391 392 393 394 395 396 397 398 399 400 401 402 403 404 405 406 407 408 409 410 411 412 413 414 415 416 417 418 419 420 421 422 423 424 425 426 427 428 429 430 431 432 433 434 435 436 437 438 439 440 441 442 443 444 445 446 447 448 449 450 451 452 453 454 455 456 457 458 459 460 461 462 463 464 465 466 467 468 469 470 471 472 473 474 475 476 477 478 479 480 481 482 483 484 485 486 487 488 489 490 491 492 493 494 495 496 497 498 499 500 501 502 503 504 505 506 507 508 509 510 511 512 513 514 515 516 517 518 519 520 521 522 523 524 525 526 527 528 529 530 531 532 533 534 535 536 537 538 539 540 541 542 543 544 545 546 547 548 549 550 551 552 553 554 555 556 557 558 559 560 561 562 563 564 565 566 567 568 569 570 571 572 573 574 575 576 577 578 579 580 581 582 583 584 585 586 587 588 589 590 591 592 593 594 595 596 597 598 599 600 601 602 603 604 605 606 607 608 609 610 611 612 613 614 615 616 617 618 619 620 621 622 623 624 625 626 627 628 629 630 631 632 633 634 635 636 637 638 639 640 641 642 643 644 645 646 647 648 649 650 651 652 653 654 655 656 657 658 659 660 661 662 663 664 665 666 667 668 669 670 671 672 673 674 675 676 677 678 679 680 681 682 683 684 685 686 687 688 689 690 691 692 693 694 695 696 697 698 699 700 701 702 703 704 705 706 707 708 709 710 711 712 713 714 715 716 717 718 719 720 721 722 723 724 725 726 727 728 729 730 731 732 733 734 735 736 737 738 739 740 741 742 743 744 745 746 747 748 749 750 751 752 753 754 755 756 757 758 759 760 761 762 763 764 765 766 767 768 769 770 771 772 773 774 775 776 777 778 779 780 781 782 783 784 785 786 787 788 789 790 791 792 793 794 795 796 797 798 799 800 801 802 803 804 805 806 807 808 809 810 811 812 813 814 815 816 817 818 819 820 821 822 823 824 825 826 827 828 829 830 831 832 833 834 835 836 837 838 839 840 841 842 843 844 845 846 847 848 849 850 851 852 853 854 855 856 857 858 859 860 861 862 863 864 865 866 867 868 869 870 871 872 873 874 875 876 877 878 879 880 881 882 883 884 885 886 887 888 889 890 891 892 893 894 895 896 897 898 899 900 901 902 903 904 905 906 907 908 909 910 911 912 913 914 915 916 917 918 919 920 921 922 923 924 925 926 927 928 929 930 931 932 933 934 935 936 937 938 939 940 941 942 943 944 945 946 947 948 949 950 951 952 953 954 955 956 957 958 959 960 961 962 963 964 965 966 967 968 969 970 971 972 973 974 975 976 977 978 979 980 981 982 983 984 985 986 987 988 989 990 991 992 993 994 995 996 997 998 999 1000 1001 1002 1003 1004 1005 1006 1007 1008 1009 1010 1011 1012 1013 1014 1015 1016 1017 1018 1019 1020 1021 1022 1023 1024 1025 1026 1027 1028 1029 1030 1031 1032 1033 1034 1035 1036 1037 1038 1039 1040 1041 1042 1043 1044 1045 1046 1047 1048 1049 1050 1051 1052 1053 1054 1055 1056 1057 1058 1059 1060 1061 1062 1063 1064 1065 1066 1067 1068 1069 1070 1071 1072 1073 1074 1075 1076 1077 1078 1079 1080 1081 1082 1083 1084 1085 1086 1087 1088 1089 1090 1091 1092 1093 1094 1095 1096 1097 1098 1099 1100 1101 1102 1103 1104 1105 1106 1107 1108 1109 1110 1111 1112 1113 1114 1115 1116 1117 1118 1119 1120 1121 1122 1123 1124 1125 1126 1127 1128 1129 1130 1131 1132 1133 1134 1135 1136 1137 1138 1139 1140 1141 1142 1143 1144 1145 1146 1147 1148 1149 1150 1151 1152 1153 1154 1155 1156 1157 1158 1159 1160 1161 1162 1163 1164 1165 1166 1167 1168 1169 1170 1171 1172 1173 1174 1175 1176 1177 1178 1179 1180 1181 1182 1183 1184 1185 1186 1187 1188 1189 1190 1191 1192 1193 1194 1195 1196 1197 1198 1199 1200 1201 1202 1203 1204 1205 1206 1207 1208 1209 1210 1211 1212 1213 1214 1215 1216 1217 1218 1219 1220 1221 1222 1223 1224 1225 1226 1227 1228 1229 1230 1231 1232 1233 1234 1235 1236 1237 1238 1239 1240 1241 1242 1243 1244 1245 1246 1247 1248 1249 1250 1251 1252 1253 1254 1255 1256 1257 1258 1259 1260 1261 1262 1263 1264 1265 1266 1267 1268 1269 1270 1271 1272 1273 1274 1275 1276 1277 1278 1279 1280 1281 1282 1283 1284 1285 1286 1287 1288 1289 1290 1291 1292 1293 1294 1295 1296 1297 1298 1299 1300 1301 1302 1303 1304 1305 1306 1307 1308 1309 1310 1311 1312 1313 1314 1315 1316 1317 1318 1319 1320 1321 1322 1323 1324 1325 1326 1327 1328 1329 1330 1331 1332 1333 1334 1335 1336 1337 1338 1339 1340 1341 1342 1343 1344 1345 1346 1347 1348 1349 1350 1351 1352 1353 1354 1355 1356 1357 1358 1359 1360 1361 1362 1363 1364 1365 1366 1367 1368 1369 1370 1371 1372 1373 1374 1375 1376 1377 1378 1379 1380 1381 1382 1383 1384 1385 1386 1387 1388 1389 1390 1391 1392 1393 1394 1395 1396 1397 1398 1399 1400 1401 1402 1403 1404 1405 1406 1407 1408 1409 1410 1411 1412 1413 1414 1415 1416 1417 1418 1419 1420 1421 1422 1423 1424 1425 1426 1427 1428 1429 1430 1431 1432 1433 1434 1435 1436 1437 1438 1439 1440 1441 1442 1443 1444 1445 1446 1447 1448 1449 1450 1451 1452 1453 1454 1455 1456 1457 1458 1459 1460 1461 1462 1463 1464 1465 1466 1467 1468 1469 1470 1471 1472 1473 1474 1475 1476 1477 1478 1479 1480 1481 1482 1483 1484 1485 1486 1487 1488 1489 1490 1491 1492 1493 1494 1495 1496 1497 1498 1499 1500 1501 1502 1503 1504 1505 1506 1507 1508 1509 1510 1511 1512 1513 1514 1515 1516 1517 1518 1519 1520 1521 1522 1523 1524 1525 1526 1527 1528 1529 1530 1531 1532 1533 1534 1535 1536 1537 1538 1539 1540 1541 1542 1543 1544 1545 1546 1547 1548 1549 1550 1551 1552 1553 1554 1555 1556 1557 1558 1559 1560 1561 1562 1563 1564 1565 1566 1567 1568 1569 1570 1571 1572 1573 1574 1575 1576 1577 1578 1579 1580 1581 1582 1583 1584 1585 1586 1587 1588 1589 1590 1591 1592 1593 1594 1595 1596 1597 1598 1599 1600 1601 1602 1603 1604 1605 1606 1607 1608 1609 1610 1611 1612 1613 1614 1615 1616 1617 1618 1619 1620 1621 1622 1623 1624 1625 1626 1627 1628 1629 1630 1631 1632 1633 1634 1635 1636 1637 1638 1639 1640 1641 1642 1643 1644 1645 1646 1647 1648 1649 1650 1651 1652 1653 1654 1655 1656 1657 1658 1659 1660 1661 1662 1663 1664 1665 1666 1667 1668 1669 1670 1671 1672 1673 1674 1675 1676 1677 1678 1679 1680 1681 1682 1683 1684 1685 1686 1687 1688 1689 1690 1691 1692 1693 1694 1695 1696 1697 1698 1699 1700 1701 1702 1703 1704 1705 1706 1707 1708 1709 1710 1711 1712 1713 1714 1715 1716 1717 1718 1719 1720 1721 1722 1723 1724 1725 1726 1727 1728 1729 1730 1731 1732 1733 1734 1735 1736 1737 1738 1739 1740 1741 1742 1743 1744 1745 1746 1747 1748 1749 1750 1751 1752 1753 1754 1755 1756 1757 1758 1759 1760 1761 1762 1763 1764 1765 1766 1767 1768 1769 1770 1771 1772 1773 1774 1775 1776 1777 1778 1779 1780 1781 1782 1783 1784 1785 1786 1787 1788 1789 1790 1791 1792 1793 1794 1795 1796 1797 1798 1799 1800 1801 1802 1803 1804 1805 1806 1807 1808 1809 1810 1811 1812 1813 1814 1815 1816 1817 1818 1819 1820 1821 1822 1823 1824 1825 1826 1827 1828 1829 1830 1831 1832 1833 1834 1835 1836 1837 1838 1839 1840 1841 1842 1843 1844 1845 1846 1847 1848 1849 1850 1851 1852 1853 1854 1855 1856 1857 1858 1859 1860 1861 1862 1863 1864 1865 1866 1867 1868 1869 1870 1871 1872 1873 1874 1875 1876 1877 1878 1879 1880 1881 1882 1883 1884 1885 1886 1887 1888 1889 1890 1891 1892 1893 1894 1895 1896 1897 1898 1899 1900 1901 1902 1903 1904 1905 1906 1907 1908 1909 1910 1911 1912 1913 1914 1915 1916 1917 1918 1919 1920 1921 1922 1923 1924 1925 1926 1927 1928 1929 1930 1931 1932 1933 1934 1935 1936 1937 1938 1939 1940 1941 1942 1943 1944 1945 1946 1947 1948 1949 1950 1951 1952 1953 1954 1955 1956 1957 1958 1959 1960 1961 1962 1963 1964 1965 1966 1967 1968 1969 1970 1971 1972 1973 1974 1975 1976 1977 1978 1979 1980 1981 1982 1983 1984 1985 1986 1987 1988 1989 1990 1991 1992 1993 1994 1995 1996 1997 1998 1999 2000 2001 2002 2003 2004 2005 2006 2007 2008 2009 2010 2011 2012 2013 2014 2015 2016 2017 2018 2019 2020 2021 2022 2023 2024 2025 2026 2027 2028 2029 2030 2031 2032 2033 2034 2035 2036 2037 2038 2039 2040 2041 2042 2043 2044 2045 2046 2047 2048 2049 2050 2051 2052 2053 2054 2055 2056 2057 2058 2059 2060 2061 2062 2063 2064 2065 2066 2067 2068 2069 2070 2071 2072 2073 2074 2075 2076 2077 2078 2079 2080 2081 2082 2083 2084 2085 2086 2087 2088 2089 2090 2091 2092 2093 2094 2095 2096 2097 2098 2099 2100 2101 2102 2103 2104 2105 2106 2107 2108 2109 2110 2111 2112 2113 2114 2115 2116 2117 2118 2119 2120 2121 2122 2123 2124 2125 2126 2127 2128 2129 2130 2131 2132 2133 2134 2135 2136 2137 2138 2139 2140 2141 2142 2143 2144 2145 2146 2147 2148 2149 2150 2151 2152 2153 2154 2155 2156 2157 2158 2159 2160 2161 2162 2163 2164 2165 2166 2167 2168 2169 2170 2171 2172 2173 2174 2175 2176 2177 2178 2179 2180 2181 2182 2183 2184 2185 2186 2187 2188 2189 2190 2191 2192 2193 2194 2195 2196 2197 2198 2199 2200 2201 2202 2203 2204 2205 2206 2207 2208 2209 2210 2211 2212 2213 2214 2215 2216 2217 2218 2219 2220 2221 2222 2223 2224 2225 2226 2227 2228 2229 2230 2231 2232 2233 2234 2235 2236 2237 2238 2239 2240 2241 2242 2243 2244 2245 2246 2247 2248 2249 2250 2251 2252 2253 2254 2255 2256 2257 2258 2259 2260 2261 2262 2263 2264 2265 2266 2267 2268 2269 2270 2271 2272 2273 2274 2275 2276 2277 2278 2279 2280 2281 2282 2283 2284 2285 2286 2287 2288 2289 2290 2291 2292 2293 2294 2295 2296 2297 2298 2299 2300 2301 2302 2303 2304 2305 2306 2307 2308 2309 2310 2311 2312 2313 2314 2315 2316 2317 2318 2319 2320 2321 2322 2323 2324 2325 2326 2327 2328 2329 2330 2331 2332 2333 2334 2335 2336 2337 2338 2339 2340 2341 2342 2343 2344 2345 2346 2347 2348 2349 2350 2351 2352 2353 2354 2355 2356 2357 2358 2359 2360 2361 2362 2363 2364 2365 2366 2367 2368 2369 2370 2371 2372 2373 2374 2375 2376 2377 2378 2379 2380 2381 2382 2383 2384 2385 2386 2387 2388 2389 2390 2391 2392 2393 2394 2395 2396 2397 2398 2399 2400 2401 2402 2403 2404 2405 2406 2407 2408 2409 2410 2411 2412 2413 2414 2415 2416 2417 2418 2419 2420 2421 2422 2423 2424 2425 2426 2427 2428 2429 2430 2431 2432 2433 2434 2435 2436 2437 2438 2439 2440 2441 2442 2443 2444 2445 2446 2447 2448 2449 2450 2451 2452 2453 2454 2455 2456 2457 2458 2459 2460 2461 2462 2463 2464 2465 2466 2467 2468 2469 2470 2471 2472 2473 2474 2475 2476 2477 2478 2479 2480 2481 2482 2483 2484 2485 2486 2487 2488 2489 2490 2491 2492 2493 2494 2495 2496 2497 2498 2499 2500 2501 2502 2503 2504 2505 2506 2507 2508 2509 2510 2511 2512 2513 2514 2515 2516 2517 2518 2519 2520 2521 2522 2523 2524 2525 2526 2527 2528 2529 2530 2531 2532 2533 2534 2535 2536 2537 2538 2539 2540 2541 2542 2543 2544 2545 2546 2547 2548 2549 2550 2551 2552 2553 2554 2555 2556 2557 2558 2559 2560 2561 2562 2563 2564 2565 2566 2567 2568 2569 2570 2571 2572 2573 2574 2575 2576 2577 2578 2579 2580 2581 2582 2583 2584 2585 2586 2587 2588 2589 2590 2591 2592 2593 2594 2595 2596 2597 2598 2599 2600 2601 2602 2603 2604 2605 2606 2607 2608 2609 2610 2611 2612 2613 2614 2615 2616 2617 2618 2619 2620 2621 2622 2623 2624 2625 2626 2627 2628 2629 2630 2631 2632 2633 2634 2635 2636 2637 2638 2639 2640 2641 2642 2643 2644 2645 2646 2647 2648 2649 2650 2651 2652 2653 2654 2655 2656 2657 2658 2659 2660 2661 2662 2663 2664 2665 2666 2667 2668 2669 2670 2671 2672 2673 2674 2675 2676 2677 2678 2679 2680 2681 2682 2683 2684 2685 2686 2687 2688 2689 2690 2691 2692 2693 2694 2695 2696 2697 2698 2699 2700 2701 2702 2703 2704 2705 2706 2707 2708 2709 2710 2711 2712 2713 2714 2715 2716 2717 2718 2719 2720 2721 2722 2723 2724 2725 2726 2727 2728 2729 2730 2731 2732 2733 2734 2735 2736 2737 2738 2739 2740 2741 2742 2743 2744 2745 2746 2747 2748 2749 2750 2751 2752 2753 2754 2755 2756 2757 2758 2759 2760 2761 2762 2763 2764 2765 2766 2767 2768 2769 2770 2771 2772 2773 2774 2775 2776 2777 2778 2779 2780 2781 2782 2783 2784 2785 2786 2787 2788 2789 2790 2791 2792 2793 2794 2795 2796 2797 2798 2799 2800 2801 2802 2803 2804 2805 2806 2807 2808 2809 2810 2811 2812 2813 2814 2815 2816 2817 2818 2819 2820 2821 2822 2823 2824 2825 2826 2827 2828 2829 2830 2831 2832 2833 2834 2835 2836 2837 2838 2839 2840 2841 2842 2843 </p>
        </polylist>
      </mesh>
    </geometry>
  </library_geometries>
  <library_controllers>
  </library_controllers>
  <library_visual_scenes>
    <visual_scene id="Scene" name="Scene">
      <node id="node" name="" type="NODE">
        <matrix sid="matrix">1 0 0 0 0 1 0 0 0 0 1 0 0 0 0 1</matrix>
        <instance_geometry url="#mesh_0">
          <bind_material>
            <technique_common>
              <instance_material symbol="defaultMaterial" target="#material_0">
              </instance_material>
            </technique_common>
          </bind_material>
        </instance_geometry>
      </node>
    </visual_scene>
  </library_visual_scenes>
  <scene>
    <instance_visual_scene url="#Scene" />
  </scene>
</COLLADA>
