<?xml version="1.0" encoding="UTF-8" standalone="no" ?>
<COLLADA xmlns="http://www.collada.org/2005/11/COLLADASchema" version="1.4.1">
  <asset>
    <contributor>
      <author>Assimp</author>
      <authoring_tool>Assimp Exporter</authoring_tool>
    </contributor>
    <created>2025-12-08T10:04:59</created>
    <modified>2025-12-08T10:04:59</modified>
    <unit name="meter" meter="1" />
    <up_axis>Y_UP</up_axis>
  </asset>
  <library_images>
  </library_images>
  <library_effects>
    <effect id="material_0-fx" name="">
      <profile_COMMON>
        <technique sid="standard">
          <phong>
            <emission>
              <color sid="emission">0   0   0   4.53488209e-41</color>
            </emission>
            <ambient>
              <color sid="ambient">0.792156875   0.819607854   0.933333337   0.021484375</color>
            </ambient>
            <diffuse>
              <color sid="diffuse">0.792156875   0.819607854   0.933333337   0.021484375</color>
            </diffuse>
            <specular>
              <color sid="specular">0.200000003   0.200000003   0.200000003   2.55843558e-11</color>
            </specular>
          </phong>
        </technique>
      </profile_COMMON>
    </effect>
  </library_effects>
  <library_materials>
    <material id="material_0" name="">
      <instance_effect url="#material_0-fx"/>
    </material>
  </library_materials>
  <library_geometries>
    <geometry id="mesh_0" name="" >
      <mesh>
        <source id="mesh_0-positions" name="mesh_0-positions">
          <float_array id="mesh_0-positions-array" count="8289"> 0.026250001 -0.0101236338 -0.0987856835 0.0262490381 -0.0132765127 -0.110073 0.0264270026 -0.0215172935 -0.115294896 0.0262506697 0.0127952462 -0.0953760296 0.0262483321 -0.00650034519 -0.103072837 0.026250001 -0.0101236338 -0.0987856835 0.0262501705 -0.0158808082 -0.130183712 0.0264270026 -0.0215172935 -0.115294896 0.0262490381 -0.0132765127 -0.110073 0.02584037 -0.00757300202 -0.122624829 0.0262501705 -0.0158808082 -0.130183712 0.0262490381 -0.0132765127 -0.110073 0.0262791924 -0.00507854111 -0.127112374 0.0262501705 -0.0158808082 -0.130183712 0.02584037 -0.00757300202 -0.122624829 0.0282314811 -0.00141312904 -0.126148671 0.0262791924 -0.00507854111 -0.127112374 0.02584037 -0.00757300202 -0.122624829 0.0262520351 0.0143950777 -0.132911742 0.026253745 0.0164221879 -0.110752985 0.0262727067 0.0223237332 -0.109029852 0.0262491331 0.0105770119 -0.12096747 0.026253745 0.0164221879 -0.110752985 0.0262520351 0.0143950777 -0.132911742 0.0252220444 0.00783410389 -0.105166554 0.026253745 0.0164221879 -0.110752985 0.0262491331 0.0105770119 -0.12096747 0.0252220444 0.00783410389 -0.105166554 0.0262483321 -0.00650034519 -0.103072837 0.0262506697 0.0127952462 -0.0953760296 0.0262491331 0.0105770119 -0.12096747 0.0262520351 0.0143950777 -0.132911742 0.0262501705 -0.0158808082 -0.130183712 0.031253539 0.0207068697 -0.113644116 0.0262727067 0.0223237332 -0.109029852 0.0282602441 0.011711712 -0.102148674 0.0282499995 0.0129367271 -0.11226432 0.0282314811 -0.00141312904 -0.126148671 0.0282808226 0.015980972 -0.117138311 0.0282543749 0.00871408544 -0.131068617 0.0282808226 0.015980972 -0.117138311 0.0282314811 -0.00141312904 -0.126148671 0.0282499194 -1.73745298e-06 -0.0902654156 0.0282543749 0.00871408544 -0.131068617 0.0262791924 -0.00507854111 -0.127112374 0.0282527693 -0.00810537115 -0.135181397 0.0282543749 0.00871408544 -0.131068617 0.0282499194 -1.73745298e-06 -0.0902654156 0.0282864124 -0.0162621345 -0.112346791 0.0282527693 -0.00810537115 -0.135181397 0.0282499194 -1.73745298e-06 -0.0902654156 0.031253539 0.0207068697 -0.113644116 0.0282602441 0.011711712 -0.102148674 0.026253745 0.0164221879 -0.110752985 0.0280983765 -0.00235333503 -0.110187218 0.0277981851 0.0045269914 -0.116358869 0.0282314811 -0.00141312904 -0.126148671 0.0278062485 -0.00541405519 -0.115901396 0.02584037 -0.00757300202 -0.122624829 0.0282314811 -0.00141312904 -0.126148671 0.0278062485 -0.00541405519 -0.115901396 0.0282499194 -1.73745298e-06 -0.0902654156 0.0282314811 -0.00141312904 -0.126148671 0.0278062485 -0.00541405519 -0.115901396 0.0282314811 -0.00141312904 -0.126148671 0.0277981851 0.0045269914 -0.116358869 0.0282480791 -0.0150022702 -0.0961715728 0.0264270026 -0.0215172935 -0.115294896 0.0282864124 -0.0162621345 -0.112346791 0.0278062485 -0.00541405519 -0.115901396 0.0280983765 -0.00235333503 -0.110187218 0.0282499194 -1.73745298e-06 -0.0902654156 0.0280983765 -0.00235333503 -0.110187218 0.0282499194 -1.73745298e-06 -0.0902654156 0.0252220444 0.00783410389 -0.105166554 0.0280983765 -0.00235333503 -0.110187218 0.0282499995 0.0129367271 -0.11226432 0.0282499194 -1.73745298e-06 -0.0902654156 0.0280983765 -0.00235333503 -0.110187218 0.0282314811 -0.00141312904 -0.126148671 0.0282499995 0.0129367271 -0.11226432 0.0282499194 -1.73745298e-06 -0.0902654156 0.0262791924 -0.00507854111 -0.127112374 0.0282314811 -0.00141312904 -0.126148671 0.0231034514 -0.00392222777 -0.106886886 0.0252220444 0.00783410389 -0.105166554 0.0223250203 -0.00240129209 -0.116674349 0.0223866794 0.00886095129 -0.109199584 0.0226190686 0.005827107 -0.122415662 0.0223250203 -0.00240129209 -0.116674349 0.0223866794 0.00886095129 -0.109199584 0.0223250203 -0.00240129209 -0.116674349 0.0252220444 0.00783410389 -0.105166554 0.0231034514 -0.00392222777 -0.106886886 0.0223250203 -0.00240129209 -0.116674349 0.02584037 -0.00757300202 -0.122624829 0.0226190686 0.005827107 -0.122415662 0.02584037 -0.00757300202 -0.122624829 0.0223250203 -0.00240129209 -0.116674349 0.0223250203 -0.00240129209 -0.116674349 0.0277981851 0.0045269914 -0.116358869 0.0280983765 -0.00235333503 -0.110187218 0.0223250203 -0.00240129209 -0.116674349 0.0278062485 -0.00541405519 -0.115901396 0.0277981851 0.0045269914 -0.116358869 0.0223250203 -0.00240129209 -0.116674349 0.0280983765 -0.00235333503 -0.110187218 0.0278062485 -0.00541405519 -0.115901396 0.0262727067 0.0223237332 -0.109029852 0.026253745 0.0164221879 -0.110752985 0.0262506697 0.0127952462 -0.0953760296 0.0282480791 -0.0150022702 -0.0961715728 0.0262506697 0.0127952462 -0.0953760296 0.026250001 -0.0101236338 -0.0987856835 0.0282480791 -0.0150022702 -0.0961715728 0.026250001 -0.0101236338 -0.0987856835 0.0264270026 -0.0215172935 -0.115294896 0.0282527693 -0.00810537115 -0.135181397 0.0262501705 -0.0158808082 -0.130183712 0.0262520351 0.0143950777 -0.132911742 0.0282527693 -0.00810537115 -0.135181397 0.0264270026 -0.0215172935 -0.115294896 0.0262501705 -0.0158808082 -0.130183712 0.0282864124 -0.0162621345 -0.112346791 0.0264270026 -0.0215172935 -0.115294896 0.0282527693 -0.00810537115 -0.135181397 0.0282480791 -0.0150022702 -0.0961715728 0.0282499194 -1.73745298e-06 -0.0902654156 0.0262506697 0.0127952462 -0.0953760296 0.0282499194 -1.73745298e-06 -0.0902654156 0.0282602441 0.011711712 -0.102148674 0.0262506697 0.0127952462 -0.0953760296 0.0282602441 0.011711712 -0.102148674 0.0262727067 0.0223237332 -0.109029852 0.0262506697 0.0127952462 -0.0953760296 0.0282808226 0.015980972 -0.117138311 0.0262520351 0.0143950777 -0.132911742 0.0262727067 0.0223237332 -0.109029852 0.0282543749 0.00871408544 -0.131068617 0.0262520351 0.0143950777 -0.132911742 0.0282808226 0.015980972 -0.117138311 0.0282527693 -0.00810537115 -0.135181397 0.0262520351 0.0143950777 -0.132911742 0.0282543749 0.00871408544 -0.131068617 0.0282808226 0.015980972 -0.117138311 0.0262727067 0.0223237332 -0.109029852 0.031253539 0.0207068697 -0.113644116 0.0282499995 0.0129367271 -0.11226432 0.0282808226 0.015980972 -0.117138311 0.026253745 0.0164221879 -0.110752985 0.0282808226 0.015980972 -0.117138311 0.031253539 0.0207068697 -0.113644116 0.026253745 0.0164221879 -0.110752985 0.0223866794 0.00886095129 -0.109199584 0.0252220444 0.00783410389 -0.105166554 0.0262491331 0.0105770119 -0.12096747 0.0226190686 0.005827107 -0.122415662 0.0262491331 0.0105770119 -0.12096747 0.0282314811 -0.00141312904 -0.126148671 0.0231034514 -0.00392222777 -0.106886886 0.0262483321 -0.00650034519 -0.103072837 0.0252220444 0.00783410389 -0.105166554 0.0231034514 -0.00392222777 -0.106886886 0.0262490381 -0.0132765127 -0.110073 0.0262483321 -0.00650034519 -0.103072837 0.0231034514 -0.00392222777 -0.106886886 0.02584037 -0.00757300202 -0.122624829 0.0262490381 -0.0132765127 -0.110073 0.0223866794 0.00886095129 -0.109199584 0.0262491331 0.0105770119 -0.12096747 0.0226190686 0.005827107 -0.122415662 0.0223866794 0.00886095129 -0.109199584 0.0252220444 0.00783410389 -0.105166554 0.0280983765 -0.00235333503 -0.110187218 0.0231034514 -0.00392222777 -0.106886886 0.0280983765 -0.00235333503 -0.110187218 0.0278062485 -0.00541405519 -0.115901396 0.0282543749 0.00871408544 -0.131068617 0.0282314811 -0.00141312904 -0.126148671 0.0262491331 0.0105770119 -0.12096747 0.0282543749 0.00871408544 -0.131068617 0.0262491331 0.0105770119 -0.12096747 0.0262501705 -0.0158808082 -0.130183712 0.0282543749 0.00871408544 -0.131068617 0.0262501705 -0.0158808082 -0.130183712 0.0262791924 -0.00507854111 -0.127112374 0.0282602441 0.011711712 -0.102148674 0.0252220444 0.00783410389 -0.105166554 0.0262506697 0.0127952462 -0.0953760296 0.0282499194 -1.73745298e-06 -0.0902654156 0.0252220444 0.00783410389 -0.105166554 0.0282602441 0.011711712 -0.102148674 0.0282602441 0.011711712 -0.102148674 0.0262506697 0.0127952462 -0.0953760296 0.026253745 0.0164221879 -0.110752985 0.0282499995 0.0129367271 -0.11226432 0.026253745 0.0164221879 -0.110752985 0.0252220444 0.00783410389 -0.105166554 0.0282499194 -1.73745298e-06 -0.0902654156 0.0282499995 0.0129367271 -0.11226432 0.0252220444 0.00783410389 -0.105166554 0.0282864124 -0.0162621345 -0.112346791 0.0262483321 -0.00650034519 -0.103072837 0.0262490381 -0.0132765127 -0.110073 0.0282864124 -0.0162621345 -0.112346791 0.0282499194 -1.73745298e-06 -0.0902654156 0.0262483321 -0.00650034519 -0.103072837 0.0282864124 -0.0162621345 -0.112346791 0.0262490381 -0.0132765127 -0.110073 0.026250001 -0.0101236338 -0.0987856835 0.0282480791 -0.0150022702 -0.0961715728 0.0282864124 -0.0162621345 -0.112346791 0.026250001 -0.0101236338 -0.0987856835 0.0282480791 -0.0150022702 -0.0961715728 0.026250001 -0.0101236338 -0.0987856835 0.0262483321 -0.00650034519 -0.103072837 0.0282480791 -0.0150022702 -0.0961715728 0.0262483321 -0.00650034519 -0.103072837 0.0282499194 -1.73745298e-06 -0.0902654156 0.023246007 -5.04781492e-05 -0.0967085138 0.0232455339 0.00679252902 -0.104882948 0.0232479963 0.0141413882 -0.107913561 0.0232536122 0.00962925423 -0.127152085 0.0232442115 -0.00236224802 -0.125524506 0.023246007 -5.04781492e-05 -0.0967085138 0.0232536122 0.00962925423 -0.127152085 0.0232479963 0.0141413882 -0.107913561 0.0232442115 -0.00236224802 -0.125524506 0.0232442115 -0.00236224802 -0.125524506 0.0232455339 0.00679252902 -0.104882948 0.023246007 -5.04781492e-05 -0.0967085138 0.0182631873 -0.0128900092 -0.10538625 0.018254647 -0.010018927 -0.109588303 0.0182489082 -0.0078278752 -0.128838718 0.0182496514 0.0147295604 -0.107975937 0.018254647 -0.010018927 -0.109588303 0.0182631873 -0.0128900092 -0.10538625 0.0182489082 -0.0078278752 -0.128838718 0.018254647 -0.010018927 -0.109588303 0.0232442115 -0.00236224802 -0.125524506 0.0182489082 -0.0078278752 -0.128838718 0.0232442115 -0.00236224802 -0.125524506 0.0232479963 0.0141413882 -0.107913561 0.0182496514 0.0147295604 -0.107975937 0.0182489082 -0.0078278752 -0.128838718 0.0232479963 0.0141413882 -0.107913561 0.0182496514 0.0147295604 -0.107975937 0.0232479963 0.0141413882 -0.107913561 0.0232455339 0.00679252902 -0.104882948 0.0182496514 0.0147295604 -0.107975937 0.0232455339 0.00679252902 -0.104882948 0.018254647 -0.010018927 -0.109588303 0.018254647 -0.010018927 -0.109588303 0.0232455339 0.00679252902 -0.104882948 0.0232442115 -0.00236224802 -0.125524506 0.0268942937 -0.0160793476 -0.113514274 0.0182631873 -0.0128900092 -0.10538625 0.0182489082 -0.0078278752 -0.128838718 0.0183174722 0.0150296735 -0.114958458 0.0182496514 0.0147295604 -0.107975937 0.0232479963 0.0141413882 -0.107913561 0.0182496514 0.0147295604 -0.107975937 0.023246007 -5.04781492e-05 -0.0967085138 0.0232479963 0.0141413882 -0.107913561 0.0183174722 0.0150296735 -0.114958458 0.0232536122 0.00962925423 -0.127152085 0.0182489082 -0.0078278752 -0.128838718 0.0183174722 0.0150296735 -0.114958458 0.0182489082 -0.0078278752 -0.128838718 0.0182496514 0.0147295604 -0.107975937 0.0182496514 0.0147295604 -0.107975937 0.0182631873 -0.0128900092 -0.10538625 0.023246007 -5.04781492e-05 -0.0967085138 0.0268942937 -0.0160793476 -0.113514274 0.023246007 -5.04781492e-05 -0.0967085138 0.0182631873 -0.0128900092 -0.10538625 0.0268942937 -0.0160793476 -0.113514274 0.0232536122 0.00962925423 -0.127152085 0.023246007 -5.04781492e-05 -0.0967085138 0.0268942937 -0.0160793476 -0.113514274 0.0182489082 -0.0078278752 -0.128838718 0.0232536122 0.00962925423 -0.127152085 0.0183174722 0.0150296735 -0.114958458 0.0232479963 0.0141413882 -0.107913561 0.0232536122 0.00962925423 -0.127152085 0.0246800613 0.019993674 -0.0514038578 0.028221909 0.0212228727 -0.0351130851 0.028129328 -0.0124330362 -0.0430553444 0.0315241069 0.0198902097 -0.042526979 0.0246800613 0.019993674 -0.0514038578 0.028221909 0.0212228727 -0.0351130851 0.0282500703 -0.00563780032 -0.0309910569 0.028129328 -0.0124330362 -0.0430553444 0.028221909 0.0212228727 -0.0351130851 0.0281507056 0.0114285992 -0.0620110519 0.0246800613 0.019993674 -0.0514038578 0.028129328 -0.0124330362 -0.0430553444 0.0281926766 -0.001104814 -0.0643206611 0.0281507056 0.0114285992 -0.0620110519 0.028129328 -0.0124330362 -0.0430553444 0.0275722649 -0.00888634101 -0.057008855 0.028129328 -0.0124330362 -0.0430553444 0.025859056 -0.0127197495 -0.060282819 0.0287157409 -0.0177021623 -0.0420699157 0.028129328 -0.0124330362 -0.0430553444 0.0282500703 -0.00563780032 -0.0309910569 0.0281675775 -0.0163155869 -0.0271974374 0.0287157409 -0.0177021623 -0.0420699157 0.0282500703 -0.00563780032 -0.0309910569 0.0241813846 -0.00868587662 -0.0224464294 0.0281675775 -0.0163155869 -0.0271974374 0.0282500703 -0.00563780032 -0.0309910569 0.028126074 0.0109917279 -0.0227936823 0.025966391 -0.00229175901 -0.0200561285 0.0282500703 -0.00563780032 -0.0309910569 0.028126074 0.0109917279 -0.0227936823 0.0282500703 -0.00563780032 -0.0309910569 0.028221909 0.0212228727 -0.0351130851 0.025859056 -0.0127197495 -0.060282819 0.0281926766 -0.001104814 -0.0643206611 0.028129328 -0.0124330362 -0.0430553444 0.0281440262 -0.0205568224 -0.0507453941 0.028129328 -0.0124330362 -0.0430553444 0.0287157409 -0.0177021623 -0.0420699157 0.0256913565 -0.00464815227 -0.0318278521 0.0282500703 -0.00563780032 -0.0309910569 0.028129328 -0.0124330362 -0.0430553444 0.0253113136 0.00816837512 -0.048561018 0.028129328 -0.0124330362 -0.0430553444 0.025555199 0.00551201915 -0.0348245539 0.025374677 0.0125893615 -0.0435286984 0.025555199 0.00551201915 -0.0348245539 0.028129328 -0.0124330362 -0.0430553444 0.0282499995 0.00710596377 -0.0331888646 0.025374677 0.0125893615 -0.0435286984 0.028129328 -0.0124330362 -0.0430553444 0.025555199 0.00551201915 -0.0348245539 0.0256913565 -0.00464815227 -0.0318278521 0.0282500703 -0.00563780032 -0.0309910569 0.0282499995 0.00710596377 -0.0331888646 0.028129328 -0.0124330362 -0.0430553444 0.0282500703 -0.00563780032 -0.0309910569 0.0282499995 -0.0108857751 -0.048521895 0.028129328 -0.0124330362 -0.0430553444 0.0282499976 0.00124672265 -0.0552973002 0.0282499976 0.00124672265 -0.0552973002 0.028129328 -0.0124330362 -0.0430553444 0.0253113136 0.00816837512 -0.048561018 0.0281440262 -0.0205568224 -0.0507453941 0.025859056 -0.0127197495 -0.060282819 0.028129328 -0.0124330362 -0.0430553444 0.0263990983 0.000193038257 -0.0507043637 0.0256913565 -0.00464815227 -0.0318278521 0.028129328 -0.0124330362 -0.0430553444 0.025966391 -0.00229175901 -0.0200561285 0.0281675775 -0.0163155869 -0.0271974374 0.0282500703 -0.00563780032 -0.0309910569 0.025163414 0.0182750449 -0.0318334028 0.025555199 0.00551201915 -0.0348245539 0.025966391 -0.00229175901 -0.0200561285 0.02475393 -0.0189845469 -0.05004723 0.02524372 -0.019641865 -0.0362713709 0.0252729505 -0.00847185496 -0.0503896624 0.02475393 -0.0189845469 -0.05004723 0.0252729505 -0.00847185496 -0.0503896624 0.025859056 -0.0127197495 -0.060282819 0.0236062501 0.00135602534 -0.0622746348 0.0252729505 -0.00847185496 -0.0503896624 0.025163414 0.0182750449 -0.0318334028 0.02524372 -0.019641865 -0.0362713709 0.0256913565 -0.00464815227 -0.0318278521 0.0263990983 0.000193038257 -0.0507043637 0.02524372 -0.019641865 -0.0362713709 0.025555199 0.00551201915 -0.0348245539 0.0256913565 -0.00464815227 -0.0318278521 0.02524372 -0.019641865 -0.0362713709 0.0241813846 -0.00868587662 -0.0224464294 0.025555199 0.00551201915 -0.0348245539 0.02524372 -0.019641865 -0.0362713709 0.0256913565 -0.00464815227 -0.0318278521 0.028129328 -0.0124330362 -0.0430553444 0.0252729505 -0.00847185496 -0.0503896624 0.0263990983 0.000193038257 -0.0507043637 0.025163414 0.0182750449 -0.0318334028 0.025163414 0.0182750449 -0.0318334028 0.0263990983 0.000193038257 -0.0507043637 0.0253113136 0.00816837512 -0.048561018 0.025163414 0.0182750449 -0.0318334028 0.025374677 0.0125893615 -0.0435286984 0.025555199 0.00551201915 -0.0348245539 0.025163414 0.0182750449 -0.0318334028 0.0253113136 0.00816837512 -0.048561018 0.025555199 0.00551201915 -0.0348245539 0.0236062501 0.00135602534 -0.0622746348 0.025163414 0.0182750449 -0.0318334028 0.0246800613 0.019993674 -0.0514038578 0.0236062501 0.00135602534 -0.0622746348 0.025859056 -0.0127197495 -0.060282819 0.0252729505 -0.00847185496 -0.0503896624 0.025555199 0.00551201915 -0.0348245539 0.0241813846 -0.00868587662 -0.0224464294 0.025966391 -0.00229175901 -0.0200561285 0.0263990983 0.000193038257 -0.0507043637 0.025555199 0.00551201915 -0.0348245539 0.0253113136 0.00816837512 -0.048561018 0.025966391 -0.00229175901 -0.0200561285 0.0241813846 -0.00868587662 -0.0224464294 0.0281675775 -0.0163155869 -0.0271974374 0.0228183344 -0.0214866456 -0.036763303 0.0287157409 -0.0177021623 -0.0420699157 0.0281675775 -0.0163155869 -0.0271974374 0.0228183344 -0.0214866456 -0.036763303 0.0281440262 -0.0205568224 -0.0507453941 0.0287157409 -0.0177021623 -0.0420699157 0.0228183344 -0.0214866456 -0.036763303 0.0241813846 -0.00868587662 -0.0224464294 0.02524372 -0.019641865 -0.0362713709 0.0228183344 -0.0214866456 -0.036763303 0.02524372 -0.019641865 -0.0362713709 0.02475393 -0.0189845469 -0.05004723 0.0228183344 -0.0214866456 -0.036763303 0.02475393 -0.0189845469 -0.05004723 0.0281440262 -0.0205568224 -0.0507453941 0.02475393 -0.0189845469 -0.05004723 0.025859056 -0.0127197495 -0.060282819 0.0281440262 -0.0205568224 -0.0507453941 0.0236062501 0.00135602534 -0.0622746348 0.0281926766 -0.001104814 -0.0643206611 0.025859056 -0.0127197495 -0.060282819 0.0236062501 0.00135602534 -0.0622746348 0.0281507056 0.0114285992 -0.0620110519 0.0281926766 -0.001104814 -0.0643206611 0.0236062501 0.00135602534 -0.0622746348 0.0246800613 0.019993674 -0.0514038578 0.0281507056 0.0114285992 -0.0620110519 0.025163414 0.0182750449 -0.0318334028 0.028221909 0.0212228727 -0.0351130851 0.0246800613 0.019993674 -0.0514038578 0.025163414 0.0182750449 -0.0318334028 0.028126074 0.0109917279 -0.0227936823 0.028221909 0.0212228727 -0.0351130851 0.025163414 0.0182750449 -0.0318334028 0.025966391 -0.00229175901 -0.0200561285 0.028126074 0.0109917279 -0.0227936823 0.0228183344 -0.0214866456 -0.036763303 0.0281675775 -0.0163155869 -0.0271974374 0.0241813846 -0.00868587662 -0.0224464294 0.0282499995 0.00710596377 -0.0331888646 0.0256913565 -0.00464815227 -0.0318278521 0.025555199 0.00551201915 -0.0348245539 0.0282499995 0.00710596377 -0.0331888646 0.0282500703 -0.00563780032 -0.0309910569 0.0256913565 -0.00464815227 -0.0318278521 0.0252729505 -0.00847185496 -0.0503896624 0.0282499976 0.00124672265 -0.0552973002 0.0263990983 0.000193038257 -0.0507043637 0.0252729505 -0.00847185496 -0.0503896624 0.0282499995 -0.0108857751 -0.048521895 0.0282499976 0.00124672265 -0.0552973002 0.02524372 -0.019641865 -0.0362713709 0.0263990983 0.000193038257 -0.0507043637 0.028129328 -0.0124330362 -0.0430553444 0.0252729505 -0.00847185496 -0.0503896624 0.028129328 -0.0124330362 -0.0430553444 0.0282499995 -0.0108857751 -0.048521895 0.0252729505 -0.00847185496 -0.0503896624 0.02524372 -0.019641865 -0.0362713709 0.028129328 -0.0124330362 -0.0430553444 0.0263990983 0.000193038257 -0.0507043637 0.0282499976 0.00124672265 -0.0552973002 0.0253113136 0.00816837512 -0.048561018 0.0282499995 0.00710596377 -0.0331888646 0.025555199 0.00551201915 -0.0348245539 0.025374677 0.0125893615 -0.0435286984 -0.0260833353 0.02259719 -0.0401391536 -0.0294166673 0.0191859975 -0.0414656959 -0.0260833297 0.0206178185 -0.0451476201 -0.0294166636 0.0240290109 -0.0438210815 -0.0260833353 0.02259719 -0.0401391536 -0.0260833297 0.0206178185 -0.0451476201 -0.0294166636 0.0240290109 -0.0438210815 -0.0260833297 0.0206178185 -0.0451476201 -0.0294166673 0.0191859975 -0.0414656959 -0.0294166636 0.0240290109 -0.0438210815 -0.0294166673 0.0191859975 -0.0414656959 -0.0260833353 0.02259719 -0.0401391536 -0.0335115194 -0.00818337966 -0.0378301404 -0.0334044099 -0.00117775798 -0.0511719175 -0.0332900174 0.0049180924 -0.0352498367 0.0035609426 -0.024809096 -0.0332764611 0.00357770571 -0.000658451987 -0.0141278682 0.00323042111 0.0201666411 -0.0255735293 0.00425000023 0.00796315726 -0.0578538962 0.00357770571 -0.000658451987 -0.0141278682 0.0035609426 -0.024809096 -0.0332764611 0.00425000023 0.00796315726 -0.0578538962 0.00323042111 0.0201666411 -0.0255735293 0.00357770571 -0.000658451987 -0.0141278682 0.00319173955 -0.0194837991 -0.062641941 0.00319279591 0.0148739452 -0.0651032105 0.00425000023 0.00796315726 -0.0578538962 0.00319173955 -0.0194837991 -0.062641941 0.00425000023 0.00796315726 -0.0578538962 0.0035609426 -0.024809096 -0.0332764611 0.00328117679 0.0251338631 -0.0443937033 0.00425000023 0.00796315726 -0.0578538962 0.00319279591 0.0148739452 -0.0651032105 0.00328117679 0.0251338631 -0.0443937033 0.00323042111 0.0201666411 -0.0255735293 0.00425000023 0.00796315726 -0.0578538962 -0.0115939518 -0.0256775953 -0.0475487672 -0.0087264413 -0.0195534695 -0.0604911782 0.00186533795 -0.0206456482 -0.058503069 -0.00455042254 0.0105711007 -0.0662589818 0.000656174205 0.00150271435 -0.0685630366 -0.00253572734 -0.00854256097 -0.0669084415 -0.00253572734 -0.00854256097 -0.0669084415 0.00186533795 -0.0206456482 -0.058503069 -0.0087264413 -0.0195534695 -0.0604911782 -0.000549428747 -0.0239256117 -0.0317899659 -0.0115939518 -0.0256775953 -0.0475487672 0.00186533795 -0.0206456482 -0.058503069 -0.00323779765 -0.0264187325 -0.0419742726 -0.0115939518 -0.0256775953 -0.0475487672 -0.000549428747 -0.0239256117 -0.0317899659 -0.0356499963 0.017725803 -0.0261615366 -0.0356499963 0.0134019563 -0.0232725833 -0.0262499973 0.0134019563 -0.0232725851 -0.0262499973 0.017725803 -0.0261615384 -0.0356499963 0.017725803 -0.0261615366 -0.0262499973 0.0134019563 -0.0232725851 -0.0356499963 0.0126334177 -0.0337318964 -0.0356499963 0.017725803 -0.0261615366 -0.0262499973 0.017725803 -0.0261615384 -0.0262499973 0.0129611567 -0.033291705 -0.0356499963 0.0126334177 -0.0337318964 -0.0262499973 0.017725803 -0.0261615384 -0.0356499963 0.00823876634 -0.0311459098 -0.0356499963 0.017725803 -0.0261615366 -0.0356499963 0.0126334177 -0.0337318964 -0.0356499963 0.00823876634 -0.0311459098 -0.0356499963 0.0134019563 -0.0232725833 -0.0356499963 0.017725803 -0.0261615366 -0.0262499973 0.00791752245 -0.0317266844 -0.0356499963 0.0134019563 -0.0232725833 -0.0356499963 0.00823876634 -0.0311459098 -0.0262499973 0.00791752245 -0.0317266844 -0.0262499973 0.0134019563 -0.0232725851 -0.0356499963 0.0134019563 -0.0232725833 -0.0262499973 0.00791752245 -0.0317266844 -0.0356499963 0.0126334177 -0.0337318964 -0.0262499973 0.0129611567 -0.033291705 -0.0262499973 0.00791752245 -0.0317266844 -0.0356499963 0.00823876634 -0.0311459098 -0.0356499963 0.0126334177 -0.0337318964 -0.0306739602 -0.00416407548 -0.0232981257 -0.0287050996 -0.00949624181 -0.0217274372 -0.030433001 -0.00305866008 -0.0188094955 -0.028705094 -0.00056022522 -0.0271897446 -0.0302209482 -0.00699779857 -0.03010769 -0.0305134319 -0.00643773982 -0.0257780105 -0.0356499963 0.0124044241 -0.0226058457 -0.0356499963 0.00808057748 -0.0197168924 -0.0262499973 0.00808057748 -0.0197168924 -0.0262499973 0.0124044241 -0.0226058457 -0.0356499963 0.0124044241 -0.0226058457 -0.0262499973 0.00808057748 -0.0197168924 -0.0356499963 0.00731203472 -0.0301762037 -0.0356499963 0.0124044241 -0.0226058457 -0.0262499973 0.0124044241 -0.0226058457 -0.0262499973 0.00763977738 -0.0297360104 -0.0356499963 0.00731203472 -0.0301762037 -0.0262499973 0.0124044241 -0.0226058457 -0.0356499963 0.00291738776 -0.0275902171 -0.0356499963 0.0124044241 -0.0226058457 -0.0356499963 0.00731203472 -0.0301762037 -0.0356499963 0.00291738776 -0.0275902171 -0.0356499963 0.00808057748 -0.0197168924 -0.0356499963 0.0124044241 -0.0226058457 -0.0262499973 0.0025961441 -0.0281709936 -0.0356499963 0.00808057748 -0.0197168924 -0.0356499963 0.00291738776 -0.0275902171 -0.0262499973 0.0025961441 -0.0281709936 -0.0262499973 0.00808057748 -0.0197168924 -0.0356499963 0.00808057748 -0.0197168924 -0.0262499973 0.0025961441 -0.0281709936 -0.0356499963 0.00731203472 -0.0301762037 -0.0262499973 0.00763977738 -0.0297360104 -0.0262499973 0.0025961441 -0.0281709936 -0.0356499963 0.00291738776 -0.0275902171 -0.0356499963 0.00731203472 -0.0301762037 0.0227500014 -0.00491942279 -0.047299929 0.0227444042 -0.0064587188 -0.0450925976 -0.0337493867 -0.00492113875 -0.0472957045 0.0227497164 -0.00266579748 -0.0487799235 0.0227500014 -0.00491942279 -0.047299929 -0.0337493867 -0.00492113875 -0.0472957045 0.0227497164 0.00645367987 -0.039404586 0.0227499772 0.00713277049 -0.0425792523 -0.0361712649 0.00710028457 -0.0424923413 0.0227500014 0.00266947271 -0.0357249379 0.0227497164 0.00491783768 -0.0371941887 -0.0338205546 0.00267262245 -0.0357282273 -0.0337369144 3.37517995e-05 -0.0352018736 0.0227500014 0.00266947271 -0.0357249379 -0.0338205546 0.00267262245 -0.0357282273 0.0227500014 3.07614937e-05 -0.0352000669 0.0227500014 0.00266947271 -0.0357249379 -0.0337369144 3.37517995e-05 -0.0352018736 0.0227497164 -0.00261844345 -0.035700947 0.0227500014 3.07614937e-05 -0.0352000669 -0.0337369144 3.37517995e-05 -0.0352018736 0.0227500014 -0.00487516681 -0.0371573344 0.0227497164 -0.00261844345 -0.035700947 -0.0336826146 -0.00430178968 -0.0368189216 0.0227498189 -0.00667291228 -0.0397547632 0.0227500014 -0.00487516681 -0.0371573344 -0.0336826146 -0.00430178968 -0.0368189216 0.0227497984 0.0064315768 -0.0451439843 -0.0361712649 0.00710028457 -0.0424923413 0.0227499772 0.00713277049 -0.0425792523 0.0227497164 0.00488110958 -0.0473412797 -0.0361712649 0.00710028457 -0.0424923413 0.0227497984 0.0064315768 -0.0451439843 -0.034427017 0.000979699311 -0.0497544557 -0.0361712649 0.00710028457 -0.0424923413 0.0227497164 0.00488110958 -0.0473412797 0.0227497164 0.00261843996 -0.0487990528 -0.034427017 0.000979699311 -0.0497544557 0.0227497164 0.00488110958 -0.0473412797 0.0227497164 -2.55276918e-05 -0.049303066 -0.034427017 0.000979699311 -0.0497544557 0.0227497164 0.00261843996 -0.0487990528 0.0227497164 -2.55276918e-05 -0.049303066 0.0227497164 -0.00266579748 -0.0487799235 -0.034427017 0.000979699311 -0.0497544557 -0.034427017 0.000979699311 -0.0497544557 0.0227497164 -0.00266579748 -0.0487799235 -0.0337493867 -0.00492113875 -0.0472957045 0.0227408316 -0.00706659444 -0.0423995517 0.0227498189 -0.00667291228 -0.0397547632 -0.0336826146 -0.00430178968 -0.0368189216 -0.0336826146 -0.00430178968 -0.0368189216 0.0227497164 -0.00261844345 -0.035700947 -0.0337369144 3.37517995e-05 -0.0352018736 -0.033549998 0.00564585719 -0.0383333303 -0.0338205546 0.00267262245 -0.0357282273 0.0227497164 0.00491783768 -0.0371941887 -0.033549998 0.00564585719 -0.0383333303 0.0227497164 0.00491783768 -0.0371941887 0.0227497164 0.00645367987 -0.039404586 -0.033549998 0.00564585719 -0.0383333303 0.0227497164 0.00645367987 -0.039404586 -0.0361712649 0.00710028457 -0.0424923413 0.0227408316 -0.00706659444 -0.0423995517 -0.0337493867 -0.00492113875 -0.0472957045 0.0227444042 -0.0064587188 -0.0450925976 -0.0335890837 -0.00117995869 -0.0481862538 -0.034427017 0.000979699311 -0.0497544557 -0.0337493867 -0.00492113875 -0.0472957045 -0.0336675681 0.00569002051 -0.0445537902 -0.034427017 0.000979699311 -0.0497544557 -0.0335890837 -0.00117995869 -0.0481862538 -0.0336675681 0.00569002051 -0.0445537902 -0.0361712649 0.00710028457 -0.0424923413 -0.034427017 0.000979699311 -0.0497544557 -0.0336675681 0.00569002051 -0.0445537902 -0.0338205546 0.00267262245 -0.0357282273 -0.0361712649 0.00710028457 -0.0424923413 -0.033549998 0.00564585719 -0.0383333303 -0.0361712649 0.00710028457 -0.0424923413 -0.0338205546 0.00267262245 -0.0357282273 -0.0336023979 -0.00380845298 -0.0374317206 -0.0336826146 -0.00430178968 -0.0368189216 -0.0337369144 3.37517995e-05 -0.0352018736 -0.0336023979 -0.00380845298 -0.0374317206 -0.0337493867 -0.00492113875 -0.0472957045 -0.0336826146 -0.00430178968 -0.0368189216 0.0227408316 -0.00706659444 -0.0423995517 -0.0336826146 -0.00430178968 -0.0368189216 -0.0337493867 -0.00492113875 -0.0472957045 0.0239030961 0.00286797551 -0.0476790145 -0.0336675681 0.00569002051 -0.0445537902 -0.0335890837 -0.00117995869 -0.0481862538 -0.0117624998 -0.00388884055 -0.0467621498 -0.0337493867 -0.00492113875 -0.0472957045 0.024211606 -0.00561204739 -0.044461824 -0.0117624998 -0.00388884055 -0.0467621498 -0.0335890837 -0.00117995869 -0.0481862538 -0.0337493867 -0.00492113875 -0.0472957045 0.0236914624 -0.00598553428 -0.0410562493 0.024211606 -0.00561204739 -0.044461824 -0.0337493867 -0.00492113875 -0.0472957045 0.0236914624 -0.00598553428 -0.0410562493 -0.0337493867 -0.00492113875 -0.0472957045 -0.0336023979 -0.00380845298 -0.0374317206 0.0243404973 -0.00119888678 -0.036371097 -0.0336023979 -0.00380845298 -0.0374317206 -0.0337369144 3.37517995e-05 -0.0352018736 0.0125829307 0.00176161435 -0.0363945402 0.0243404973 -0.00119888678 -0.036371097 -0.0337369144 3.37517995e-05 -0.0352018736 0.0125829307 0.00176161435 -0.0363945402 -0.0337369144 3.37517995e-05 -0.0352018736 -0.0338205546 0.00267262245 -0.0357282273 -0.00459999964 0.0045506442 -0.0383395478 -0.0338205546 0.00267262245 -0.0357282273 0.0243990682 0.00510280021 -0.0389152095 0.0243990682 0.00510280021 -0.0389152095 0.0125829307 0.00176161435 -0.0363945402 -0.0338205546 0.00267262245 -0.0357282273 0.0233074073 0.00611946313 -0.0421645567 0.0243990682 0.00510280021 -0.0389152095 -0.0338205546 0.00267262245 -0.0357282273 0.0233074073 0.00611946313 -0.0421645567 -0.0338205546 0.00267262245 -0.0357282273 -0.0336675681 0.00569002051 -0.0445537902 0.025062317 0.0195487682 -0.0359286256 0.0243990682 0.00510280021 -0.0389152095 0.0233074073 0.00611946313 -0.0421645567 0.025062317 0.0195487682 -0.0359286256 0.0233074073 0.00611946313 -0.0421645567 0.0239030961 0.00286797551 -0.0476790145 0.025062317 0.0195487682 -0.0359286256 0.0239030961 0.00286797551 -0.0476790145 0.024211606 -0.00561204739 -0.044461824 -0.0117624998 -0.00388884055 -0.0467621498 0.024211606 -0.00561204739 -0.044461824 -0.0335890837 -0.00117995869 -0.0481862538 0.024211606 -0.00561204739 -0.044461824 0.0239030961 0.00286797551 -0.0476790145 -0.0335890837 -0.00117995869 -0.0481862538 0.0233074073 0.00611946313 -0.0421645567 -0.0336675681 0.00569002051 -0.0445537902 0.0239030961 0.00286797551 -0.0476790145 0.025062317 0.0195487682 -0.0359286256 0.024211606 -0.00561204739 -0.044461824 0.0236914624 -0.00598553428 -0.0410562493 0.025062317 0.0195487682 -0.0359286256 0.0236914624 -0.00598553428 -0.0410562493 0.0243404973 -0.00119888678 -0.036371097 0.025062317 0.0195487682 -0.0359286256 0.0243404973 -0.00119888678 -0.036371097 0.0243990682 0.00510280021 -0.0389152095 0.0243990682 0.00510280021 -0.0389152095 0.0243404973 -0.00119888678 -0.036371097 0.0125829307 0.00176161435 -0.0363945402 -0.00459999964 -0.00408417499 -0.0378554948 -0.0336023979 -0.00380845298 -0.0374317206 0.0236914624 -0.00598553428 -0.0410562493 0.0243404973 -0.00119888678 -0.036371097 0.0236914624 -0.00598553428 -0.0410562493 -0.0336023979 -0.00380845298 -0.0374317206 0.0250453297 -0.011808469 -0.0584217831 0.025062317 0.0195487682 -0.0359286256 0.0250924099 -0.0194137897 -0.0356530324 0.0251032002 0.0147232469 -0.0562881976 0.025062317 0.0195487682 -0.0359286256 0.0250453297 -0.011808469 -0.0584217831 0.025227556 -0.0192535408 -0.0482126623 0.0250453297 -0.011808469 -0.0584217831 0.0250924099 -0.0194137897 -0.0356530324 0.0248530172 -0.00115029479 -0.0625994951 0.0251032002 0.0147232469 -0.0562881976 0.0250453297 -0.011808469 -0.0584217831 0.0241113119 0.0100214453 -0.0242188219 0.0250924099 -0.0194137897 -0.0356530324 0.025062317 0.0195487682 -0.0359286256 0.0251020454 -0.00505825924 -0.0223144349 0.0250924099 -0.0194137897 -0.0356530324 0.0241113119 0.0100214453 -0.0242188219 0.0222594179 0.0206499547 -0.0443571731 0.025062317 0.0195487682 -0.0359286256 0.0251032002 0.0147232469 -0.0562881976 0.0222815759 -0.0132094137 -0.0322603956 0.025227556 -0.0192535408 -0.0482126623 0.0250924099 -0.0194137897 -0.0356530324 0.0205262061 -0.0126239415 -0.0581748858 0.0248530172 -0.00115029479 -0.0625994951 0.0168086197 -0.00390364649 -0.0620216727 0.0197583027 -0.00795041025 -0.0233593397 0.0222815759 -0.0132094137 -0.0322603956 0.0167704485 -0.0194066055 -0.0349665657 0.0215048548 0.0022182765 -0.0220735222 0.0222815759 -0.0132094137 -0.0322603956 0.0197583027 -0.00795041025 -0.0233593397 0.0205849484 -0.0184764378 -0.0506307334 0.0167704485 -0.0194066055 -0.0349665657 0.0222815759 -0.0132094137 -0.0322603956 0.0205849484 -0.0184764378 -0.0506307334 0.025227556 -0.0192535408 -0.0482126623 0.0205262061 -0.0126239415 -0.0581748858 0.0227733944 0.0165958833 -0.0361001678 0.0215048548 0.0022182765 -0.0220735222 0.0241113119 0.0100214453 -0.0242188219 0.0222794376 0.00874422025 -0.0601887815 0.0248530172 -0.00115029479 -0.0625994951 0.0205262061 -0.0126239415 -0.0581748858 0.0167975761 0.0158755817 -0.054778289 0.0168006942 0.00625059567 -0.0616845228 0.0222794376 0.00874422025 -0.0601887815 0.0168006942 0.00625059567 -0.0616845228 0.0168086197 -0.00390364649 -0.0620216727 0.0248530172 -0.00115029479 -0.0625994951 0.0168006942 0.00625059567 -0.0616845228 0.0248530172 -0.00115029479 -0.0625994951 0.0222794376 0.00874422025 -0.0601887815 0.0167993493 0.0203713346 -0.039227169 0.0167975761 0.0158755817 -0.054778289 0.0222594179 0.0206499547 -0.0443571731 0.0167820863 0.0133061334 -0.0270120073 0.0167993493 0.0203713346 -0.039227169 0.0241113119 0.0100214453 -0.0242188219 0.0167820863 0.0133061334 -0.0270120073 0.0241113119 0.0100214453 -0.0242188219 0.0215048548 0.0022182765 -0.0220735222 0.0167975761 0.0158755817 -0.054778289 0.0222794376 0.00874422025 -0.0601887815 0.0222594179 0.0206499547 -0.0443571731 0.0167993493 0.0203713346 -0.039227169 0.0227733944 0.0165958833 -0.0361001678 0.0241113119 0.0100214453 -0.0242188219 0.0167993493 0.0203713346 -0.039227169 0.0222594179 0.0206499547 -0.0443571731 0.0227733944 0.0165958833 -0.0361001678 0.0182454567 -0.00355443894 -0.0679181889 0.00613403367 -0.00598865934 -0.0678344518 0.0177676231 0.00581328571 -0.0678273141 0.00686586834 -0.016923001 -0.0620849468 0.00613403367 -0.00598865934 -0.0678344518 0.0181552842 -0.0143354833 -0.0639383122 0.0181552842 -0.0143354833 -0.0639383122 0.00613403367 -0.00598865934 -0.0678344518 0.0182454567 -0.00355443894 -0.0679181889 0.0175692439 -0.0222308133 -0.0559253916 0.00686586834 -0.016923001 -0.0620849468 0.0181552842 -0.0143354833 -0.0639383122 0.00475491211 -0.005264882 -0.0659355521 0.0182454567 -0.00355443894 -0.0679181889 0.0177676231 0.00581328571 -0.0678273141 0.0162332356 0.00634249346 -0.0630646348 0.0182454567 -0.00355443894 -0.0679181889 0.0177676231 0.00581328571 -0.0678273141 0.0162002649 0.0236785244 -0.053400483 0.0168726314 0.0162100121 -0.0570545718 0.0179568864 0.0182077568 -0.0612468794 0.0179568864 0.0182077568 -0.0612468794 0.0168726314 0.0162100121 -0.0570545718 0.0177676231 0.00581328571 -0.0678273141 0.0162159242 -0.0198530201 -0.0511952564 0.0175692439 -0.0222308133 -0.0559253916 0.0181552842 -0.0143354833 -0.0639383122 0.0162332356 0.00634249346 -0.0630646348 0.0181552842 -0.0143354833 -0.0639383122 0.0182454567 -0.00355443894 -0.0679181889 0.0162359327 -0.00919820089 -0.0623403937 0.0181552842 -0.0143354833 -0.0639383122 0.0162332356 0.00634249346 -0.0630646348 0.0162359327 -0.00919820089 -0.0623403937 0.0162159242 -0.0198530201 -0.0511952564 0.0181552842 -0.0143354833 -0.0639383122 0.0163308792 0.0216205791 -0.0441070274 0.0168726314 0.0162100121 -0.0570545718 0.0162002649 0.0236785244 -0.053400483 0.0174838956 0.0119716348 -0.0190022774 0.0162422359 0.01070581 -0.0231117159 0.0177376438 0.0183526557 -0.0233847816 0.0177579671 -0.0191282053 -0.0245282184 0.0178723801 -0.0244080182 -0.0327157862 0.0163676534 -0.0194153301 -0.0322298594 0.0163047425 -0.00980973523 -0.0228763744 0.0177579671 -0.0191282053 -0.0245282184 0.0163676534 -0.0194153301 -0.0322298594 0.01771589 0.0224732719 -0.0289067347 0.0162422359 0.01070581 -0.0231117159 0.0162484627 0.0200430825 -0.0338617004 0.01771589 0.0224732719 -0.0289067347 0.0177376438 0.0183526557 -0.0233847816 0.0162422359 0.01070581 -0.0231117159 -0.000424569764 0.0191976763 -0.028366914 0.01771589 0.0224732719 -0.0289067347 0.0177376438 0.0183526557 -0.0233847816 0.0179402046 0.0253510009 -0.0364617407 0.01771589 0.0224732719 -0.0289067347 0.0162484627 0.0200430825 -0.0338617004 0.0150163788 0.0260701049 -0.0447759107 0.0163308792 0.0216205791 -0.0441070274 0.0162002649 0.0236785244 -0.053400483 0.0150163788 0.0260701049 -0.0447759107 0.0179402046 0.0253510009 -0.0364617407 0.0163308792 0.0216205791 -0.0441070274 0.018068891 -0.0116899135 -0.0189016033 0.0177579671 -0.0191282053 -0.0245282184 0.0163047425 -0.00980973523 -0.0228763744 0.0155668752 0.000104328516 -0.0159298945 0.018068891 -0.0116899135 -0.0189016033 0.0165946335 0.00204332033 -0.0205991156 0.0155668752 0.000104328516 -0.0159298945 0.0165946335 0.00204332033 -0.0205991156 0.0174838956 0.0119716348 -0.0190022774 0.0165946335 0.00204332033 -0.0205991156 0.0162422359 0.01070581 -0.0231117159 0.0174838956 0.0119716348 -0.0190022774 0.0162532385 -0.0110629601 -0.0280522797 0.0165946335 0.00204332033 -0.0205991156 0.0163047425 -0.00980973523 -0.0228763744 0.0162500013 0.0169211403 -0.0487540774 0.0163308792 0.0216205791 -0.0441070274 0.0162484627 0.0200430825 -0.0338617004 0.0162486844 -0.0212974418 -0.0401408076 0.0162532385 -0.0110629601 -0.0280522797 0.0163676534 -0.0194153301 -0.0322298594 0.0162500013 0.0169211403 -0.0487540774 0.0168726314 0.0162100121 -0.0570545718 0.0163308792 0.0216205791 -0.0441070274 0.0162500013 0.0169211403 -0.0487540774 0.0162332356 0.00634249346 -0.0630646348 0.0168726314 0.0162100121 -0.0570545718 0.0162532385 -0.0110629601 -0.0280522797 0.0162422359 0.01070581 -0.0231117159 0.0165946335 0.00204332033 -0.0205991156 0.0162532385 -0.0110629601 -0.0280522797 0.0162484627 0.0200430825 -0.0338617004 0.0162422359 0.01070581 -0.0231117159 0.0162500013 -0.00647729682 -0.0586877428 0.0162332356 0.00634249346 -0.0630646348 0.0162500013 0.0169211403 -0.0487540774 0.0162500013 -0.00647729682 -0.0586877428 0.0162359327 -0.00919820089 -0.0623403937 0.0162332356 0.00634249346 -0.0630646348 0.0162500013 -0.00647729682 -0.0586877428 0.0162159242 -0.0198530201 -0.0511952564 0.0162359327 -0.00919820089 -0.0623403937 0.0162500013 -0.00647729682 -0.0586877428 0.0162486844 -0.0212974418 -0.0401408076 0.0162159242 -0.0198530201 -0.0511952564 0.0162532385 -0.0110629601 -0.0280522797 0.0163047425 -0.00980973523 -0.0228763744 0.0163676534 -0.0194153301 -0.0322298594 -0.0327285975 0.0197985657 -0.0270768944 -0.0327502452 0.021347614 -0.0572615713 -0.0327500924 0.0100622261 -0.0346496776 -0.0327492543 0.00850644335 -0.0631692111 -0.0327500924 0.0100622261 -0.0346496776 -0.0327502452 0.021347614 -0.0572615713 -0.0280369092 0.00608112337 -0.0676685572 -0.0327492543 0.00850644335 -0.0631692111 -0.0327502452 0.021347614 -0.0572615713 -0.0327367447 -0.00710808579 -0.067500107 -0.0327492543 0.00850644335 -0.0631692111 -0.0280369092 0.00608112337 -0.0676685572 -0.0327633284 0.01284998 -0.0436793789 -0.0327500924 0.0100622261 -0.0346496776 -0.0327492543 0.00850644335 -0.0631692111 -0.0317524858 0.0133209527 -0.0199411456 -0.0327421129 0.00110891263 -0.0296222884 -0.0316594504 0.00742219528 -0.0172640979 -0.0319804177 0.0247964934 -0.0340132415 -0.0327518806 0.0257414337 -0.0459150374 -0.0327285975 0.0197985657 -0.0270768944 -0.0306177307 -0.00352398818 -0.0164482519 -0.0316594504 0.00742219528 -0.0172640979 -0.0327421129 0.00110891263 -0.0296222884 -0.0327407308 -0.0153209502 -0.0210104659 -0.0327421129 0.00110891263 -0.0296222884 -0.0327633284 0.01284998 -0.0436793789 -0.0325352997 -0.0239937399 -0.0319038741 -0.0327407308 -0.0153209502 -0.0210104659 -0.0327633284 0.01284998 -0.0436793789 -0.0327161476 -0.0253748316 -0.0479294322 -0.0327633284 0.01284998 -0.0436793789 -0.0326869488 -0.0176421143 -0.0435277484 -0.0322700515 -0.0248911958 -0.0435580947 -0.0326869488 -0.0176421143 -0.0435277484 -0.0327161476 -0.0253748316 -0.0479294322 -0.032752201 -0.0223673936 -0.0563090667 -0.0327161476 -0.0253748316 -0.0479294322 -0.0327633284 0.01284998 -0.0436793789 -0.032752201 -0.0223673936 -0.0563090667 -0.0327633284 0.01284998 -0.0436793789 -0.0327367447 -0.00710808579 -0.067500107 -0.0327633284 0.01284998 -0.0436793789 -0.0327492543 0.00850644335 -0.0631692111 -0.0327367447 -0.00710808579 -0.067500107 -0.0327518806 0.0257414337 -0.0459150374 -0.0327502452 0.021347614 -0.0572615713 -0.0327285975 0.0197985657 -0.0270768944 -0.0327161476 -0.0253748316 -0.0479294322 -0.0325352997 -0.0239937399 -0.0319038741 -0.0327633284 0.01284998 -0.0436793789 -0.019705601 -0.016471073 -0.0624511689 -0.032752201 -0.0223673936 -0.0563090667 -0.0327367447 -0.00710808579 -0.067500107 -0.0199749358 -0.0260740016 -0.0409085378 -0.0325352997 -0.0239937399 -0.0319038741 -0.0327161476 -0.0253748316 -0.0479294322 -0.020466039 -0.0201402716 -0.0253703054 -0.0327407308 -0.0153209502 -0.0210104659 -0.0325352997 -0.0239937399 -0.0319038741 -0.0208272971 0.0203685351 -0.0259166621 -0.0327285975 0.0197985657 -0.0270768944 -0.0317524858 0.0133209527 -0.0199411456 -0.0247853622 0.02464341 -0.0505394191 -0.0327502452 0.021347614 -0.0572615713 -0.0327518806 0.0257414337 -0.0459150374 -0.019646043 0.0259352624 -0.0390748233 -0.0327518806 0.0257414337 -0.0459150374 -0.0319804177 0.0247964934 -0.0340132415 -0.0208272971 0.0203685351 -0.0259166621 -0.0319804177 0.0247964934 -0.0340132415 -0.0327285975 0.0197985657 -0.0270768944 -0.0213114284 0.0149555737 -0.0636508167 -0.0280369092 0.00608112337 -0.0676685572 -0.0327502452 0.021347614 -0.0572615713 -0.0327421129 0.00110891263 -0.0296222884 -0.0327500924 0.0100622261 -0.0346496776 -0.0327633284 0.01284998 -0.0436793789 -0.0347919241 -0.0100090941 -0.0485773943 -0.0327633284 0.01284998 -0.0436793789 -0.0327421129 0.00110891263 -0.0296222884 -0.0196012836 -0.0225805566 -0.05526926 -0.032752201 -0.0223673936 -0.0563090667 -0.019705601 -0.016471073 -0.0624511689 -0.0196012836 -0.0225805566 -0.05526926 -0.0327161476 -0.0253748316 -0.0479294322 -0.032752201 -0.0223673936 -0.0563090667 -0.0172517672 -0.0112152463 -0.0186860524 -0.0327407308 -0.0153209502 -0.0210104659 -0.020466039 -0.0201402716 -0.0253703054 -0.0172517672 -0.0112152463 -0.0186860524 -0.0306177307 -0.00352398818 -0.0164482519 -0.0327407308 -0.0153209502 -0.0210104659 -0.0172647443 0.0257365536 -0.0459425971 -0.0327518806 0.0257414337 -0.0459150374 -0.019646043 0.0259352624 -0.0390748233 -0.0172647443 0.0257365536 -0.0459425971 -0.0247853622 0.02464341 -0.0505394191 -0.0327518806 0.0257414337 -0.0459150374 -0.0172265545 0.0218156613 -0.0565719977 -0.0327502452 0.021347614 -0.0572615713 -0.0247853622 0.02464341 -0.0505394191 -0.0172265545 0.0218156613 -0.0565719977 -0.0213114284 0.0149555737 -0.0636508167 -0.0327502452 0.021347614 -0.0572615713 -0.0176076759 -0.0122154327 -0.0200414248 -0.0327407308 -0.0153209502 -0.0210104659 -0.0306177307 -0.00352398818 -0.0164482519 -0.0180500969 -0.00841484591 -0.0659833997 -0.0175507031 -0.00138139632 -0.0673315451 -0.03125 0.00144483917 -0.0670891926 -0.0175568052 -0.0182182565 -0.0599051192 -0.0180500969 -0.00841484591 -0.0659833997 -0.0313089266 -0.0217337329 -0.0584894679 -0.0175500605 -0.0245161299 -0.0486328416 -0.0175568052 -0.0182182565 -0.0599051192 -0.0313089266 -0.0217337329 -0.0584894679 -0.0175526608 0.0038527851 -0.0670464933 -0.01755457 0.0147077609 -0.0632135794 -0.0310908724 0.0225430652 -0.0564886443 -0.0175502375 0.0194970407 -0.0266103148 -0.029972041 0.0230847914 -0.0311813131 -0.0175535548 0.0253832731 -0.0389371365 -0.0175502375 0.0194970407 -0.0266103148 -0.0327285975 0.0197985657 -0.0270768944 -0.029972041 0.0230847914 -0.0311813131 -0.017752206 -0.00129840046 -0.0170736033 -0.0317524858 0.0133209527 -0.0199411456 -0.0175504144 0.0106353331 -0.0191157851 -0.0175504144 0.0106353331 -0.0191157851 -0.0317524858 0.0133209527 -0.0199411456 -0.0327285975 0.0197985657 -0.0270768944 -0.0175535548 0.0253832731 -0.0389371365 -0.029972041 0.0230847914 -0.0311813131 -0.0310908724 0.0225430652 -0.0564886443 -0.0175508838 0.0230600517 -0.052402392 -0.0175535548 0.0253832731 -0.0389371365 -0.0310908724 0.0225430652 -0.0564886443 -0.0175508838 0.0230600517 -0.052402392 -0.0310908724 0.0225430652 -0.0564886443 -0.01755457 0.0147077609 -0.0632135794 -0.0175526608 0.0038527851 -0.0670464933 -0.0310908724 0.0225430652 -0.0564886443 -0.03125 0.00144483917 -0.0670891926 -0.0175526608 0.0038527851 -0.0670464933 -0.03125 0.00144483917 -0.0670891926 -0.0175507031 -0.00138139632 -0.0673315451 -0.017752206 -0.00129840046 -0.0170736033 -0.0176076759 -0.0122154327 -0.0200414248 -0.0306177307 -0.00352398818 -0.0164482519 -0.0178435203 -0.0208951812 -0.0281612817 -0.0310431458 -0.0179208927 -0.024624126 -0.0176076759 -0.0122154327 -0.0200414248 -0.0177496281 -0.0245221313 -0.0364665911 -0.0175500605 -0.0245161299 -0.0486328416 -0.0322700515 -0.0248911958 -0.0435580947 -0.0175500605 -0.0245161299 -0.0486328416 -0.0313089266 -0.0217337329 -0.0584894679 -0.0322700515 -0.0248911958 -0.0435580947 -0.0175504144 0.0106353331 -0.0191157851 -0.0327285975 0.0197985657 -0.0270768944 -0.0175502375 0.0194970407 -0.0266103148 -0.0262499973 0.0150717571 -0.0408841074 -0.0262499973 0.00281492434 -0.0735703781 -0.0262499973 -0.00662714615 -0.0488749221 -0.0262499973 -0.0220495127 -0.0543270335 -0.0262816492 -0.0237289686 -0.0352285467 -0.0262499973 -0.00662714615 -0.0488749221 -0.0262499973 -0.0220495127 -0.0543270335 -0.0262499973 -0.00662714615 -0.0488749221 -0.0262499973 0.00281492434 -0.0735703781 -0.0262816492 -0.0237289686 -0.0352285467 -0.0260489006 0.00230482034 -0.018942399 -0.0262499973 0.0150717571 -0.0408841074 0.023247797 0.0125300605 -0.0780956075 0.0165081508 0.008140794 -0.0820070431 0.0232499987 0.00719198724 -0.0811004788 0.0232499987 -0.0247102268 -0.118506618 0.0232499987 -0.0178629793 -0.132832468 0.0230162721 -0.0109209102 -0.128658578 0.0231781453 -0.0193032399 -0.117789157 0.0232499987 -0.0247102268 -0.118506618 0.0230162721 -0.0109209102 -0.128658578 0.0232499987 -0.0292113051 -0.0429201014 0.0232499987 -0.0247102268 -0.118506618 0.0231781453 -0.0193032399 -0.117789157 0.0232499987 0.0118532553 -0.136722952 0.0232482441 0.0200629178 -0.129147694 0.0232456122 0.0133451233 -0.130307078 0.0232499987 -0.00282731955 -0.138926059 0.0232499987 0.0118532553 -0.136722952 0.0232456122 0.0133451233 -0.130307078 0.0232499987 -0.00282731955 -0.138926059 0.0232456122 0.0133451233 -0.130307078 0.0230162721 -0.0109209102 -0.128658578 0.0232499987 -0.00282731955 -0.138926059 0.0230162721 -0.0109209102 -0.128658578 0.0232499987 -0.0178629793 -0.132832468 0.0232474394 -0.0109707555 -0.096814096 0.0230534356 0.00350562925 -0.0949535668 0.023247797 0.0125300605 -0.0780956075 0.0232303087 -0.0131267197 -0.0834474638 0.0232474394 -0.0109707555 -0.096814096 0.023247797 0.0125300605 -0.0780956075 0.0232499987 -0.00779362163 -0.0845262781 0.0232474394 -0.0109707555 -0.096814096 0.0232303087 -0.0131267197 -0.0834474638 0.0232499987 -0.00779362163 -0.0845262781 0.0232499987 -0.0292113051 -0.0429201014 0.0232474394 -0.0109707555 -0.096814096 0.0232474394 -0.0109707555 -0.096814096 0.0232499987 -0.0292113051 -0.0429201014 0.0231781453 -0.0193032399 -0.117789157 0.0232507661 0.0162884183 -0.0175619666 0.0232360959 0.00135462941 -0.0129379714 0.0217601005 0.00743873278 -0.0194653664 0.0232458916 0.0265479535 -0.0298796166 0.0232507661 0.0162884183 -0.0175619666 0.0229589976 0.0180416536 -0.0253773909 0.0215881318 0.019973278 -0.0350800939 0.0232458916 0.0265479535 -0.0298796166 0.0229589976 0.0180416536 -0.0253773909 0.023251012 0.0206972193 -0.0725809485 0.023247797 0.0125300605 -0.0780956075 0.0226398036 0.0238374546 -0.0767027065 0.023250645 0.0293678921 -0.0401702113 0.0164179131 0.0245879311 -0.0740617514 0.0226398036 0.0238374546 -0.0767027065 0.023250645 0.0293678921 -0.0401702113 0.023251012 0.0206972193 -0.0725809485 0.0164179131 0.0245879311 -0.0740617514 0.023250645 0.0293678921 -0.0401702113 0.0226398036 0.0238374546 -0.0767027065 0.023247797 0.0125300605 -0.0780956075 0.0232499987 0.0245118588 -0.120449603 0.023250645 0.0293678921 -0.0401702113 0.023247797 0.0125300605 -0.0780956075 0.0232499987 0.0245118588 -0.120449603 0.023247797 0.0125300605 -0.0780956075 0.0232482441 0.0200629178 -0.129147694 0.0232461561 -0.0241550244 -0.0744709596 0.0232499987 -0.0292113051 -0.0429201014 0.0232499987 -0.00779362163 -0.0845262781 0.0232558269 -0.0284702089 -0.0362693667 0.0232499987 -0.0292113051 -0.0429201014 0.0231990963 -0.0195449404 -0.050660871 0.0231990963 -0.0195449404 -0.050660871 0.0232499987 -0.0292113051 -0.0429201014 0.0232461561 -0.0241550244 -0.0744709596 0.023209244 -0.00975441188 -0.0628266484 0.0232461561 -0.0241550244 -0.0744709596 0.0232499987 -0.00779362163 -0.0845262781 0.023209244 -0.00975441188 -0.0628266484 0.0231990963 -0.0195449404 -0.050660871 0.0232461561 -0.0241550244 -0.0744709596 0.0232048072 -0.0158974305 -0.074217163 0.023209244 -0.00975441188 -0.0628266484 0.0232499987 -0.00779362163 -0.0845262781 0.0163019095 -0.0161052477 -0.0742728487 0.0232499987 -0.00779362163 -0.0845262781 0.0232048072 -0.0158974305 -0.074217163 0.0223915204 -0.0086900685 -0.0764322653 0.0232499987 -0.00779362163 -0.0845262781 0.0232508872 -0.00434593065 -0.0719986409 0.0232028104 -0.00463688606 -0.0680528879 0.023209244 -0.00975441188 -0.0628266484 0.0232499987 -0.00779362163 -0.0845262781 0.0163104851 -0.00779199507 -0.0738099292 0.0232499987 -0.00779362163 -0.0845262781 0.0223915204 -0.0086900685 -0.0764322653 0.0163104851 -0.00779199507 -0.0738099292 0.0232028104 -0.00463688606 -0.0680528879 0.0232499987 -0.00779362163 -0.0845262781 0.0185627434 -0.000778947258 -0.0743190646 0.0232508872 -0.00434593065 -0.0719986409 0.0232499987 -0.00779362163 -0.0845262781 0.0232499987 0.00134150637 -0.0750915036 0.0185627434 -0.000778947258 -0.0743190646 0.0232499987 -0.00779362163 -0.0845262781 0.0232472699 0.00593641121 -0.0679128543 0.0232028104 -0.00463688606 -0.0680528879 0.0232508872 -0.00434593065 -0.0719986409 0.0232472699 0.00593641121 -0.0679128543 0.0232508872 -0.00434593065 -0.0719986409 0.0232499987 0.00134150637 -0.0750915036 0.0232472699 0.00593641121 -0.0679128543 0.0232499987 0.00134150637 -0.0750915036 0.0232499987 -0.00779362163 -0.0845262781 0.0229487177 0.00684572523 -0.0743328705 0.0232472699 0.00593641121 -0.0679128543 0.0232499987 -0.00779362163 -0.0845262781 0.0164492 0.00904106814 -0.0737446323 0.0229487177 0.00684572523 -0.0743328705 0.0232499987 -0.00779362163 -0.0845262781 0.0232499987 0.0145669878 -0.0753660202 0.0232499987 -0.00779362163 -0.0845262781 0.023247797 0.0125300605 -0.0780956075 0.0232499987 0.0145669878 -0.0753660202 0.0232472699 0.00593641121 -0.0679128543 0.0232499987 -0.00779362163 -0.0845262781 0.0225792844 0.0145434048 -0.0727934092 0.0232472699 0.00593641121 -0.0679128543 0.0232499987 0.0145669878 -0.0753660202 0.0225792844 0.0145434048 -0.0727934092 0.023251012 0.0206972193 -0.0725809485 0.0232472699 0.00593641121 -0.0679128543 0.0231979564 0.0140498774 -0.0635985136 0.023251012 0.0206972193 -0.0725809485 0.0214729384 0.0174985155 -0.0552659631 0.0231979564 0.0140498774 -0.0635985136 0.0232472699 0.00593641121 -0.0679128543 0.023251012 0.0206972193 -0.0725809485 0.0173814166 -0.0101090455 -0.0907121077 0.0232303087 -0.0131267197 -0.0834474638 0.0232499987 -0.00733071519 -0.0920677111 0.0162606686 -0.0061822366 -0.0887359679 0.0232303087 -0.0131267197 -0.0834474638 0.0173814166 -0.0101090455 -0.0907121077 0.0232499987 -0.00733071519 -0.0920677111 0.0232499987 -0.00779362163 -0.0845262781 0.0232303087 -0.0131267197 -0.0834474638 0.0162606686 -0.0061822366 -0.0887359679 0.0232499987 -0.00733071519 -0.0920677111 0.0232303087 -0.0131267197 -0.0834474638 0.0232499987 0.000155595553 -0.0899139643 0.023247797 0.0125300605 -0.0780956075 0.0232303087 -0.0131267197 -0.0834474638 0.0163006596 -0.000113840484 -0.090494737 0.0232303087 -0.0131267197 -0.0834474638 0.0232499987 0.000155595553 -0.0899139643 0.0163056049 0.00824473239 -0.0903638452 0.023247797 0.0125300605 -0.0780956075 0.0232499987 0.00766395731 -0.0900944099 0.0226911455 -0.0184712987 -0.0820466653 0.0232499987 -0.00779362163 -0.0845262781 0.0196050312 -0.0155160045 -0.0842668712 0.0165130012 -0.0176750962 -0.080475226 0.0232499987 -0.00779362163 -0.0845262781 0.0226911455 -0.0184712987 -0.0820466653 0.0196050312 -0.0155160045 -0.0842668712 0.0232499987 -0.00779362163 -0.0845262781 0.0232303087 -0.0131267197 -0.0834474638 0.0165130012 -0.0176750962 -0.080475226 0.0232303087 -0.0131267197 -0.0834474638 0.0232499987 -0.00779362163 -0.0845262781 0.0232499987 -0.00207450031 -0.0812905952 0.0232499987 -0.00779362163 -0.0845262781 0.0232303087 -0.0131267197 -0.0834474638 0.0172284748 0.00179342239 -0.0832854286 0.023247797 0.0125300605 -0.0780956075 0.019613361 0.00113935338 -0.0802481472 0.0172284748 0.00179342239 -0.0832854286 0.0232303087 -0.0131267197 -0.0834474638 0.023247797 0.0125300605 -0.0780956075 0.019613361 0.00113935338 -0.0802481472 0.0232499987 -0.00779362163 -0.0845262781 0.0232499987 -0.00207450031 -0.0812905952 0.019613361 0.00113935338 -0.0802481472 0.023247797 0.0125300605 -0.0780956075 0.0232499987 -0.00779362163 -0.0845262781 0.0232499987 -0.00779362163 -0.0845262781 0.023247797 0.0125300605 -0.0780956075 0.0232499987 0.00719198724 -0.0811004788 0.0232499987 -0.00779362163 -0.0845262781 0.0232499987 0.00719198724 -0.0811004788 0.0165081508 0.008140794 -0.0820070431 0.0229869969 0.0090855835 -0.0844553858 0.0165081508 0.008140794 -0.0820070431 0.023247797 0.0125300605 -0.0780956075 0.0230568536 0.0165209454 -0.0821776465 0.0232499987 -0.00779362163 -0.0845262781 0.023247797 0.0125300605 -0.0780956075 0.0229869969 0.0090855835 -0.0844553858 0.023247797 0.0125300605 -0.0780956075 0.0232499987 -0.00779362163 -0.0845262781 0.0229869969 0.0090855835 -0.0844553858 0.0232499987 -0.00779362163 -0.0845262781 0.0165081508 0.008140794 -0.0820070431 0.0230534356 0.00350562925 -0.0949535668 0.0232482441 0.0200629178 -0.129147694 0.023247797 0.0125300605 -0.0780956075 0.0162686072 0.026981011 -0.0364708081 0.0162499994 0.022043461 -0.0225234888 0.0162503012 0.0294449367 -0.0386912078 0.0162529219 0.00639609573 -0.0678603575 0.0162499994 -0.0244839564 -0.120519347 0.0162499994 -0.0291491766 -0.0439720899 0.0162445679 -0.0284204166 -0.0348478295 0.0162947327 -0.0247632358 -0.0330591761 0.0162499994 -0.0291491766 -0.0439720899 0.0162530076 -0.0106724361 -0.0671826601 0.0162499994 -0.0291491766 -0.0439720899 0.0162947327 -0.0247632358 -0.0330591761 0.0162530076 -0.0106724361 -0.0671826601 0.0162529219 0.00639609573 -0.0678603575 0.0162499994 -0.0291491766 -0.0439720899 0.0162499994 -0.0237867758 -0.0739472285 0.0162499994 -0.0291491766 -0.0439720899 0.0162529219 0.00639609573 -0.0678603575 0.0162499994 -0.0237867758 -0.0739472285 0.0162499994 -0.0291491766 -0.0439720899 0.0232461561 -0.0241550244 -0.0744709596 0.0162501689 -0.0198090859 -0.129444137 0.0162499994 -0.0244839564 -0.120519347 0.0162529219 0.00639609573 -0.0678603575 0.0162499994 -0.0118532553 -0.136722952 0.0162501689 -0.0198090859 -0.129444137 0.0162826348 -0.0106680254 -0.126065254 0.0162496213 0.00783767365 -0.138804346 0.0162499994 -0.0118532553 -0.136722952 0.0162826348 -0.0106680254 -0.126065254 0.0162499994 0.0197780281 -0.129541487 0.0162496213 0.00783767365 -0.138804346 0.0167755615 0.0105334688 -0.125918865 0.0162499994 -0.000348174857 -0.0838854462 0.0162503012 0.0294449367 -0.0386912078 0.0162499994 0.0245100129 -0.120873846 0.0162731372 0.0156903211 -0.113056108 0.0162499994 0.0197780281 -0.129541487 0.0167755615 0.0105334688 -0.125918865 0.0162731372 0.0156903211 -0.113056108 0.0162499994 -0.000348174857 -0.0838854462 0.0162499994 0.0197780281 -0.129541487 0.0162499994 -0.000348174857 -0.0838854462 0.0162499994 0.0245100129 -0.120873846 0.0162499994 0.0197780281 -0.129541487 0.0162496325 0.00903601013 -0.0143036703 0.0162499994 0.022043461 -0.0225234888 0.0162686072 0.026981011 -0.0364708081 0.0162499994 -0.0230537541 -0.0245766453 0.0162947327 -0.0247632358 -0.0330591761 0.0162445679 -0.0284204166 -0.0348478295 0.0162636805 -0.0113762179 -0.018220488 0.0162947327 -0.0247632358 -0.0330591761 0.0162499994 -0.0230537541 -0.0245766453 0.0162499994 -0.014162696 -0.0168878026 0.0162636805 -0.0113762179 -0.018220488 0.0162499994 -0.0230537541 -0.0245766453 0.0179275814 0.0202841386 -0.0252795462 0.0162496325 0.00903601013 -0.0143036703 0.0162686072 0.026981011 -0.0364708081 0.0164992418 -0.00364990649 -0.0132143181 0.0162496325 0.00903601013 -0.0143036703 0.0179275814 0.0202841386 -0.0252795462 0.0164992418 -0.00364990649 -0.0132143181 0.0162636805 -0.0113762179 -0.018220488 0.0162499994 -0.014162696 -0.0168878026 0.0164000001 0.0165045783 -0.0618048608 0.0162503012 0.0294449367 -0.0386912078 0.0162529219 0.00639609573 -0.0678603575 0.0164000001 0.0165045783 -0.0618048608 0.0162686072 0.026981011 -0.0364708081 0.0162503012 0.0294449367 -0.0386912078 0.0163765196 -0.00553917186 -0.099698022 0.0162499994 -0.01181095 -0.0817010403 0.0162606686 -0.0061822366 -0.0887359679 0.0163765196 -0.00553917186 -0.099698022 0.0162501689 -0.0198090859 -0.129444137 0.0162499994 -0.01181095 -0.0817010403 0.0162499994 -0.01181095 -0.0817010403 0.0162501689 -0.0198090859 -0.129444137 0.0162529219 0.00639609573 -0.0678603575 0.0163765196 -0.00553917186 -0.099698022 0.0162499994 -0.000348174857 -0.0838854462 0.0162731372 0.0156903211 -0.113056108 0.0163765196 -0.00553917186 -0.099698022 0.0162606686 -0.0061822366 -0.0887359679 0.0162499994 -0.000348174857 -0.0838854462 0.0162529219 0.00639609573 -0.0678603575 0.0232048072 -0.0158974305 -0.074217163 0.0163019095 -0.0161052477 -0.0742728487 0.0162529219 0.00639609573 -0.0678603575 0.0223915204 -0.0086900685 -0.0764322653 0.0163104851 -0.00779199507 -0.0738099292 0.0162499994 -0.000348174857 -0.0838854462 0.0185627434 -0.000778947258 -0.0743190646 0.0162529219 0.00639609573 -0.0678603575 0.0162499994 -0.000348174857 -0.0838854462 0.0164492 0.00904106814 -0.0737446323 0.0162529219 0.00639609573 -0.0678603575 0.0162499994 -0.000348174857 -0.0838854462 0.0229487177 0.00684572523 -0.0743328705 0.0164492 0.00904106814 -0.0737446323 0.0162499994 0.017491024 -0.0737834945 0.0162503012 0.0294449367 -0.0386912078 0.023247797 0.0125300605 -0.0780956075 0.0162499994 0.017491024 -0.0737834945 0.0225792844 0.0145434048 -0.0727934092 0.0162499994 -0.000348174857 -0.0838854462 0.0162499994 0.0151584949 -0.0755915046 0.023247797 0.0125300605 -0.0780956075 0.0162503012 0.0294449367 -0.0386912078 0.0162499994 0.0151584949 -0.0755915046 0.0162503012 0.0294449367 -0.0386912078 0.0162499994 -0.000348174857 -0.0838854462 0.0162499994 -0.000348174857 -0.0838854462 0.0162529219 0.00639609573 -0.0678603575 0.0162503012 0.0294449367 -0.0386912078 0.0162499994 0.017491024 -0.0737834945 0.0162499994 -0.000348174857 -0.0838854462 0.0162503012 0.0294449367 -0.0386912078 0.0162499994 0.0151584949 -0.0755915046 0.0162499994 -0.000348174857 -0.0838854462 0.0225792844 0.0145434048 -0.0727934092 0.0162503012 0.0294449367 -0.0386912078 0.0226398036 0.0238374546 -0.0767027065 0.0164179131 0.0245879311 -0.0740617514 0.0162499994 -0.01181095 -0.0817010403 0.0232303087 -0.0131267197 -0.0834474638 0.0162529219 0.00639609573 -0.0678603575 0.0162529219 0.00639609573 -0.0678603575 0.0232303087 -0.0131267197 -0.0834474638 0.0165130012 -0.0176750962 -0.080475226 0.0162499994 -0.01181095 -0.0817010403 0.0162529219 0.00639609573 -0.0678603575 0.0196050312 -0.0155160045 -0.0842668712 0.0162529219 0.00639609573 -0.0678603575 0.0226911455 -0.0184712987 -0.0820466653 0.0196050312 -0.0155160045 -0.0842668712 0.0162529219 0.00639609573 -0.0678603575 0.0165130012 -0.0176750962 -0.080475226 0.0226911455 -0.0184712987 -0.0820466653 0.0188059639 -0.00676855119 -0.0814782679 0.0162529219 0.00639609573 -0.0678603575 0.0162606686 -0.0061822366 -0.0887359679 0.0188059639 -0.00676855119 -0.0814782679 0.0162499994 -0.01181095 -0.0817010403 0.0162529219 0.00639609573 -0.0678603575 0.0188059639 -0.00676855119 -0.0814782679 0.0162606686 -0.0061822366 -0.0887359679 0.0162499994 -0.01181095 -0.0817010403 0.0162499994 -0.000348174857 -0.0838854462 0.019613361 0.00113935338 -0.0802481472 0.0162529219 0.00639609573 -0.0678603575 0.0162499994 -0.000348174857 -0.0838854462 0.0162606686 -0.0061822366 -0.0887359679 0.0162529219 0.00639609573 -0.0678603575 0.0162499994 -0.000348174857 -0.0838854462 0.0165081508 0.008140794 -0.0820070431 0.0229869969 0.0090855835 -0.0844553858 0.0162499994 0.0156972297 -0.0820367783 0.0162499994 -0.000348174857 -0.0838854462 0.0162503012 0.0294449367 -0.0386912078 0.0162499994 0.0156972297 -0.0820367783 0.0230568536 0.0165209454 -0.0821776465 0.0162503012 0.0294449367 -0.0386912078 0.0162499994 -0.01181095 -0.0817010403 0.0162606686 -0.0061822366 -0.0887359679 0.0173814166 -0.0101090455 -0.0907121077 0.0162499994 -0.000348174857 -0.0838854462 0.0163006596 -0.000113840484 -0.090494737 0.0162606686 -0.0061822366 -0.0887359679 0.0162499994 -0.000348174857 -0.0838854462 0.0163056049 0.00824473239 -0.0903638452 0.0162606686 -0.0061822366 -0.0887359679 0.0183009822 -0.0158846583 -0.111268066 0.0230162721 -0.0109209102 -0.128658578 0.0162826348 -0.0106680254 -0.126065254 0.0208619814 0.00306509342 -0.129460216 0.0162826348 -0.0106680254 -0.126065254 0.0230162721 -0.0109209102 -0.128658578 0.0212608986 -0.0130948257 -0.102247797 0.0183009822 -0.0158846583 -0.111268066 0.0163765196 -0.00553917186 -0.099698022 0.0191125013 0.0124419704 -0.0582874604 0.0214729384 0.0174985155 -0.0552659631 0.0185860787 0.0190552827 -0.0511736162 0.0194124989 0.020323107 -0.0395117849 0.0185860787 0.0190552827 -0.0511736162 0.0214729384 0.0174985155 -0.0552659631 0.0208172873 0.00409671757 -0.0630697906 0.0231979564 0.0140498774 -0.0635985136 0.0184948109 0.0153748663 -0.0622214936 0.0194616802 -0.0130234212 -0.0585872196 0.023209244 -0.00975441188 -0.0628266484 0.0182557702 -0.0127374949 -0.0658616498 0.0182691216 -0.0257899631 -0.0456785634 0.0162947327 -0.0247632358 -0.0330591761 0.0206909459 -0.0211614501 -0.0421379395 0.0193275176 -0.00252188835 -0.0211232416 0.0217601005 0.00743873278 -0.0194653664 0.0182432961 -0.00280426629 -0.0157574397 0.0184948109 0.0153748663 -0.0622214936 0.0185860787 0.0190552827 -0.0511736162 0.0214729384 0.0174985155 -0.0552659631 0.0183359385 0.0220271535 -0.0554762781 0.0184948109 0.0153748663 -0.0622214936 0.0214729384 0.0174985155 -0.0552659631 0.0183359385 0.0220271535 -0.0554762781 0.0164000001 0.0165045783 -0.0618048608 0.0184948109 0.0153748663 -0.0622214936 0.0184948109 0.0153748663 -0.0622214936 0.0164000001 0.0165045783 -0.0618048608 0.0162529219 0.00639609573 -0.0678603575 0.0182557702 -0.0127374949 -0.0658616498 0.0162529219 0.00639609573 -0.0678603575 0.0162530076 -0.0106724361 -0.0671826601 0.0182109419 -0.0217284225 -0.0566664413 0.0182557702 -0.0127374949 -0.0658616498 0.0162530076 -0.0106724361 -0.0671826601 0.0182308909 -0.0207950659 -0.0269413386 0.0162947327 -0.0247632358 -0.0330591761 0.0162636805 -0.0113762179 -0.018220488 0.0182308909 -0.0207950659 -0.0269413386 0.0162636805 -0.0113762179 -0.018220488 0.0182432961 -0.00280426629 -0.0157574397 0.0184198916 0.0253346749 -0.0408504866 0.0179275814 0.0202841386 -0.0252795462 0.0162686072 0.026981011 -0.0364708081 0.018672673 0.0112758484 -0.0246377382 0.0229589976 0.0180416536 -0.0253773909 0.0179275814 0.0202841386 -0.0252795462 0.018672673 0.0112758484 -0.0246377382 0.0182432961 -0.00280426629 -0.0157574397 0.0179275814 0.0202841386 -0.0252795462 0.0182432961 -0.00280426629 -0.0157574397 0.0164992418 -0.00364990649 -0.0132143181 0.0179275814 0.0202841386 -0.0252795462 0.0182308909 -0.0207950659 -0.0269413386 0.0182432961 -0.00280426629 -0.0157574397 0.0193275176 -0.00252188835 -0.0211232416 0.0182308909 -0.0207950659 -0.0269413386 0.0206909459 -0.0211614501 -0.0421379395 0.0162947327 -0.0247632358 -0.0330591761 0.0182308909 -0.0207950659 -0.0269413386 0.0182691216 -0.0257899631 -0.0456785634 0.0206909459 -0.0211614501 -0.0421379395 0.0182308909 -0.0207950659 -0.0269413386 0.0182109419 -0.0217284225 -0.0566664413 0.0182691216 -0.0257899631 -0.0456785634 0.0182109419 -0.0217284225 -0.0566664413 0.0194616802 -0.0130234212 -0.0585872196 0.0182557702 -0.0127374949 -0.0658616498 0.0197766852 0.00330267544 -0.064937748 0.0182557702 -0.0127374949 -0.0658616498 0.0162529219 0.00639609573 -0.0678603575 0.0182557702 -0.0127374949 -0.0658616498 0.0191125013 0.0124419704 -0.0582874604 0.0184948109 0.0153748663 -0.0622214936 0.0184948109 0.0153748663 -0.0622214936 0.0191125013 0.0124419704 -0.0582874604 0.0185860787 0.0190552827 -0.0511736162 0.0183359385 0.0220271535 -0.0554762781 0.0185860787 0.0190552827 -0.0511736162 0.0179275814 0.0202841386 -0.0252795462 0.0184198916 0.0253346749 -0.0408504866 0.0183359385 0.0220271535 -0.0554762781 0.0179275814 0.0202841386 -0.0252795462 0.0184198916 0.0253346749 -0.0408504866 0.0162686072 0.026981011 -0.0364708081 0.0183359385 0.0220271535 -0.0554762781 0.018672673 0.0112758484 -0.0246377382 0.0193275176 -0.00252188835 -0.0211232416 0.0182432961 -0.00280426629 -0.0157574397 0.0194124989 0.020323107 -0.0395117849 0.0179275814 0.0202841386 -0.0252795462 0.0185860787 0.0190552827 -0.0511736162 0.018672673 0.0112758484 -0.0246377382 0.0179275814 0.0202841386 -0.0252795462 0.0194124989 0.020323107 -0.0395117849 0.0182557702 -0.0127374949 -0.0658616498 0.0184948109 0.0153748663 -0.0622214936 0.0162529219 0.00639609573 -0.0678603575 0.0162499994 0.0245100129 -0.120873846 0.0232499987 0.0245118588 -0.120449603 0.0232482441 0.0200629178 -0.129147694 0.0162499994 0.0245100129 -0.120873846 0.0232482441 0.0200629178 -0.129147694 0.0162499994 0.0197780281 -0.129541487 0.0162499994 0.0197780281 -0.129541487 0.0232482441 0.0200629178 -0.129147694 0.0232499987 0.0118532553 -0.136722952 0.0162499994 0.0197780281 -0.129541487 0.0232499987 0.0118532553 -0.136722952 0.0162496213 0.00783767365 -0.138804346 0.0162496213 0.00783767365 -0.138804346 0.0232499987 0.0118532553 -0.136722952 0.0232499987 -0.00282731955 -0.138926059 0.0162496213 0.00783767365 -0.138804346 0.0232499987 -0.00282731955 -0.138926059 0.0162499994 -0.0118532553 -0.136722952 0.0162499994 -0.0118532553 -0.136722952 0.0232499987 -0.00282731955 -0.138926059 0.0232499987 -0.0178629793 -0.132832468 0.0162499994 -0.0118532553 -0.136722952 0.0232499987 -0.0178629793 -0.132832468 0.0162501689 -0.0198090859 -0.129444137 0.0162501689 -0.0198090859 -0.129444137 0.0232499987 -0.0178629793 -0.132832468 0.0162499994 -0.0244839564 -0.120519347 0.0162499994 -0.0244839564 -0.120519347 0.0232499987 -0.0178629793 -0.132832468 0.0232499987 -0.0247102268 -0.118506618 0.0183009822 -0.0158846583 -0.111268066 0.0162826348 -0.0106680254 -0.126065254 0.0163765196 -0.00553917186 -0.099698022 0.0183359385 0.0220271535 -0.0554762781 0.0162686072 0.026981011 -0.0364708081 0.0164000001 0.0165045783 -0.0618048608 0.0182109419 -0.0217284225 -0.0566664413 0.0162530076 -0.0106724361 -0.0671826601 0.0162947327 -0.0247632358 -0.0330591761 0.0182109419 -0.0217284225 -0.0566664413 0.0162947327 -0.0247632358 -0.0330591761 0.0182691216 -0.0257899631 -0.0456785634 0.0182432961 -0.00280426629 -0.0157574397 0.0162636805 -0.0113762179 -0.018220488 0.0164992418 -0.00364990649 -0.0132143181 0.0184198916 0.0253346749 -0.0408504866 0.0232458916 0.0265479535 -0.0298796166 0.0215881318 0.019973278 -0.0350800939 0.0184198916 0.0253346749 -0.0408504866 0.0215881318 0.019973278 -0.0350800939 0.0194124989 0.020323107 -0.0395117849 0.0184198916 0.0253346749 -0.0408504866 0.023250645 0.0293678921 -0.0401702113 0.0232458916 0.0265479535 -0.0298796166 0.018672673 0.0112758484 -0.0246377382 0.0229589976 0.0180416536 -0.0253773909 0.0217601005 0.00743873278 -0.0194653664 0.0193275176 -0.00252188835 -0.0211232416 0.0217601005 0.00743873278 -0.0194653664 0.0232360959 0.00135462941 -0.0129379714 0.0196169 -0.00532684475 -0.0181970801 0.0193275176 -0.00252188835 -0.0211232416 0.0232360959 0.00135462941 -0.0129379714 0.0206909459 -0.0211614501 -0.0421379395 0.0232558269 -0.0284702089 -0.0362693667 0.0162947327 -0.0247632358 -0.0330591761 0.0182691216 -0.0257899631 -0.0456785634 0.0231990963 -0.0195449404 -0.050660871 0.0206909459 -0.0211614501 -0.0421379395 0.0182557702 -0.0127374949 -0.0658616498 0.023209244 -0.00975441188 -0.0628266484 0.0232028104 -0.00463688606 -0.0680528879 0.0232257247 0.0232549049 -0.0468475781 0.0214729384 0.0174985155 -0.0552659631 0.0185860787 0.0190552827 -0.0511736162 0.0197766852 0.00330267544 -0.064937748 0.023209244 -0.00975441188 -0.0628266484 0.0232028104 -0.00463688606 -0.0680528879 0.0232257247 0.0232549049 -0.0468475781 0.0194124989 0.020323107 -0.0395117849 0.0214729384 0.0174985155 -0.0552659631 0.0208172873 0.00409671757 -0.0630697906 0.0184948109 0.0153748663 -0.0622214936 0.0191125013 0.0124419704 -0.0582874604 0.0184948109 0.0153748663 -0.0622214936 0.0214729384 0.0174985155 -0.0552659631 0.0191125013 0.0124419704 -0.0582874604 0.0197766852 0.00330267544 -0.064937748 0.0231979564 0.0140498774 -0.0635985136 0.0208172873 0.00409671757 -0.0630697906 0.0232257247 0.0232549049 -0.0468475781 0.0184198916 0.0253346749 -0.0408504866 0.0194124989 0.020323107 -0.0395117849 0.018672673 0.0112758484 -0.0246377382 0.0217601005 0.00743873278 -0.0194653664 0.0193275176 -0.00252188835 -0.0211232416 0.0182109419 -0.0217284225 -0.0566664413 0.023209244 -0.00975441188 -0.0628266484 0.0231990963 -0.0195449404 -0.050660871 0.0211344976 -0.0167659987 -0.02990577 0.0196169 -0.00532684475 -0.0181970801 0.0232158564 -0.0138388937 -0.0163220335 0.0194616802 -0.0130234212 -0.0585872196 0.0231990963 -0.0195449404 -0.050660871 0.023209244 -0.00975441188 -0.0628266484 0.0231624916 -0.023862984 -0.0256653801 0.0211344976 -0.0167659987 -0.02990577 0.0232158564 -0.0138388937 -0.0163220335 0.0231624916 -0.023862984 -0.0256653801 0.0232558269 -0.0284702089 -0.0362693667 0.0211344976 -0.0167659987 -0.02990577 0.0211344976 -0.0167659987 -0.02990577 0.0232558269 -0.0284702089 -0.0362693667 0.0206909459 -0.0211614501 -0.0421379395 0.0212608986 -0.0130948257 -0.102247797 0.0231781453 -0.0193032399 -0.117789157 0.0230162721 -0.0109209102 -0.128658578 0.0205873102 0.00870424043 -0.100685902 0.0230534356 0.00350562925 -0.0949535668 0.0212608986 -0.0130948257 -0.102247797 0.0212606285 0.0160714611 -0.102716297 0.0230534356 0.00350562925 -0.0949535668 0.0205873102 0.00870424043 -0.100685902 0.0212606285 0.0160714611 -0.102716297 0.0167755615 0.0105334688 -0.125918865 0.0208619814 0.00306509342 -0.129460216 0.0212665182 0.0189394578 -0.119179204 0.0208619814 0.00306509342 -0.129460216 0.0212592464 0.00289493287 -0.133974552 0.0212592464 0.00289493287 -0.133974552 0.0208619814 0.00306509342 -0.129460216 0.0230162721 -0.0109209102 -0.128658578 0.0212606285 0.0160714611 -0.102716297 0.0205873102 0.00870424043 -0.100685902 0.0162731372 0.0156903211 -0.113056108 0.0212665182 0.0189394578 -0.119179204 0.0212606285 0.0160714611 -0.102716297 0.0208619814 0.00306509342 -0.129460216 0.0212592464 0.00289493287 -0.133974552 0.0230162721 -0.0109209102 -0.128658578 0.0232456122 0.0133451233 -0.130307078 0.0212665182 0.0189394578 -0.119179204 0.0212592464 0.00289493287 -0.133974552 0.0232456122 0.0133451233 -0.130307078 0.0212608986 -0.0130948257 -0.102247797 0.0230534356 0.00350562925 -0.0949535668 0.0232474394 -0.0109707555 -0.096814096 0.0212608986 -0.0130948257 -0.102247797 0.0232474394 -0.0109707555 -0.096814096 0.0231781453 -0.0193032399 -0.117789157 0.0205873102 0.00870424043 -0.100685902 0.0212608986 -0.0130948257 -0.102247797 0.0163765196 -0.00553917186 -0.099698022 0.0212606285 0.0160714611 -0.102716297 0.0162731372 0.0156903211 -0.113056108 0.0167755615 0.0105334688 -0.125918865 0.0212608986 -0.0130948257 -0.102247797 0.0230162721 -0.0109209102 -0.128658578 0.0183009822 -0.0158846583 -0.111268066 0.0212665182 0.0189394578 -0.119179204 0.0232456122 0.0133451233 -0.130307078 0.0232482441 0.0200629178 -0.129147694 0.0212665182 0.0189394578 -0.119179204 0.0232482441 0.0200629178 -0.129147694 0.0212606285 0.0160714611 -0.102716297 0.0212606285 0.0160714611 -0.102716297 0.0232482441 0.0200629178 -0.129147694 0.0230534356 0.00350562925 -0.0949535668 0.0208619814 0.00306509342 -0.129460216 0.0167755615 0.0105334688 -0.125918865 0.0162496213 0.00783767365 -0.138804346 0.0208619814 0.00306509342 -0.129460216 0.0162496213 0.00783767365 -0.138804346 0.0162826348 -0.0106680254 -0.126065254 0.0205873102 0.00870424043 -0.100685902 0.0163765196 -0.00553917186 -0.099698022 0.0162731372 0.0156903211 -0.113056108 0.0163765196 -0.00553917186 -0.099698022 0.0162826348 -0.0106680254 -0.126065254 0.0162501689 -0.0198090859 -0.129444137 0.0211344976 -0.0167659987 -0.02990577 0.0182308909 -0.0207950659 -0.0269413386 0.0193275176 -0.00252188835 -0.0211232416 0.0182109419 -0.0217284225 -0.0566664413 0.0231990963 -0.0195449404 -0.050660871 0.0194616802 -0.0130234212 -0.0585872196 0.0182109419 -0.0217284225 -0.0566664413 0.0206909459 -0.0211614501 -0.0421379395 0.0231990963 -0.0195449404 -0.050660871 0.0182308909 -0.0207950659 -0.0269413386 0.0206909459 -0.0211614501 -0.0421379395 0.0182109419 -0.0217284225 -0.0566664413 0.0211344976 -0.0167659987 -0.02990577 0.0206909459 -0.0211614501 -0.0421379395 0.0182308909 -0.0207950659 -0.0269413386 0.018672673 0.0112758484 -0.0246377382 0.0194124989 0.020323107 -0.0395117849 0.0215881318 0.019973278 -0.0350800939 0.0182557702 -0.0127374949 -0.0658616498 0.0208172873 0.00409671757 -0.0630697906 0.0191125013 0.0124419704 -0.0582874604 0.0194616802 -0.0130234212 -0.0585872196 0.0208172873 0.00409671757 -0.0630697906 0.0182557702 -0.0127374949 -0.0658616498 0.0194616802 -0.0130234212 -0.0585872196 0.023209244 -0.00975441188 -0.0628266484 0.0208172873 0.00409671757 -0.0630697906 0.0197766852 0.00330267544 -0.064937748 0.0208172873 0.00409671757 -0.0630697906 0.023209244 -0.00975441188 -0.0628266484 0.018672673 0.0112758484 -0.0246377382 0.0215881318 0.019973278 -0.0350800939 0.0229589976 0.0180416536 -0.0253773909 0.0211344976 -0.0167659987 -0.02990577 0.0193275176 -0.00252188835 -0.0211232416 0.0196169 -0.00532684475 -0.0181970801 0.0182691216 -0.0257899631 -0.0456785634 0.0232558269 -0.0284702089 -0.0362693667 0.0231990963 -0.0195449404 -0.050660871 0.0182691216 -0.0257899631 -0.0456785634 0.0206909459 -0.0211614501 -0.0421379395 0.0232558269 -0.0284702089 -0.0362693667 0.0232158564 -0.0138388937 -0.0163220335 0.0196169 -0.00532684475 -0.0181970801 0.0232360959 0.00135462941 -0.0129379714 0.0232257247 0.0232549049 -0.0468475781 0.023250645 0.0293678921 -0.0401702113 0.0184198916 0.0253346749 -0.0408504866 0.0183359385 0.0220271535 -0.0554762781 0.0214729384 0.0174985155 -0.0552659631 0.023251012 0.0206972193 -0.0725809485 0.0183359385 0.0220271535 -0.0554762781 0.023251012 0.0206972193 -0.0725809485 0.023250645 0.0293678921 -0.0401702113 0.0183359385 0.0220271535 -0.0554762781 0.023250645 0.0293678921 -0.0401702113 0.0185860787 0.0190552827 -0.0511736162 0.0232257247 0.0232549049 -0.0468475781 0.0185860787 0.0190552827 -0.0511736162 0.023250645 0.0293678921 -0.0401702113 0.0197766852 0.00330267544 -0.064937748 0.0232472699 0.00593641121 -0.0679128543 0.0231979564 0.0140498774 -0.0635985136 0.0184948109 0.0153748663 -0.0622214936 0.0231979564 0.0140498774 -0.0635985136 0.0214729384 0.0174985155 -0.0552659631 0.0197766852 0.00330267544 -0.064937748 0.0232028104 -0.00463688606 -0.0680528879 0.0232472699 0.00593641121 -0.0679128543 0.0229589976 0.0180416536 -0.0253773909 0.0232507661 0.0162884183 -0.0175619666 0.0217601005 0.00743873278 -0.0194653664 0.0162499994 -0.0291491766 -0.0439720899 0.0162499994 -0.0244839564 -0.120519347 0.0232499987 -0.0247102268 -0.118506618 0.0162499994 -0.0291491766 -0.0439720899 0.0232499987 -0.0247102268 -0.118506618 0.0232499987 -0.0292113051 -0.0429201014 0.0162499994 0.0245100129 -0.120873846 0.023250645 0.0293678921 -0.0401702113 0.0232499987 0.0245118588 -0.120449603 0.0162499994 0.0245100129 -0.120873846 0.0162503012 0.0294449367 -0.0386912078 0.023250645 0.0293678921 -0.0401702113 0.0164992418 -0.00364990649 -0.0132143181 0.0232360959 0.00135462941 -0.0129379714 0.0162496325 0.00903601013 -0.0143036703 0.0162445679 -0.0284204166 -0.0348478295 0.0162499994 -0.0291491766 -0.0439720899 0.0232499987 -0.0292113051 -0.0429201014 0.0162445679 -0.0284204166 -0.0348478295 0.0232499987 -0.0292113051 -0.0429201014 0.0232558269 -0.0284702089 -0.0362693667 0.0231624916 -0.023862984 -0.0256653801 0.0162445679 -0.0284204166 -0.0348478295 0.0232558269 -0.0284702089 -0.0362693667 0.0231624916 -0.023862984 -0.0256653801 0.0162499994 -0.0230537541 -0.0245766453 0.0162445679 -0.0284204166 -0.0348478295 0.0231624916 -0.023862984 -0.0256653801 0.0232158564 -0.0138388937 -0.0163220335 0.0162499994 -0.0230537541 -0.0245766453 0.0232158564 -0.0138388937 -0.0163220335 0.0162499994 -0.014162696 -0.0168878026 0.0162499994 -0.0230537541 -0.0245766453 0.0232158564 -0.0138388937 -0.0163220335 0.0164992418 -0.00364990649 -0.0132143181 0.0162499994 -0.014162696 -0.0168878026 0.0232158564 -0.0138388937 -0.0163220335 0.0232360959 0.00135462941 -0.0129379714 0.0164992418 -0.00364990649 -0.0132143181 0.0162503012 0.0294449367 -0.0386912078 0.0232458916 0.0265479535 -0.0298796166 0.023250645 0.0293678921 -0.0401702113 0.0162503012 0.0294449367 -0.0386912078 0.0162499994 0.022043461 -0.0225234888 0.0232458916 0.0265479535 -0.0298796166 0.0162499994 0.022043461 -0.0225234888 0.0232507661 0.0162884183 -0.0175619666 0.0232458916 0.0265479535 -0.0298796166 0.0162496325 0.00903601013 -0.0143036703 0.0232507661 0.0162884183 -0.0175619666 0.0162499994 0.022043461 -0.0225234888 0.0162496325 0.00903601013 -0.0143036703 0.0232360959 0.00135462941 -0.0129379714 0.0232507661 0.0162884183 -0.0175619666 0.0162606686 -0.0061822366 -0.0887359679 0.0173814166 -0.0101090455 -0.0907121077 0.0232499987 -0.00733071519 -0.0920677111 0.0162499994 -0.01181095 -0.0817010403 0.0196050312 -0.0155160045 -0.0842668712 0.0232303087 -0.0131267197 -0.0834474638 0.0163104851 -0.00779199507 -0.0738099292 0.0223915204 -0.0086900685 -0.0764322653 0.0232508872 -0.00434593065 -0.0719986409 0.0163104851 -0.00779199507 -0.0738099292 0.0232508872 -0.00434593065 -0.0719986409 0.0232028104 -0.00463688606 -0.0680528879 0.0162499994 -0.000348174857 -0.0838854462 0.0232499987 -0.00207450031 -0.0812905952 0.0232303087 -0.0131267197 -0.0834474638 0.0162499994 -0.000348174857 -0.0838854462 0.0232303087 -0.0131267197 -0.0834474638 0.0172284748 0.00179342239 -0.0832854286 0.0162499994 -0.000348174857 -0.0838854462 0.0172284748 0.00179342239 -0.0832854286 0.019613361 0.00113935338 -0.0802481472 0.0162529219 0.00639609573 -0.0678603575 0.019613361 0.00113935338 -0.0802481472 0.0232499987 -0.00207450031 -0.0812905952 0.0162499994 -0.000348174857 -0.0838854462 0.0162529219 0.00639609573 -0.0678603575 0.0232499987 -0.00207450031 -0.0812905952 0.0232499987 0.00134150637 -0.0750915036 0.0232508872 -0.00434593065 -0.0719986409 0.0185627434 -0.000778947258 -0.0743190646 0.0162499994 0.0151584949 -0.0755915046 0.0232499987 0.0145669878 -0.0753660202 0.023247797 0.0125300605 -0.0780956075 0.0162499994 0.017491024 -0.0737834945 0.023247797 0.0125300605 -0.0780956075 0.023251012 0.0206972193 -0.0725809485 0.0162499994 0.017491024 -0.0737834945 0.023251012 0.0206972193 -0.0725809485 0.0225792844 0.0145434048 -0.0727934092 0.0162499994 0.0151584949 -0.0755915046 0.0225792844 0.0145434048 -0.0727934092 0.0232499987 0.0145669878 -0.0753660202 0.0188059639 -0.00676855119 -0.0814782679 0.0162499994 -0.01181095 -0.0817010403 0.0232499987 -0.00779362163 -0.0845262781 0.0162499994 0.0156972297 -0.0820367783 0.0230568536 0.0165209454 -0.0821776465 0.023247797 0.0125300605 -0.0780956075 0.0164179131 0.0245879311 -0.0740617514 0.023251012 0.0206972193 -0.0725809485 0.0226398036 0.0238374546 -0.0767027065 0.00250116433 0.00506085297 -6.83489931e-09 -0.00252819364 0.00499401055 -0.0050076195 -0.00250889733 -0.0243699066 2.37968001e-09 0.00251961453 -0.00581558887 -2.09396821e-05 0.00250116433 0.00506085297 -6.83489931e-09 -0.00250889733 -0.0243699066 2.37968001e-09 0.0123788128 -0.0222983342 0.000828785705 0.00251068058 -0.0255469736 0.00159972627 -0.00250889733 -0.0243699066 2.37968001e-09 0.00242750649 -0.0184956901 -0.0059316582 -0.00250889733 -0.0243699066 2.37968001e-09 0.00251068058 -0.0255469736 0.00159972627 -0.00584770599 -0.00632329658 -5.22158983e-09 -0.0211538933 -0.0108740516 2.34791278e-05 -0.0156642608 -0.015830854 -0.00275108614 -0.0156642608 -0.015830854 -0.00275108614 -0.0211538933 -0.0108740516 2.34791278e-05 -0.00250889733 -0.0243699066 2.37968001e-09 -0.00584770599 -0.00632329658 -5.22158983e-09 -0.0156642608 -0.015830854 -0.00275108614 -0.00250889733 -0.0243699066 2.37968001e-09 -0.018931808 -0.00785931572 -0.00507703051 -0.0211538933 -0.0108740516 2.34791278e-05 -0.00584770599 -0.00632329658 -5.22158983e-09 -0.022187002 0.000481683033 -1.92295174e-05 -0.0211538933 -0.0108740516 2.34791278e-05 -0.00584770599 -0.00632329658 -5.22158983e-09 -0.00607282389 0.00507168658 -1.93753067e-06 -0.0209929179 0.00919624418 -0.000147049184 -0.022187002 0.000481683033 -1.92295174e-05 -0.0100953327 0.0215579085 0.00044885368 -0.0209929179 0.00919624418 -0.000147049184 -0.00607282389 0.00507168658 -1.93753067e-06 0.00938659161 0.0218284633 5.2094083e-07 -0.0100953327 0.0215579085 0.00044885368 -0.00607282389 0.00507168658 -1.93753067e-06 -0.00780957239 0.0195873678 -0.0058874283 -0.0100953327 0.0215579085 0.00044885368 0.00938659161 0.0218284633 5.2094083e-07 -0.00917990506 0.01606608 -0.00599807501 0.00938659161 0.0218284633 5.2094083e-07 -0.00780957239 0.0195873678 -0.0058874283 -0.00991821755 0.023450654 0.00179729646 -0.0100953327 0.0215579085 0.00044885368 0.00938659161 0.0218284633 5.2094083e-07 0.0148485806 0.0148458462 -0.00514610531 0.00938659161 0.0218284633 5.2094083e-07 0.00658047292 0.00408360828 -1.41721807e-06 0.0220148247 0.00836312119 -1.2429422e-05 0.00938659161 0.0218284633 5.2094083e-07 0.0148485806 0.0148458462 -0.00514610531 0.0220148247 0.00836312119 -1.2429422e-05 0.0148485806 0.0148458462 -0.00514610531 0.00658047292 0.00408360828 -1.41721807e-06 0.0200216342 -0.000589118805 -0.00068905513 0.00658047292 0.00408360828 -1.41721807e-06 0.00777029758 -0.0022294696 2.12130374e-07 0.0200216342 -0.000589118805 -0.00068905513 0.0220148247 0.00836312119 -1.2429422e-05 0.00658047292 0.00408360828 -1.41721807e-06 0.0251098145 3.61279963e-05 0.00182755559 0.0220148247 0.00836312119 -1.2429422e-05 0.0200216342 -0.000589118805 -0.00068905513 0.0192145556 -0.0166672301 0.000987750478 0.0251098145 3.61279963e-05 0.00182755559 0.0200216342 -0.000589118805 -0.00068905513 0.0192145556 -0.0166672301 0.000987750478 0.0200216342 -0.000589118805 -0.00068905513 0.00777029758 -0.0022294696 2.12130374e-07 0.0192145556 -0.0166672301 0.000987750478 0.00777029758 -0.0022294696 2.12130374e-07 0.0123788128 -0.0222983342 0.000828785705 0.014849795 -0.0148464115 -0.00421554828 0.00777029758 -0.0022294696 2.12130374e-07 0.0123788128 -0.0222983342 0.000828785705 0.00658047292 0.00408360828 -1.41721807e-06 0.00938659161 0.0218284633 5.2094083e-07 0.00250116433 0.00506085297 -6.83489931e-09 0.00527785765 -0.00644362299 -0.00207205047 0.00251961453 -0.00581558887 -2.09396821e-05 0.00777029758 -0.0022294696 2.12130374e-07 0.00777029758 -0.0022294696 2.12130374e-07 0.00251961453 -0.00581558887 -2.09396821e-05 -0.00250889733 -0.0243699066 2.37968001e-09 0.00938659161 0.0218284633 5.2094083e-07 -0.00607282389 0.00507168658 -1.93753067e-06 -0.00252819364 0.00499401055 -0.0050076195 -0.00842859782 -0.000319192186 -0.00562616065 -0.00607282389 0.00507168658 -1.93753067e-06 -0.00584770599 -0.00632329658 -5.22158983e-09 0.00212829281 0.0200262889 -0.0055449768 -0.00991821755 0.023450654 0.00179729646 0.00938659161 0.0218284633 5.2094083e-07 0.00777029758 -0.0022294696 2.12130374e-07 -0.00250889733 -0.0243699066 2.37968001e-09 0.0123788128 -0.0222983342 0.000828785705 -0.00607282389 0.00507168658 -1.93753067e-06 -0.022187002 0.000481683033 -1.92295174e-05 -0.00584770599 -0.00632329658 -5.22158983e-09 0.00938659161 0.0218284633 5.2094083e-07 -0.00252819364 0.00499401055 -0.0050076195 0.00250116433 0.00506085297 -6.83489931e-09 0.00250286097 0.0178040843 -0.00799011532 0.00247936044 0.0194846429 -0.02413987 -0.00250616134 0.0177059472 -0.00685297232 -0.00253195385 0.00925318245 -0.0140157491 -0.00250616134 0.0177059472 -0.00685297232 -0.00249684625 0.0191042144 -0.0201772712 -0.00253195385 0.00925318245 -0.0140157491 -0.00252819364 0.00499401055 -0.0050076195 -0.00250616134 0.0177059472 -0.00685297232 -0.00247783284 -0.0171262827 -0.0175551586 -0.00250889733 -0.0243699066 2.37968001e-09 -0.00252819364 0.00499401055 -0.0050076195 -0.00247783284 -0.0171262827 -0.0175551586 -0.00584770599 -0.00632329658 -5.22158983e-09 -0.00250889733 -0.0243699066 2.37968001e-09 -0.00247783284 -0.0171262827 -0.0175551586 -0.00252819364 0.00499401055 -0.0050076195 -0.00253195385 0.00925318245 -0.0140157491 0.00249192351 -0.0246284213 -0.0337129273 0.00249757874 -0.00521348137 -0.0167766958 0.00251961453 -0.00581558887 -2.09396821e-05 0.00249757874 -0.00521348137 -0.0167766958 0.00250116433 0.00506085297 -6.83489931e-09 0.00251961453 -0.00581558887 -2.09396821e-05 0.00249900459 0.0055308193 -0.0161333736 0.00250286097 0.0178040843 -0.00799011532 0.00249757874 -0.00521348137 -0.0167766958 0.00249757874 -0.00521348137 -0.0167766958 0.00250286097 0.0178040843 -0.00799011532 0.00250116433 0.00506085297 -6.83489931e-09 0.00249408535 -0.0254942495 -0.0283950679 0.00251961453 -0.00581558887 -2.09396821e-05 0.00242750649 -0.0184956901 -0.0059316582 0.00249900459 0.0055308193 -0.0161333736 0.00247936044 0.0194846429 -0.02413987 0.00250286097 0.0178040843 -0.00799011532 0.00249408535 -0.0254942495 -0.0283950679 0.00249192351 -0.0246284213 -0.0337129273 0.00251961453 -0.00581558887 -2.09396821e-05 0.00251063006 -0.024604952 -0.0577039793 0.00249192351 -0.0246284213 -0.0337129273 0.0024920681 -0.0293390136 -0.045053985 0.00216665748 0.00231493753 -0.071480453 0.00232282188 -0.000403831655 -0.0688791797 0.00250788615 -0.00790100079 -0.0700239092 0.00247085956 0.0111382892 -0.0658435598 0.00232282188 -0.000403831655 -0.0688791797 0.00216665748 0.00231493753 -0.071480453 0.00251063914 0.0133572929 -0.0680875108 0.00247085956 0.0111382892 -0.0658435598 0.00216665748 0.00231493753 -0.071480453 0.00238426612 0.021136146 -0.0575358644 0.00247085956 0.0111382892 -0.0658435598 0.00251063914 0.0133572929 -0.0680875108 0.00252029463 0.0272285976 -0.0529090166 0.00238426612 0.021136146 -0.0575358644 0.00251063914 0.0133572929 -0.0680875108 0.00249999994 -0.0278929435 -0.0343137756 0.00249192351 -0.0246284213 -0.0337129273 0.00249408535 -0.0254942495 -0.0283950679 0.00249999994 -0.0278929435 -0.0343137756 0.0024920681 -0.0293390136 -0.045053985 0.00249192351 -0.0246284213 -0.0337129273 -0.0121810054 0.0200401992 -0.0633443296 0.00252029463 0.0272285976 -0.0529090166 0.00251063914 0.0133572929 -0.0680875108 -0.0123546459 0.0202292372 -0.0213102736 -0.00249684625 0.0191042144 -0.0201772712 0.0025186392 0.0272874776 -0.0317736119 0.0025186392 0.0272874776 -0.0317736119 -0.00249684625 0.0191042144 -0.0201772712 0.00247936044 0.0194846429 -0.02413987 -0.0123546459 0.0202292372 -0.0213102736 -0.00253195385 0.00925318245 -0.0140157491 -0.00249684625 0.0191042144 -0.0201772712 -0.00441930071 -0.00554265548 -0.0132949241 -0.00247783284 -0.0171262827 -0.0175551586 -0.00253195385 0.00925318245 -0.0140157491 -0.0125107393 -0.0255975239 -0.0559310764 -0.0125122415 -0.0138240745 -0.0678782985 0.00232482259 -0.0177401379 -0.0654635057 -0.0125089642 0.0270599574 -0.0312954821 -0.0123546459 0.0202292372 -0.0213102736 0.0025186392 0.0272874776 -0.0317736119 -0.0123988092 0.0292910356 -0.0451698825 -0.0125089642 0.0270599574 -0.0312954821 0.0025186392 0.0272874776 -0.0317736119 -0.0123988092 0.0292910356 -0.0451698825 0.0025186392 0.0272874776 -0.0317736119 0.00252029463 0.0272285976 -0.0529090166 -0.0125052566 0.0245466046 -0.0574586615 0.00252029463 0.0272285976 -0.0529090166 -0.0121810054 0.0200401992 -0.0633443296 -0.0125052566 0.0245466046 -0.0574586615 -0.0123988092 0.0292910356 -0.0451698825 0.00252029463 0.0272285976 -0.0529090166 -0.0125099346 0.0122092385 -0.0686476678 0.00216665748 0.00231493753 -0.071480453 -0.0124973794 -0.000322561624 -0.0719827339 -0.0125099346 0.0122092385 -0.0686476678 0.00251063914 0.0133572929 -0.0680875108 0.00216665748 0.00231493753 -0.071480453 -0.0125099346 0.0122092385 -0.0686476678 -0.0121810054 0.0200401992 -0.0633443296 0.00251063914 0.0133572929 -0.0680875108 0.00232482259 -0.0177401379 -0.0654635057 -0.0125122415 -0.0138240745 -0.0678782985 0.00250788615 -0.00790100079 -0.0700239092 -0.0124973794 -0.000322561624 -0.0719827339 0.00250788615 -0.00790100079 -0.0700239092 -0.0125122415 -0.0138240745 -0.0678782985 -0.0124973794 -0.000322561624 -0.0719827339 0.00216665748 0.00231493753 -0.071480453 0.00250788615 -0.00790100079 -0.0700239092 -0.0125107393 -0.0255975239 -0.0559310764 0.00232482259 -0.0177401379 -0.0654635057 0.00251063006 -0.024604952 -0.0577039793 -0.0125107393 -0.0255975239 -0.0559310764 0.00251063006 -0.024604952 -0.0577039793 0.0024920681 -0.0293390136 -0.045053985 -0.0122093009 -0.028563479 -0.0475049987 -0.0125107393 -0.0255975239 -0.0559310764 0.0024920681 -0.0293390136 -0.045053985 -0.0128523847 -0.0262517128 -0.029539369 0.00249999994 -0.0278929435 -0.0343137756 0.00249408535 -0.0254942495 -0.0283950679 -0.0125027262 -0.0289045796 -0.0397421196 0.00249999994 -0.0278929435 -0.0343137756 -0.0128523847 -0.0262517128 -0.029539369 -0.0125027262 -0.0289045796 -0.0397421196 0.0024920681 -0.0293390136 -0.045053985 0.00249999994 -0.0278929435 -0.0343137756 -0.0125027262 -0.0289045796 -0.0397421196 -0.0122093009 -0.028563479 -0.0475049987 0.0024920681 -0.0293390136 -0.045053985 -0.0124274846 -0.0200658515 -0.0254212283 0.00249192351 -0.0246284213 -0.0337129273 -0.0122950124 -0.0246144924 -0.0335384645 -0.0121736312 0.018231621 -0.0234845318 0.00247936044 0.0194846429 -0.02413987 0.00249900459 0.0055308193 -0.0161333736 -0.00445277616 0.00353162503 -0.0164027214 0.00249900459 0.0055308193 -0.0161333736 0.00249757874 -0.00521348137 -0.0167766958 -0.0044829268 0.0246671475 -0.0337914079 -0.00393701624 0.0251694657 -0.0490730628 0.00150909368 0.0261520129 -0.0399234407 -0.0112659726 0.0165274311 -0.0627165288 0.00247085956 0.0111382892 -0.0658435598 0.00238426612 0.021136146 -0.0575358644 -0.00449606357 -0.0261554457 -0.043934539 -0.0122950124 -0.0246144924 -0.0335384645 0.00249192351 -0.0246284213 -0.0337129273 -0.0125027262 -0.0289045796 -0.0397421196 -0.0125107393 -0.0255975239 -0.0559310764 -0.0122093009 -0.028563479 -0.0475049987 -0.0125027262 -0.0289045796 -0.0397421196 -0.0125122415 -0.0138240745 -0.0678782985 -0.0125107393 -0.0255975239 -0.0559310764 0.00773875788 -0.00233812165 -0.00599234598 0.00777029758 -0.0022294696 2.12130374e-07 0.00658047292 0.00408360828 -1.41721807e-06 0.00773875788 -0.00233812165 -0.00599234598 0.00527785765 -0.00644362299 -0.00207205047 0.00777029758 -0.0022294696 2.12130374e-07 -0.0196541678 0.0072462745 -0.00551249692 -0.00917990506 0.01606608 -0.00599807501 -0.0209929179 0.00919624418 -0.000147049184 -0.0145665547 0.0213188902 -0.00471108919 -0.00780957239 0.0195873678 -0.0058874283 -0.00917990506 0.01606608 -0.00599807501 0.00735139055 -0.0197183695 -0.00593421608 -0.013478213 -0.0228169281 -0.00600928208 0.00242750649 -0.0184956901 -0.0059316582 0.0225763619 -0.0125037041 -0.00584767479 0.00735139055 -0.0197183695 -0.00593421608 0.0256495941 -0.00123435899 -0.00600075349 -0.0227451567 0.0121912044 -0.00594275678 -0.0145665547 0.0213188902 -0.00471108919 -0.00917990506 0.01606608 -0.00599807501 -0.0257476643 7.50983527e-05 -0.00598581648 -0.00917990506 0.01606608 -0.00599807501 -0.013478213 -0.0228169281 -0.00600928208 -0.00340427551 -0.00566436397 -0.00636995677 -0.013478213 -0.0228169281 -0.00600928208 -0.00917990506 0.01606608 -0.00599807501 -0.00340427551 -0.00566436397 -0.00636995677 0.00242750649 -0.0184956901 -0.0059316582 -0.013478213 -0.0228169281 -0.00600928208 -0.00796539616 -0.0192999057 -0.000101548867 -0.00340427551 -0.00566436397 -0.00636995677 -0.013478213 -0.0228169281 -0.00600928208 -0.00340427551 -0.00566436397 -0.00636995677 -0.00917990506 0.01606608 -0.00599807501 -0.00842859782 -0.000319192186 -0.00562616065 0.0038416225 0.0061591519 -0.00600606715 0.0256495941 -0.00123435899 -0.00600075349 0.00773875788 -0.00233812165 -0.00599234598 0.0256495941 -0.00123435899 -0.00600075349 0.00735139055 -0.0197183695 -0.00593421608 0.00773875788 -0.00233812165 -0.00599234598 0.0198977012 -0.00812217966 -0.00353202573 0.0256495941 -0.00123435899 -0.00600075349 0.0225763619 -0.0125037041 -0.00584767479 -0.0257476643 7.50983527e-05 -0.00598581648 -0.0227451567 0.0121912044 -0.00594275678 -0.00917990506 0.01606608 -0.00599807501 -0.00242211251 0.0256036967 -0.00596849853 0.0038416225 0.0061591519 -0.00600606715 0.00212829281 0.0200262889 -0.0055449768 -0.00242211251 0.0256036967 -0.00596849853 0.0256495941 -0.00123435899 -0.00600075349 0.0038416225 0.0061591519 -0.00600606715 -0.00402097125 0.0192224141 -0.0229508989 -0.0123546459 0.0202292372 -0.0213102736 -0.00249684625 0.0191042144 -0.0201772712 -0.0128523847 -0.0262517128 -0.029539369 0.00249408535 -0.0254942495 -0.0283950679 -0.00247783284 -0.0171262827 -0.0175551586 0.00249408535 -0.0254942495 -0.0283950679 0.00242750649 -0.0184956901 -0.0059316582 -0.00247783284 -0.0171262827 -0.0175551586 -0.00249684625 0.0191042144 -0.0201772712 -0.00250616134 0.0177059472 -0.00685297232 0.00247936044 0.0194846429 -0.02413987 0.0038416225 0.0061591519 -0.00600606715 0.00658047292 0.00408360828 -1.41721807e-06 0.00250116433 0.00506085297 -6.83489931e-09 0.0038416225 0.0061591519 -0.00600606715 0.00250116433 0.00506085297 -6.83489931e-09 0.00212829281 0.0200262889 -0.0055449768 0.00250286097 0.0178040843 -0.00799011532 0.00212829281 0.0200262889 -0.0055449768 0.00250116433 0.00506085297 -6.83489931e-09 -0.00917990506 0.01606608 -0.00599807501 -0.00252819364 0.00499401055 -0.0050076195 -0.00607282389 0.00507168658 -1.93753067e-06 -0.00340427551 -0.00566436397 -0.00636995677 -0.00584770599 -0.00632329658 -5.22158983e-09 -0.00247783284 -0.0171262827 -0.0175551586 -0.00445277616 0.00353162503 -0.0164027214 -0.00441930071 -0.00554265548 -0.0132949241 -0.00253195385 0.00925318245 -0.0140157491 -0.00426132325 -0.0132806469 -0.0195345134 -0.00441930071 -0.00554265548 -0.0132949241 -0.00445277616 0.00353162503 -0.0164027214 -0.00426132325 -0.0132806469 -0.0195345134 -0.00247783284 -0.0171262827 -0.0175551586 -0.00441930071 -0.00554265548 -0.0132949241 -0.00426132325 -0.0132806469 -0.0195345134 -0.0124274846 -0.0200658515 -0.0254212283 -0.00247783284 -0.0171262827 -0.0175551586 -0.0124274846 -0.0200658515 -0.0254212283 -0.0128523847 -0.0262517128 -0.029539369 -0.00247783284 -0.0171262827 -0.0175551586 -0.0121736312 0.018231621 -0.0234845318 -0.0123546459 0.0202292372 -0.0213102736 -0.0125089642 0.0270599574 -0.0312954821 -0.0121736312 0.018231621 -0.0234845318 -0.00253195385 0.00925318245 -0.0140157491 -0.0123546459 0.0202292372 -0.0213102736 -0.00250616134 0.0177059472 -0.00685297232 -0.00252819364 0.00499401055 -0.0050076195 -0.00917990506 0.01606608 -0.00599807501 -0.00250616134 0.0177059472 -0.00685297232 -0.00917990506 0.01606608 -0.00599807501 -0.00780957239 0.0195873678 -0.0058874283 0.00527785765 -0.00644362299 -0.00207205047 0.00242750649 -0.0184956901 -0.0059316582 0.00251961453 -0.00581558887 -2.09396821e-05 0.00735139055 -0.0197183695 -0.00593421608 0.00242750649 -0.0184956901 -0.0059316582 0.00527785765 -0.00644362299 -0.00207205047 -0.00743221911 -0.0243403297 0.00204838719 -0.013478213 -0.0228169281 -0.00600928208 0.00251068058 -0.0255469736 0.00159972627 -0.0142426435 -0.0213513225 0.00178111787 -0.013478213 -0.0228169281 -0.00600928208 -0.00743221911 -0.0243403297 0.00204838719 -0.0233537201 -0.0111853257 0.00174443459 -0.013478213 -0.0228169281 -0.00600928208 -0.0142426435 -0.0213513225 0.00178111787 -0.00242211251 0.0256036967 -0.00596849853 -0.0145665547 0.0213188902 -0.00471108919 -0.00991821755 0.023450654 0.00179729646 0.0237727296 0.0104466751 0.00114991073 0.0251098145 3.61279963e-05 0.00182755559 0.0256495941 -0.00123435899 -0.00600075349 0.0256495941 -0.00123435899 -0.00600075349 0.0251098145 3.61279963e-05 0.00182755559 0.0200216342 -0.000589118805 -0.00068905513 0.00250286097 0.0178040843 -0.00799011532 -0.00250616134 0.0177059472 -0.00685297232 0.00212829281 0.0200262889 -0.0055449768 -0.00242211251 0.0256036967 -0.00596849853 -0.00250616134 0.0177059472 -0.00685297232 -0.00780957239 0.0195873678 -0.0058874283 -0.00242211251 0.0256036967 -0.00596849853 0.00212829281 0.0200262889 -0.0055449768 -0.00250616134 0.0177059472 -0.00685297232 -0.00340427551 -0.00566436397 -0.00636995677 -0.00247783284 -0.0171262827 -0.0175551586 0.00242750649 -0.0184956901 -0.0059316582 0.0177695658 0.0174543429 0.00203692284 0.0251098145 3.61279963e-05 0.00182755559 0.0237727296 0.0104466751 0.00114991073 -0.0242892355 0.00367234019 0.00198166817 -0.0100953327 0.0215579085 0.00044885368 -0.00991821755 0.023450654 0.00179729646 -0.0242892355 0.00367234019 0.00198166817 -0.00991821755 0.023450654 0.00179729646 -0.0233537201 -0.0111853257 0.00174443459 -0.0242892355 0.00367234019 0.00198166817 -0.0233537201 -0.0111853257 0.00174443459 -0.0142426435 -0.0213513225 0.00178111787 0.0177695658 0.0174543429 0.00203692284 0.00938659161 0.0218284633 5.2094083e-07 0.0220148247 0.00836312119 -1.2429422e-05 0.0177695658 0.0174543429 0.00203692284 0.0220148247 0.00836312119 -1.2429422e-05 0.0251098145 3.61279963e-05 0.00182755559 -0.00743221911 -0.0243403297 0.00204838719 0.00251068058 -0.0255469736 0.00159972627 -0.00250889733 -0.0243699066 2.37968001e-09 -0.00743221911 -0.0243403297 0.00204838719 -0.00250889733 -0.0243699066 2.37968001e-09 -0.0211538933 -0.0108740516 2.34791278e-05 -0.0242892355 0.00367234019 0.00198166817 -0.0211538933 -0.0108740516 2.34791278e-05 -0.022187002 0.000481683033 -1.92295174e-05 -0.0242892355 0.00367234019 0.00198166817 -0.022187002 0.000481683033 -1.92295174e-05 -0.0209929179 0.00919624418 -0.000147049184 -0.0242892355 0.00367234019 0.00198166817 -0.0209929179 0.00919624418 -0.000147049184 -0.0100953327 0.0215579085 0.00044885368 0.0177695658 0.0174543429 0.00203692284 -0.00991821755 0.023450654 0.00179729646 0.00938659161 0.0218284633 5.2094083e-07 -0.0242892355 0.00367234019 0.00198166817 -0.0142426435 -0.0213513225 0.00178111787 -0.0211538933 -0.0108740516 2.34791278e-05 -0.0142426435 -0.0213513225 0.00178111787 -0.00743221911 -0.0243403297 0.00204838719 -0.0211538933 -0.0108740516 2.34791278e-05 0.00957902521 0.023825679 -0.000993527123 -0.00242211251 0.0256036967 -0.00596849853 0.0177695658 0.0174543429 0.00203692284 0.0160991326 0.0196168497 -0.00385000231 0.00957902521 0.023825679 -0.000993527123 0.0177695658 0.0174543429 0.00203692284 0.0160991326 0.0196168497 -0.00385000231 0.0177695658 0.0174543429 0.00203692284 0.0237727296 0.0104466751 0.00114991073 0.0225763619 -0.0125037041 -0.00584767479 0.0256495941 -0.00123435899 -0.00600075349 0.0251098145 3.61279963e-05 0.00182755559 0.0225763619 -0.0125037041 -0.00584767479 0.0251098145 3.61279963e-05 0.00182755559 0.0192145556 -0.0166672301 0.000987750478 -0.0233537201 -0.0111853257 0.00174443459 -0.0227451567 0.0121912044 -0.00594275678 -0.0257476643 7.50983527e-05 -0.00598581648 -0.0233537201 -0.0111853257 0.00174443459 -0.00991821755 0.023450654 0.00179729646 -0.0227451567 0.0121912044 -0.00594275678 -0.0227451567 0.0121912044 -0.00594275678 -0.00991821755 0.023450654 0.00179729646 -0.0145665547 0.0213188902 -0.00471108919 0.0177695658 0.0174543429 0.00203692284 -0.00242211251 0.0256036967 -0.00596849853 -0.00991821755 0.023450654 0.00179729646 -0.00426132325 -0.0132806469 -0.0195345134 0.00249757874 -0.00521348137 -0.0167766958 0.00249192351 -0.0246284213 -0.0337129273 -0.00426132325 -0.0132806469 -0.0195345134 0.00249192351 -0.0246284213 -0.0337129273 -0.0124274846 -0.0200658515 -0.0254212283 -0.00214557536 -0.0244619232 -0.0512445047 -0.00449606357 -0.0261554457 -0.043934539 0.00249192351 -0.0246284213 -0.0337129273 -0.00214557536 -0.0244619232 -0.0512445047 0.00249192351 -0.0246284213 -0.0337129273 0.00251063006 -0.024604952 -0.0577039793 -0.00159506407 -0.0183982588 -0.0612975955 -0.00214557536 -0.0244619232 -0.0512445047 0.00251063006 -0.024604952 -0.0577039793 -0.00159506407 -0.0183982588 -0.0612975955 0.00251063006 -0.024604952 -0.0577039793 0.00232482259 -0.0177401379 -0.0654635057 -0.00484670559 -0.0114198634 -0.0656832978 -0.00159506407 -0.0183982588 -0.0612975955 0.00232482259 -0.0177401379 -0.0654635057 -0.00484670559 -0.0114198634 -0.0656832978 0.00232482259 -0.0177401379 -0.0654635057 0.00250788615 -0.00790100079 -0.0700239092 -0.00484670559 -0.0114198634 -0.0656832978 0.00250788615 -0.00790100079 -0.0700239092 0.00232282188 -0.000403831655 -0.0688791797 -0.00393701624 0.0251694657 -0.0490730628 0.00238426612 0.021136146 -0.0575358644 0.00252029463 0.0272285976 -0.0529090166 0.00150909368 0.0261520129 -0.0399234407 -0.00393701624 0.0251694657 -0.0490730628 0.00252029463 0.0272285976 -0.0529090166 0.00150909368 0.0261520129 -0.0399234407 0.00252029463 0.0272285976 -0.0529090166 0.0025186392 0.0272874776 -0.0317736119 -0.0044829268 0.0246671475 -0.0337914079 0.00150909368 0.0261520129 -0.0399234407 0.0025186392 0.0272874776 -0.0317736119 -0.0044829268 0.0246671475 -0.0337914079 0.0025186392 0.0272874776 -0.0317736119 0.00247936044 0.0194846429 -0.02413987 -0.0121736312 0.018231621 -0.0234845318 -0.0125089642 0.0270599574 -0.0312954821 0.00247936044 0.0194846429 -0.02413987 -0.0122950124 -0.0246144924 -0.0335384645 -0.0125027262 -0.0289045796 -0.0397421196 -0.0128523847 -0.0262517128 -0.029539369 -0.00449606357 -0.0261554457 -0.043934539 -0.0125027262 -0.0289045796 -0.0397421196 -0.0122950124 -0.0246144924 -0.0335384645 -0.00214557536 -0.0244619232 -0.0512445047 -0.0125027262 -0.0289045796 -0.0397421196 -0.00449606357 -0.0261554457 -0.043934539 -0.00159506407 -0.0183982588 -0.0612975955 -0.0125027262 -0.0289045796 -0.0397421196 -0.00214557536 -0.0244619232 -0.0512445047 -0.00159506407 -0.0183982588 -0.0612975955 -0.0125122415 -0.0138240745 -0.0678782985 -0.0125027262 -0.0289045796 -0.0397421196 -0.00484670559 -0.0114198634 -0.0656832978 -0.0125122415 -0.0138240745 -0.0678782985 -0.00159506407 -0.0183982588 -0.0612975955 -0.00484670559 -0.0114198634 -0.0656832978 -0.0124973794 -0.000322561624 -0.0719827339 -0.0125122415 -0.0138240745 -0.0678782985 -0.00484670559 -0.0114198634 -0.0656832978 0.00232282188 -0.000403831655 -0.0688791797 -0.0124973794 -0.000322561624 -0.0719827339 -0.0125099346 0.0122092385 -0.0686476678 -0.0124973794 -0.000322561624 -0.0719827339 0.00232282188 -0.000403831655 -0.0688791797 -0.0125099346 0.0122092385 -0.0686476678 0.00232282188 -0.000403831655 -0.0688791797 0.00247085956 0.0111382892 -0.0658435598 -0.0112659726 0.0165274311 -0.0627165288 -0.0125099346 0.0122092385 -0.0686476678 0.00247085956 0.0111382892 -0.0658435598 -0.0112659726 0.0165274311 -0.0627165288 -0.0121810054 0.0200401992 -0.0633443296 -0.0125099346 0.0122092385 -0.0686476678 -0.0112659726 0.0165274311 -0.0627165288 0.00238426612 0.021136146 -0.0575358644 -0.0121810054 0.0200401992 -0.0633443296 -0.0125052566 0.0245466046 -0.0574586615 -0.0121810054 0.0200401992 -0.0633443296 0.00238426612 0.021136146 -0.0575358644 -0.00393701624 0.0251694657 -0.0490730628 -0.0125052566 0.0245466046 -0.0574586615 0.00238426612 0.021136146 -0.0575358644 -0.00393701624 0.0251694657 -0.0490730628 -0.0123988092 0.0292910356 -0.0451698825 -0.0125052566 0.0245466046 -0.0574586615 -0.00393701624 0.0251694657 -0.0490730628 -0.0125089642 0.0270599574 -0.0312954821 -0.0123988092 0.0292910356 -0.0451698825 -0.0044829268 0.0246671475 -0.0337914079 -0.0125089642 0.0270599574 -0.0312954821 -0.00393701624 0.0251694657 -0.0490730628 -0.0044829268 0.0246671475 -0.0337914079 0.00247936044 0.0194846429 -0.02413987 -0.0125089642 0.0270599574 -0.0312954821 -0.0121736312 0.018231621 -0.0234845318 0.00249900459 0.0055308193 -0.0161333736 -0.00253195385 0.00925318245 -0.0140157491 -0.0124274846 -0.0200658515 -0.0254212283 -0.0122950124 -0.0246144924 -0.0335384645 -0.0128523847 -0.0262517128 -0.029539369 -0.00445277616 0.00353162503 -0.0164027214 -0.00253195385 0.00925318245 -0.0140157491 0.00249900459 0.0055308193 -0.0161333736 -0.00426132325 -0.0132806469 -0.0195345134 -0.00445277616 0.00353162503 -0.0164027214 0.00249757874 -0.00521348137 -0.0167766958 0.0077635576 0.0187552013 -0.00279374793 0.00938659161 0.0218284633 5.2094083e-07 0.0038416225 0.0061591519 -0.00600606715 0.00735139055 -0.0197183695 -0.00593421608 0.00527785765 -0.00644362299 -0.00207205047 0.00773875788 -0.00233812165 -0.00599234598 0.0038416225 0.0061591519 -0.00600606715 0.00773875788 -0.00233812165 -0.00599234598 0.00658047292 0.00408360828 -1.41721807e-06 -0.00340427551 -0.00566436397 -0.00636995677 -0.00842859782 -0.000319192186 -0.00562616065 -0.00584770599 -0.00632329658 -5.22158983e-09 -0.00842859782 -0.000319192186 -0.00562616065 -0.00917990506 0.01606608 -0.00599807501 -0.00607282389 0.00507168658 -1.93753067e-06 -0.00242211251 0.0256036967 -0.00596849853 -0.00780957239 0.0195873678 -0.0058874283 -0.0145665547 0.0213188902 -0.00471108919 0.0160991326 0.0196168497 -0.00385000231 -0.00242211251 0.0256036967 -0.00596849853 0.00957902521 0.023825679 -0.000993527123 0.0160991326 0.0196168497 -0.00385000231 0.0256495941 -0.00123435899 -0.00600075349 -0.00242211251 0.0256036967 -0.00596849853 0.0160991326 0.0196168497 -0.00385000231 0.0237727296 0.0104466751 0.00114991073 0.0256495941 -0.00123435899 -0.00600075349 -0.0233537201 -0.0111853257 0.00174443459 -0.0257476643 7.50983527e-05 -0.00598581648 -0.013478213 -0.0228169281 -0.00600928208 0.00735139055 -0.0197183695 -0.00593421608 0.00251068058 -0.0255469736 0.00159972627 -0.013478213 -0.0228169281 -0.00600928208 0.00735139055 -0.0197183695 -0.00593421608 0.0123788128 -0.0222983342 0.000828785705 0.00251068058 -0.0255469736 0.00159972627 0.0225763619 -0.0125037041 -0.00584767479 0.0123788128 -0.0222983342 0.000828785705 0.00735139055 -0.0197183695 -0.00593421608 0.0225763619 -0.0125037041 -0.00584767479 0.0192145556 -0.0166672301 0.000987750478 0.0123788128 -0.0222983342 0.000828785705 0.0287511423 0.0217440985 -0.048496116 0.032749977 0.0189960487 -0.0487379096 0.0306160524 0.0261608325 -0.0419088863 0.0287537351 0.0137492092 -0.0478621684 0.032749977 0.0189960487 -0.0487379096 0.0287511423 0.0217440985 -0.048496116 0.0289888922 0.0139659494 -0.121111281 0.0325351581 0.0206175819 -0.122103527 0.0309204515 0.0255571548 -0.1145721 0.0327772722 0.0113973925 -0.110336877 0.0289888922 0.0139659494 -0.121111281 0.0288075954 0.0100067286 -0.116664745 0.0287501011 0.0204356723 -0.108150572 0.032748837 0.0217554756 -0.106417134 0.0327772722 0.0113973925 -0.110336877 0.0287557114 0.0217474476 -0.105372652 0.0287511423 0.0217440985 -0.048496116 0.0327436998 0.0217483323 -0.0512099862 0.0287557114 0.0217474476 -0.105372652 0.0327436998 0.0217483323 -0.0512099862 0.032748837 0.0217554756 -0.106417134 0.0324500017 0.0137499999 -0.0535637066 0.0287537351 0.0137492092 -0.0478621684 0.0305359904 0.0137359928 -0.105288506 0.0287501011 0.0204356723 -0.108150572 0.0288075954 0.0100067286 -0.116664745 0.0287537351 0.0137492092 -0.0478621684 0.0287501011 0.0204356723 -0.108150572 0.0287537351 0.0137492092 -0.0478621684 0.0287511423 0.0217440985 -0.048496116 0.0287557114 0.0217474476 -0.105372652 0.0287501011 0.0204356723 -0.108150572 0.0287511423 0.0217440985 -0.048496116 0.0327772722 0.0113973925 -0.110336877 0.0325351581 0.0206175819 -0.122103527 0.0289888922 0.0139659494 -0.121111281 0.0327436998 0.0217483323 -0.0512099862 0.032749977 0.0189960487 -0.0487379096 0.032748837 0.0217554756 -0.106417134 0.0327436998 0.0217483323 -0.0512099862 0.0306160524 0.0261608325 -0.0419088863 0.032749977 0.0189960487 -0.0487379096 0.0327499993 0.0140500003 -0.0535637066 0.032749977 0.0189960487 -0.0487379096 0.0317936167 0.00984166376 -0.0431671143 0.0327499993 0.0140500003 -0.10293629 0.032749977 0.0189960487 -0.0487379096 0.0327499993 0.0140500003 -0.0535637066 0.0327499993 0.0140500003 -0.10293629 0.032748837 0.0217554756 -0.106417134 0.032749977 0.0189960487 -0.0487379096 0.0327499993 0.0140500003 -0.10293629 0.0305359904 0.0137359928 -0.105288506 0.032748837 0.0217554756 -0.106417134 0.0305359904 0.0137359928 -0.105288506 0.0327772722 0.0113973925 -0.110336877 0.032748837 0.0217554756 -0.106417134 0.0287557114 0.0217474476 -0.105372652 0.032748837 0.0217554756 -0.106417134 0.0309204515 0.0255571548 -0.1145721 0.0327436998 0.0217483323 -0.0512099862 0.0287511423 0.0217440985 -0.048496116 0.0306160524 0.0261608325 -0.0419088863 0.0305359904 0.0137359928 -0.105288506 0.0288075954 0.0100067286 -0.116664745 0.0327772722 0.0113973925 -0.110336877 0.0305359904 0.0137359928 -0.105288506 0.0287537351 0.0137492092 -0.0478621684 0.0288075954 0.0100067286 -0.116664745 0.0287557114 0.0217474476 -0.105372652 0.0309204515 0.0255571548 -0.1145721 0.0287501011 0.0204356723 -0.108150572 0.0287501011 0.0204356723 -0.108150572 0.0327772722 0.0113973925 -0.110336877 0.0288075954 0.0100067286 -0.116664745 0.0327499993 0.0140500003 -0.0535637066 0.0287537351 0.0137492092 -0.0478621684 0.0324500017 0.0137499999 -0.0535637066 0.0327499993 0.0140500003 -0.0535637066 0.0317936167 0.00984166376 -0.0431671143 0.0287537351 0.0137492092 -0.0478621684 0.0327499993 0.0140500003 -0.10293629 0.0324500017 0.0137499999 -0.0535637066 0.0305359904 0.0137359928 -0.105288506 0.0327499993 0.0140500003 -0.10293629 0.0327499993 0.0140500003 -0.0535637066 0.0324500017 0.0137499999 -0.0535637066 0.0287501011 0.0204356723 -0.108150572 0.0309204515 0.0255571548 -0.1145721 0.032748837 0.0217554756 -0.106417134 0.0317936167 0.00984166376 -0.0431671143 0.032749977 0.0189960487 -0.0487379096 0.0287537351 0.0137492092 -0.0478621684 0.0326976553 -0.0238903165 -0.0459997542 0.0287793949 -0.0237711333 -0.0365697742 0.032683827 -0.0189624988 -0.034248434 0.0287501048 -0.0250521172 -0.0471430346 0.0326976553 -0.0238903165 -0.0459997542 0.0327500366 -0.0214387868 -0.0479450449 0.0327483863 -0.013750012 -0.0491656661 0.0287501048 -0.0250521172 -0.0471430346 0.0327500366 -0.0214387868 -0.0479450449 0.0292946286 -0.0111453272 -0.0455441289 0.0287501048 -0.0250521172 -0.0471430346 0.0327483863 -0.013750012 -0.0491656661 0.032749135 -0.0137583883 -0.10544873 0.0288726464 -0.0259998553 -0.114498638 0.0287515838 -0.0137527483 -0.106453456 0.0304329824 -0.00942156278 -0.116839357 0.032749135 -0.0137583883 -0.10544873 0.0287515838 -0.0137527483 -0.106453456 0.032562539 -0.0217500981 -0.105410367 0.0324500017 -0.0217499994 -0.0535637066 0.028956579 -0.0217504818 -0.0511372238 0.0287528448 -0.0217397381 -0.10410963 0.032562539 -0.0217500981 -0.105410367 0.028956579 -0.0217504818 -0.0511372238 0.032749135 -0.0137583883 -0.10544873 0.0287515838 -0.0137527483 -0.106453456 0.0327483863 -0.013750012 -0.0491656661 0.02905 -0.0137499999 -0.0535637066 0.0327483863 -0.013750012 -0.0491656661 0.0287515838 -0.0137527483 -0.106453456 0.032562539 -0.0217500981 -0.105410367 0.032749135 -0.0137583883 -0.10544873 0.0327500366 -0.0214387868 -0.0479450449 0.032749135 -0.0137583883 -0.10544873 0.0327483863 -0.013750012 -0.0491656661 0.0327500366 -0.0214387868 -0.0479450449 0.0287528448 -0.0217397381 -0.10410963 0.0287515838 -0.0137527483 -0.106453456 0.0288726464 -0.0259998553 -0.114498638 0.0287528448 -0.0217397381 -0.10410963 0.0287501048 -0.0250521172 -0.0471430346 0.0287515838 -0.0137527483 -0.106453456 0.0287528448 -0.0217397381 -0.10410963 0.028956579 -0.0217504818 -0.0511372238 0.0287501048 -0.0250521172 -0.0471430346 0.0287515838 -0.0137527483 -0.106453456 0.0287501048 -0.0250521172 -0.0471430346 0.0292946286 -0.0111453272 -0.0455441289 0.028956579 -0.0217504818 -0.0511372238 0.0326976553 -0.0238903165 -0.0459997542 0.0287501048 -0.0250521172 -0.0471430346 0.028956579 -0.0217504818 -0.0511372238 0.0324500017 -0.0217499994 -0.0535637066 0.0326976553 -0.0238903165 -0.0459997542 0.0287528448 -0.0217397381 -0.10410963 0.0288726464 -0.0259998553 -0.114498638 0.032562539 -0.0217500981 -0.105410367 0.0316180848 -0.0103400154 -0.0391499475 0.032683827 -0.0189624988 -0.034248434 0.0287793949 -0.0237711333 -0.0365697742 0.0324500017 -0.0217499994 -0.0535637066 0.0327500366 -0.0214387868 -0.0479450449 0.0326976553 -0.0238903165 -0.0459997542 0.032562539 -0.0217500981 -0.105410367 0.0327500366 -0.0214387868 -0.0479450449 0.0324500017 -0.0217499994 -0.0535637066 0.0287501048 -0.0250521172 -0.0471430346 0.0326976553 -0.0238903165 -0.0459997542 0.0287793949 -0.0237711333 -0.0365697742 0.0316180848 -0.0103400154 -0.0391499475 0.0327483863 -0.013750012 -0.0491656661 0.0292946286 -0.0111453272 -0.0455441289 0.031581182 -0.0211003572 -0.121414997 0.032562539 -0.0217500981 -0.105410367 0.0288726464 -0.0259998553 -0.114498638 0.032562539 -0.0217500981 -0.105410367 0.0288726464 -0.0259998553 -0.114498638 0.032749135 -0.0137583883 -0.10544873 0.0287515838 -0.0137527483 -0.106453456 0.0292946286 -0.0111453272 -0.0455441289 0.0327483863 -0.013750012 -0.0491656661 </float_array>
          <technique_common>
            <accessor count="2763" offset="0" source="#mesh_0-positions-array" stride="3">
              <param name="X" type="float" />
              <param name="Y" type="float" />
              <param name="Z" type="float" />
            </accessor>
          </technique_common>
        </source>
        <vertices id="mesh_0-vertices">
          <input semantic="POSITION" source="#mesh_0-positions" />
        </vertices>
        <polylist count="921" material="defaultMaterial">
          <input offset="0" semantic="VERTEX" source="#mesh_0-vertices" />
          <vcount>3 3 3 3 3 3 3 3 3 3 3 3 3 3 3 3 3 3 3 3 3 3 3 3 3 3 3 3 3 3 3 3 3 3 3 3 3 3 3 3 3 3 3 3 3 3 3 3 3 3 3 3 3 3 3 3 3 3 3 3 3 3 3 3 3 3 3 3 3 3 3 3 3 3 3 3 3 3 3 3 3 3 3 3 3 3 3 3 3 3 3 3 3 3 3 3 3 3 3 3 3 3 3 3 3 3 3 3 3 3 3 3 3 3 3 3 3 3 3 3 3 3 3 3 3 3 3 3 3 3 3 3 3 3 3 3 3 3 3 3 3 3 3 3 3 3 3 3 3 3 3 3 3 3 3 3 3 3 3 3 3 3 3 3 3 3 3 3 3 3 3 3 3 3 3 3 3 3 3 3 3 3 3 3 3 3 3 3 3 3 3 3 3 3 3 3 3 3 3 3 3 3 3 3 3 3 3 3 3 3 3 3 3 3 3 3 3 3 3 3 3 3 3 3 3 3 3 3 3 3 3 3 3 3 3 3 3 3 3 3 3 3 3 3 3 3 3 3 3 3 3 3 3 3 3 3 3 3 3 3 3 3 3 3 3 3 3 3 3 3 3 3 3 3 3 3 3 3 3 3 3 3 3 3 3 3 3 3 3 3 3 3 3 3 3 3 3 3 3 3 3 3 3 3 3 3 3 3 3 3 3 3 3 3 3 3 3 3 3 3 3 3 3 3 3 3 3 3 3 3 3 3 3 3 3 3 3 3 3 3 3 3 3 3 3 3 3 3 3 3 3 3 3 3 3 3 3 3 3 3 3 3 3 3 3 3 3 3 3 3 3 3 3 3 3 3 3 3 3 3 3 3 3 3 3 3 3 3 3 3 3 3 3 3 3 3 3 3 3 3 3 3 3 3 3 3 3 3 3 3 3 3 3 3 3 3 3 3 3 3 3 3 3 3 3 3 3 3 3 3 3 3 3 3 3 3 3 3 3 3 3 3 3 3 3 3 3 3 3 3 3 3 3 3 3 3 3 3 3 3 3 3 3 3 3 3 3 3 3 3 3 3 3 3 3 3 3 3 3 3 3 3 3 3 3 3 3 3 3 3 3 3 3 3 3 3 3 3 3 3 3 3 3 3 3 3 3 3 3 3 3 3 3 3 3 3 3 3 3 3 3 3 3 3 3 3 3 3 3 3 3 3 3 3 3 3 3 3 3 3 3 3 3 3 3 3 3 3 3 3 3 3 3 3 3 3 3 3 3 3 3 3 3 3 3 3 3 3 3 3 3 3 3 3 3 3 3 3 3 3 3 3 3 3 3 3 3 3 3 3 3 3 3 3 3 3 3 3 3 3 3 3 3 3 3 3 3 3 3 3 3 3 3 3 3 3 3 3 3 3 3 3 3 3 3 3 3 3 3 3 3 3 3 3 3 3 3 3 3 3 3 3 3 3 3 3 3 3 3 3 3 3 3 3 3 3 3 3 3 3 3 3 3 3 3 3 3 3 3 3 3 3 3 3 3 3 3 3 3 3 3 3 3 3 3 3 3 3 3 3 3 3 3 3 3 3 3 3 3 3 3 3 3 3 3 3 3 3 3 3 3 3 3 3 3 3 3 3 3 3 3 3 3 3 3 3 3 3 3 3 3 3 3 3 3 3 3 3 3 3 3 3 3 3 3 3 3 3 3 3 3 3 3 3 3 3 3 3 3 3 3 3 3 3 3 3 3 3 3 3 3 3 3 3 3 3 3 3 3 3 3 3 3 3 3 3 3 3 3 3 3 3 3 3 3 3 3 3 3 3 3 3 3 3 3 3 3 3 3 3 3 3 3 3 3 3 3 3 3 3 3 3 3 3 3 3 3 3 3 3 3 3 3 3 3 3 3 3 3 3 3 3 3 3 3 3 3 3 3 3 3 3 3 3 3 3 3 3 3 3 3 3 3 3 3 3 3 3 3 3 3 3 3 3 3 3 3 3 3 3 3 3 3 3 3 3 3 3 3 3 3 3 3 3 3 3 3 3 3 3 3 3 3 3 3 3 3 3 3 3 3 3 3 3 3 3 3 3 3 3 3 </vcount>
          <p>0 1 2 3 4 5 6 7 8 9 10 11 12 13 14 15 16 17 18 19 20 21 22 23 24 25 26 27 28 29 30 31 32 33 34 35 36 37 38 39 40 41 42 43 44 45 46 47 48 49 50 51 52 53 54 55 56 57 58 59 60 61 62 63 64 65 66 67 68 69 70 71 72 73 74 75 76 77 78 79 80 81 82 83 84 85 86 87 88 89 90 91 92 93 94 95 96 97 98 99 100 101 102 103 104 105 106 107 108 109 110 111 112 113 114 115 116 117 118 119 120 121 122 123 124 125 126 127 128 129 130 131 132 133 134 135 136 137 138 139 140 141 142 143 144 145 146 147 148 149 150 151 152 153 154 155 156 157 158 159 160 161 162 163 164 165 166 167 168 169 170 171 172 173 174 175 176 177 178 179 180 181 182 183 184 185 186 187 188 189 190 191 192 193 194 195 196 197 198 199 200 201 202 203 204 205 206 207 208 209 210 211 212 213 214 215 216 217 218 219 220 221 222 223 224 225 226 227 228 229 230 231 232 233 234 235 236 237 238 239 240 241 242 243 244 245 246 247 248 249 250 251 252 253 254 255 256 257 258 259 260 261 262 263 264 265 266 267 268 269 270 271 272 273 274 275 276 277 278 279 280 281 282 283 284 285 286 287 288 289 290 291 292 293 294 295 296 297 298 299 300 301 302 303 304 305 306 307 308 309 310 311 312 313 314 315 316 317 318 319 320 321 322 323 324 325 326 327 328 329 330 331 332 333 334 335 336 337 338 339 340 341 342 343 344 345 346 347 348 349 350 351 352 353 354 355 356 357 358 359 360 361 362 363 364 365 366 367 368 369 370 371 372 373 374 375 376 377 378 379 380 381 382 383 384 385 386 387 388 389 390 391 392 393 394 395 396 397 398 399 400 401 402 403 404 405 406 407 408 409 410 411 412 413 414 415 416 417 418 419 420 421 422 423 424 425 426 427 428 429 430 431 432 433 434 435 436 437 438 439 440 441 442 443 444 445 446 447 448 449 450 451 452 453 454 455 456 457 458 459 460 461 462 463 464 465 466 467 468 469 470 471 472 473 474 475 476 477 478 479 480 481 482 483 484 485 486 487 488 489 490 491 492 493 494 495 496 497 498 499 500 501 502 503 504 505 506 507 508 509 510 511 512 513 514 515 516 517 518 519 520 521 522 523 524 525 526 527 528 529 530 531 532 533 534 535 536 537 538 539 540 541 542 543 544 545 546 547 548 549 550 551 552 553 554 555 556 557 558 559 560 561 562 563 564 565 566 567 568 569 570 571 572 573 574 575 576 577 578 579 580 581 582 583 584 585 586 587 588 589 590 591 592 593 594 595 596 597 598 599 600 601 602 603 604 605 606 607 608 609 610 611 612 613 614 615 616 617 618 619 620 621 622 623 624 625 626 627 628 629 630 631 632 633 634 635 636 637 638 639 640 641 642 643 644 645 646 647 648 649 650 651 652 653 654 655 656 657 658 659 660 661 662 663 664 665 666 667 668 669 670 671 672 673 674 675 676 677 678 679 680 681 682 683 684 685 686 687 688 689 690 691 692 693 694 695 696 697 698 699 700 701 702 703 704 705 706 707 708 709 710 711 712 713 714 715 716 717 718 719 720 721 722 723 724 725 726 727 728 729 730 731 732 733 734 735 736 737 738 739 740 741 742 743 744 745 746 747 748 749 750 751 752 753 754 755 756 757 758 759 760 761 762 763 764 765 766 767 768 769 770 771 772 773 774 775 776 777 778 779 780 781 782 783 784 785 786 787 788 789 790 791 792 793 794 795 796 797 798 799 800 801 802 803 804 805 806 807 808 809 810 811 812 813 814 815 816 817 818 819 820 821 822 823 824 825 826 827 828 829 830 831 832 833 834 835 836 837 838 839 840 841 842 843 844 845 846 847 848 849 850 851 852 853 854 855 856 857 858 859 860 861 862 863 864 865 866 867 868 869 870 871 872 873 874 875 876 877 878 879 880 881 882 883 884 885 886 887 888 889 890 891 892 893 894 895 896 897 898 899 900 901 902 903 904 905 906 907 908 909 910 911 912 913 914 915 916 917 918 919 920 921 922 923 924 925 926 927 928 929 930 931 932 933 934 935 936 937 938 939 940 941 942 943 944 945 946 947 948 949 950 951 952 953 954 955 956 957 958 959 960 961 962 963 964 965 966 967 968 969 970 971 972 973 974 975 976 977 978 979 980 981 982 983 984 985 986 987 988 989 990 991 992 993 994 995 996 997 998 999 1000 1001 1002 1003 1004 1005 1006 1007 1008 1009 1010 1011 1012 1013 1014 1015 1016 1017 1018 1019 1020 1021 1022 1023 1024 1025 1026 1027 1028 1029 1030 1031 1032 1033 1034 1035 1036 1037 1038 1039 1040 1041 1042 1043 1044 1045 1046 1047 1048 1049 1050 1051 1052 1053 1054 1055 1056 1057 1058 1059 1060 1061 1062 1063 1064 1065 1066 1067 1068 1069 1070 1071 1072 1073 1074 1075 1076 1077 1078 1079 1080 1081 1082 1083 1084 1085 1086 1087 1088 1089 1090 1091 1092 1093 1094 1095 1096 1097 1098 1099 1100 1101 1102 1103 1104 1105 1106 1107 1108 1109 1110 1111 1112 1113 1114 1115 1116 1117 1118 1119 1120 1121 1122 1123 1124 1125 1126 1127 1128 1129 1130 1131 1132 1133 1134 1135 1136 1137 1138 1139 1140 1141 1142 1143 1144 1145 1146 1147 1148 1149 1150 1151 1152 1153 1154 1155 1156 1157 1158 1159 1160 1161 1162 1163 1164 1165 1166 1167 1168 1169 1170 1171 1172 1173 1174 1175 1176 1177 1178 1179 1180 1181 1182 1183 1184 1185 1186 1187 1188 1189 1190 1191 1192 1193 1194 1195 1196 1197 1198 1199 1200 1201 1202 1203 1204 1205 1206 1207 1208 1209 1210 1211 1212 1213 1214 1215 1216 1217 1218 1219 1220 1221 1222 1223 1224 1225 1226 1227 1228 1229 1230 1231 1232 1233 1234 1235 1236 1237 1238 1239 1240 1241 1242 1243 1244 1245 1246 1247 1248 1249 1250 1251 1252 1253 1254 1255 1256 1257 1258 1259 1260 1261 1262 1263 1264 1265 1266 1267 1268 1269 1270 1271 1272 1273 1274 1275 1276 1277 1278 1279 1280 1281 1282 1283 1284 1285 1286 1287 1288 1289 1290 1291 1292 1293 1294 1295 1296 1297 1298 1299 1300 1301 1302 1303 1304 1305 1306 1307 1308 1309 1310 1311 1312 1313 1314 1315 1316 1317 1318 1319 1320 1321 1322 1323 1324 1325 1326 1327 1328 1329 1330 1331 1332 1333 1334 1335 1336 1337 1338 1339 1340 1341 1342 1343 1344 1345 1346 1347 1348 1349 1350 1351 1352 1353 1354 1355 1356 1357 1358 1359 1360 1361 1362 1363 1364 1365 1366 1367 1368 1369 1370 1371 1372 1373 1374 1375 1376 1377 1378 1379 1380 1381 1382 1383 1384 1385 1386 1387 1388 1389 1390 1391 1392 1393 1394 1395 1396 1397 1398 1399 1400 1401 1402 1403 1404 1405 1406 1407 1408 1409 1410 1411 1412 1413 1414 1415 1416 1417 1418 1419 1420 1421 1422 1423 1424 1425 1426 1427 1428 1429 1430 1431 1432 1433 1434 1435 1436 1437 1438 1439 1440 1441 1442 1443 1444 1445 1446 1447 1448 1449 1450 1451 1452 1453 1454 1455 1456 1457 1458 1459 1460 1461 1462 1463 1464 1465 1466 1467 1468 1469 1470 1471 1472 1473 1474 1475 1476 1477 1478 1479 1480 1481 1482 1483 1484 1485 1486 1487 1488 1489 1490 1491 1492 1493 1494 1495 1496 1497 1498 1499 1500 1501 1502 1503 1504 1505 1506 1507 1508 1509 1510 1511 1512 1513 1514 1515 1516 1517 1518 1519 1520 1521 1522 1523 1524 1525 1526 1527 1528 1529 1530 1531 1532 1533 1534 1535 1536 1537 1538 1539 1540 1541 1542 1543 1544 1545 1546 1547 1548 1549 1550 1551 1552 1553 1554 1555 1556 1557 1558 1559 1560 1561 1562 1563 1564 1565 1566 1567 1568 1569 1570 1571 1572 1573 1574 1575 1576 1577 1578 1579 1580 1581 1582 1583 1584 1585 1586 1587 1588 1589 1590 1591 1592 1593 1594 1595 1596 1597 1598 1599 1600 1601 1602 1603 1604 1605 1606 1607 1608 1609 1610 1611 1612 1613 1614 1615 1616 1617 1618 1619 1620 1621 1622 1623 1624 1625 1626 1627 1628 1629 1630 1631 1632 1633 1634 1635 1636 1637 1638 1639 1640 1641 1642 1643 1644 1645 1646 1647 1648 1649 1650 1651 1652 1653 1654 1655 1656 1657 1658 1659 1660 1661 1662 1663 1664 1665 1666 1667 1668 1669 1670 1671 1672 1673 1674 1675 1676 1677 1678 1679 1680 1681 1682 1683 1684 1685 1686 1687 1688 1689 1690 1691 1692 1693 1694 1695 1696 1697 1698 1699 1700 1701 1702 1703 1704 1705 1706 1707 1708 1709 1710 1711 1712 1713 1714 1715 1716 1717 1718 1719 1720 1721 1722 1723 1724 1725 1726 1727 1728 1729 1730 1731 1732 1733 1734 1735 1736 1737 1738 1739 1740 1741 1742 1743 1744 1745 1746 1747 1748 1749 1750 1751 1752 1753 1754 1755 1756 1757 1758 1759 1760 1761 1762 1763 1764 1765 1766 1767 1768 1769 1770 1771 1772 1773 1774 1775 1776 1777 1778 1779 1780 1781 1782 1783 1784 1785 1786 1787 1788 1789 1790 1791 1792 1793 1794 1795 1796 1797 1798 1799 1800 1801 1802 1803 1804 1805 1806 1807 1808 1809 1810 1811 1812 1813 1814 1815 1816 1817 1818 1819 1820 1821 1822 1823 1824 1825 1826 1827 1828 1829 1830 1831 1832 1833 1834 1835 1836 1837 1838 1839 1840 1841 1842 1843 1844 1845 1846 1847 1848 1849 1850 1851 1852 1853 1854 1855 1856 1857 1858 1859 1860 1861 1862 1863 1864 1865 1866 1867 1868 1869 1870 1871 1872 1873 1874 1875 1876 1877 1878 1879 1880 1881 1882 1883 1884 1885 1886 1887 1888 1889 1890 1891 1892 1893 1894 1895 1896 1897 1898 1899 1900 1901 1902 1903 1904 1905 1906 1907 1908 1909 1910 1911 1912 1913 1914 1915 1916 1917 1918 1919 1920 1921 1922 1923 1924 1925 1926 1927 1928 1929 1930 1931 1932 1933 1934 1935 1936 1937 1938 1939 1940 1941 1942 1943 1944 1945 1946 1947 1948 1949 1950 1951 1952 1953 1954 1955 1956 1957 1958 1959 1960 1961 1962 1963 1964 1965 1966 1967 1968 1969 1970 1971 1972 1973 1974 1975 1976 1977 1978 1979 1980 1981 1982 1983 1984 1985 1986 1987 1988 1989 1990 1991 1992 1993 1994 1995 1996 1997 1998 1999 2000 2001 2002 2003 2004 2005 2006 2007 2008 2009 2010 2011 2012 2013 2014 2015 2016 2017 2018 2019 2020 2021 2022 2023 2024 2025 2026 2027 2028 2029 2030 2031 2032 2033 2034 2035 2036 2037 2038 2039 2040 2041 2042 2043 2044 2045 2046 2047 2048 2049 2050 2051 2052 2053 2054 2055 2056 2057 2058 2059 2060 2061 2062 2063 2064 2065 2066 2067 2068 2069 2070 2071 2072 2073 2074 2075 2076 2077 2078 2079 2080 2081 2082 2083 2084 2085 2086 2087 2088 2089 2090 2091 2092 2093 2094 2095 2096 2097 2098 2099 2100 2101 2102 2103 2104 2105 2106 2107 2108 2109 2110 2111 2112 2113 2114 2115 2116 2117 2118 2119 2120 2121 2122 2123 2124 2125 2126 2127 2128 2129 2130 2131 2132 2133 2134 2135 2136 2137 2138 2139 2140 2141 2142 2143 2144 2145 2146 2147 2148 2149 2150 2151 2152 2153 2154 2155 2156 2157 2158 2159 2160 2161 2162 2163 2164 2165 2166 2167 2168 2169 2170 2171 2172 2173 2174 2175 2176 2177 2178 2179 2180 2181 2182 2183 2184 2185 2186 2187 2188 2189 2190 2191 2192 2193 2194 2195 2196 2197 2198 2199 2200 2201 2202 2203 2204 2205 2206 2207 2208 2209 2210 2211 2212 2213 2214 2215 2216 2217 2218 2219 2220 2221 2222 2223 2224 2225 2226 2227 2228 2229 2230 2231 2232 2233 2234 2235 2236 2237 2238 2239 2240 2241 2242 2243 2244 2245 2246 2247 2248 2249 2250 2251 2252 2253 2254 2255 2256 2257 2258 2259 2260 2261 2262 2263 2264 2265 2266 2267 2268 2269 2270 2271 2272 2273 2274 2275 2276 2277 2278 2279 2280 2281 2282 2283 2284 2285 2286 2287 2288 2289 2290 2291 2292 2293 2294 2295 2296 2297 2298 2299 2300 2301 2302 2303 2304 2305 2306 2307 2308 2309 2310 2311 2312 2313 2314 2315 2316 2317 2318 2319 2320 2321 2322 2323 2324 2325 2326 2327 2328 2329 2330 2331 2332 2333 2334 2335 2336 2337 2338 2339 2340 2341 2342 2343 2344 2345 2346 2347 2348 2349 2350 2351 2352 2353 2354 2355 2356 2357 2358 2359 2360 2361 2362 2363 2364 2365 2366 2367 2368 2369 2370 2371 2372 2373 2374 2375 2376 2377 2378 2379 2380 2381 2382 2383 2384 2385 2386 2387 2388 2389 2390 2391 2392 2393 2394 2395 2396 2397 2398 2399 2400 2401 2402 2403 2404 2405 2406 2407 2408 2409 2410 2411 2412 2413 2414 2415 2416 2417 2418 2419 2420 2421 2422 2423 2424 2425 2426 2427 2428 2429 2430 2431 2432 2433 2434 2435 2436 2437 2438 2439 2440 2441 2442 2443 2444 2445 2446 2447 2448 2449 2450 2451 2452 2453 2454 2455 2456 2457 2458 2459 2460 2461 2462 2463 2464 2465 2466 2467 2468 2469 2470 2471 2472 2473 2474 2475 2476 2477 2478 2479 2480 2481 2482 2483 2484 2485 2486 2487 2488 2489 2490 2491 2492 2493 2494 2495 2496 2497 2498 2499 2500 2501 2502 2503 2504 2505 2506 2507 2508 2509 2510 2511 2512 2513 2514 2515 2516 2517 2518 2519 2520 2521 2522 2523 2524 2525 2526 2527 2528 2529 2530 2531 2532 2533 2534 2535 2536 2537 2538 2539 2540 2541 2542 2543 2544 2545 2546 2547 2548 2549 2550 2551 2552 2553 2554 2555 2556 2557 2558 2559 2560 2561 2562 2563 2564 2565 2566 2567 2568 2569 2570 2571 2572 2573 2574 2575 2576 2577 2578 2579 2580 2581 2582 2583 2584 2585 2586 2587 2588 2589 2590 2591 2592 2593 2594 2595 2596 2597 2598 2599 2600 2601 2602 2603 2604 2605 2606 2607 2608 2609 2610 2611 2612 2613 2614 2615 2616 2617 2618 2619 2620 2621 2622 2623 2624 2625 2626 2627 2628 2629 2630 2631 2632 2633 2634 2635 2636 2637 2638 2639 2640 2641 2642 2643 2644 2645 2646 2647 2648 2649 2650 2651 2652 2653 2654 2655 2656 2657 2658 2659 2660 2661 2662 2663 2664 2665 2666 2667 2668 2669 2670 2671 2672 2673 2674 2675 2676 2677 2678 2679 2680 2681 2682 2683 2684 2685 2686 2687 2688 2689 2690 2691 2692 2693 2694 2695 2696 2697 2698 2699 2700 2701 2702 2703 2704 2705 2706 2707 2708 2709 2710 2711 2712 2713 2714 2715 2716 2717 2718 2719 2720 2721 2722 2723 2724 2725 2726 2727 2728 2729 2730 2731 2732 2733 2734 2735 2736 2737 2738 2739 2740 2741 2742 2743 2744 2745 2746 2747 2748 2749 2750 2751 2752 2753 2754 2755 2756 2757 2758 2759 2760 2761 2762 </p>
        </polylist>
      </mesh>
    </geometry>
  </library_geometries>
  <library_controllers>
  </library_controllers>
  <library_visual_scenes>
    <visual_scene id="Scene" name="Scene">
      <node id="node" name="" type="NODE">
        <matrix sid="matrix">1 0 0 0 0 1 0 0 0 0 1 0 0 0 0 1</matrix>
        <instance_geometry url="#mesh_0">
          <bind_material>
            <technique_common>
              <instance_material symbol="defaultMaterial" target="#material_0">
              </instance_material>
            </technique_common>
          </bind_material>
        </instance_geometry>
      </node>
    </visual_scene>
  </library_visual_scenes>
  <scene>
    <instance_visual_scene url="#Scene" />
  </scene>
</COLLADA>
