<?xml version="1.0" encoding="UTF-8" standalone="no" ?>
<COLLADA xmlns="http://www.collada.org/2005/11/COLLADASchema" version="1.4.1">
  <asset>
    <contributor>
      <author>Assimp</author>
      <authoring_tool>Assimp Exporter</authoring_tool>
    </contributor>
    <created>2025-12-08T10:04:59</created>
    <modified>2025-12-08T10:04:59</modified>
    <unit name="meter" meter="1" />
    <up_axis>Y_UP</up_axis>
  </asset>
  <library_images>
  </library_images>
  <library_effects>
    <effect id="material_0-fx" name="">
      <profile_COMMON>
        <technique sid="standard">
          <phong>
            <emission>
              <color sid="emission">0   0   0   4.53488209e-41</color>
            </emission>
            <ambient>
              <color sid="ambient">0.498039246   0.498039246   0.498039246   0</color>
            </ambient>
            <diffuse>
              <color sid="diffuse">0.498039246   0.498039246   0.498039246   0</color>
            </diffuse>
            <specular>
              <color sid="specular">0.498039246   0.498039246   0.498039246   2.55843558e-11</color>
            </specular>
          </phong>
        </technique>
      </profile_COMMON>
    </effect>
  </library_effects>
  <library_materials>
    <material id="material_0" name="">
      <instance_effect url="#material_0-fx"/>
    </material>
  </library_materials>
  <library_geometries>
    <geometry id="mesh_0" name="" >
      <mesh>
        <source id="mesh_0-positions" name="mesh_0-positions">
          <float_array id="mesh_0-positions-array" count="7785"> -0.00786596723 -0.0067731603 -0.0153646255 -0.00410509948 -0.00799167901 0.0215987545 -0.0184648745 -0.000844557828 0.0143733267 0.0161718801 -0.00335780811 -0.010292802 0.0212138724 -3.58841476e-06 -0.000282244902 0.0139327934 -0.00436684676 0.0172041971 0.0069141509 -0.00693062553 -0.0140272323 -0.00786596723 -0.0067731603 -0.0153646255 -0.00354204932 -0.00781616755 -0.0648485869 -0.0362528488 0.0328864865 -0.0534903631 -0.0364304781 0.0307765584 -0.0649409667 -0.0335078798 0.0149576133 -0.049002625 0.0143782757 0.061699111 -0.0650163367 -0.0102331173 0.0631914362 -0.064943023 -0.0023555737 0.0651326329 -0.0492443927 0.0183404908 0.0597457774 -0.048991695 0.0281424746 0.0515448265 -0.060188219 0.0143782757 0.061699111 -0.0650163367 0.00369342463 -0.00771741942 0.00846245512 -0.00410509948 -0.00799167901 0.0215987545 -0.00786596723 -0.0067731603 -0.0153646255 -0.00294618239 -0.000427291758 -0.0103524309 0.00369342463 -0.00771741942 0.00846245512 -0.00786596723 -0.0067731603 -0.0153646255 0.00369342463 -0.00771741942 0.00846245512 0.0139327934 -0.00436684676 0.0172041971 -0.00410509948 -0.00799167901 0.0215987545 0.0069141509 -0.00693062553 -0.0140272323 0.0161718801 -0.00335780811 -0.010292802 0.0139327934 -0.00436684676 0.0172041971 0.00985213835 -0.00612563826 -0.0649958849 0.0069141509 -0.00693062553 -0.0140272323 -0.00354204932 -0.00781616755 -0.0648485869 0.0162689574 -0.00362247578 -0.0649322569 0.0069141509 -0.00693062553 -0.0140272323 0.00985213835 -0.00612563826 -0.0649958849 0.0162689574 -0.00362247578 -0.0649322569 0.0161718801 -0.00335780811 -0.010292802 0.0069141509 -0.00693062553 -0.0140272323 0.0367822126 0.0279233567 -0.0646561608 0.0302884337 0.00806886982 -0.0495733432 0.0326722786 0.0132871624 -0.0650017187 0.0319250934 0.0413655117 -0.0650019497 0.0319009498 0.0407171063 -0.0490052924 0.0367822126 0.0279233567 -0.0646561608 0.0319250934 0.0413655117 -0.0650019497 0.0281424746 0.0515448265 -0.060188219 0.0319009498 0.0407171063 -0.0490052924 0.0183404908 0.0597457774 -0.048991695 0.0143782757 0.061699111 -0.0650163367 -0.0023555737 0.0651326329 -0.0492443927 -0.0176308956 0.0599002056 -0.0489957631 -0.0023555737 0.0651326329 -0.0492443927 -0.0102331173 0.0631914362 -0.064943023 -0.0251642503 0.0549192056 -0.0633860976 -0.0176308956 0.0599002056 -0.0489957631 -0.0102331173 0.0631914362 -0.064943023 -0.0160048809 -0.00394942146 -0.0475307032 -0.00354204932 -0.00781616755 -0.0648485869 -0.00786596723 -0.0067731603 -0.0153646255 -0.0256023593 0.00152258202 -0.0647297502 -0.00354204932 -0.00781616755 -0.0648485869 -0.0160048809 -0.00394942146 -0.0475307032 0.0326722786 0.0132871624 -0.0650017187 0.0302884337 0.00806886982 -0.0495733432 0.0162689574 -0.00362247578 -0.0649322569 -0.0309579521 0.0156089719 -0.0649218783 -0.0256023593 0.00152258202 -0.0647297502 -0.0335078798 0.0149576133 -0.049002625 -0.0309579521 0.0156089719 -0.0649218783 -0.0335078798 0.0149576133 -0.049002625 -0.0364304781 0.0307765584 -0.0649409667 0.0127047859 0.0595148467 -0.0649817362 -0.0023555737 0.0651326329 -0.0492443927 -0.0102331173 0.0631914362 -0.064943023 -0.0310023986 0.0314846076 -0.0535007194 -0.0362528488 0.0328864865 -0.0534903631 -0.0364304781 0.0307765584 -0.0649409667 0.0121930335 -0.00258923788 -0.06491974 -0.0309579521 0.0156089719 -0.0649218783 -0.0153446849 -8.38917202e-08 -0.0490027256 0.0127437785 -0.00253631338 -0.0490006283 0.0121930335 -0.00258923788 -0.06491974 -0.0153446849 -8.38917202e-08 -0.0490027256 -0.0128391599 0.0594989434 -0.0493009277 0.0127047859 0.0595148467 -0.0649817362 0.0183404908 0.0597457774 -0.048991695 -0.0128393974 0.0594976433 -0.0649999976 0.0127047859 0.0595148467 -0.0649817362 -0.0128391599 0.0594989434 -0.0493009277 0.0127047859 0.0595148467 -0.0649817362 0.0319250934 0.0413655117 -0.0650019497 0.0319009498 0.0407171063 -0.0490052924 0.0309941918 0.015663065 -0.0649160668 0.0319009498 0.0407171063 -0.0490052924 0.0319250934 0.0413655117 -0.0650019497 0.0309941918 0.015663065 -0.0649160668 0.0121930335 -0.00258923788 -0.06491974 0.0127437785 -0.00253631338 -0.0490006283 -0.0310052298 0.0413542837 -0.049003344 -0.0309579521 0.0156089719 -0.0649218783 -0.0310023986 0.0314846076 -0.0535007194 -0.0310023986 0.0314846076 -0.0535007194 -0.0309579521 0.0156089719 -0.0649218783 -0.0364304781 0.0307765584 -0.0649409667 -0.0238040909 0.0485418662 -0.0647382513 -0.0128393974 0.0594976433 -0.0649999976 -0.0128391599 0.0594989434 -0.0493009277 -0.0250157863 0.0480842404 -0.0528922752 -0.0238040909 0.0485418662 -0.0647382513 -0.0128391599 0.0594989434 -0.0493009277 0.0121930335 -0.00258923788 -0.06491974 0.00985213835 -0.00612563826 -0.0649958849 -0.00354204932 -0.00781616755 -0.0648485869 0.0127047859 0.0595148467 -0.0649817362 0.0143782757 0.061699111 -0.0650163367 0.0319250934 0.0413655117 -0.0650019497 -0.0128393974 0.0594976433 -0.0649999976 -0.0102331173 0.0631914362 -0.064943023 0.0127047859 0.0595148467 -0.0649817362 -0.0238040909 0.0485418662 -0.0647382513 -0.0102331173 0.0631914362 -0.064943023 -0.0128393974 0.0594976433 -0.0649999976 -0.0238040909 0.0485418662 -0.0647382513 -0.0251642503 0.0549192056 -0.0633860976 -0.0102331173 0.0631914362 -0.064943023 0.0127047859 0.0595148467 -0.0649817362 -0.0102331173 0.0631914362 -0.064943023 0.0143782757 0.061699111 -0.0650163367 0.0121930335 -0.00258923788 -0.06491974 -0.00354204932 -0.00781616755 -0.0648485869 -0.0256023593 0.00152258202 -0.0647297502 0.0121930335 -0.00258923788 -0.06491974 -0.0256023593 0.00152258202 -0.0647297502 -0.0309579521 0.0156089719 -0.0649218783 0.0309941918 0.015663065 -0.0649160668 0.0319250934 0.0413655117 -0.0650019497 0.0367822126 0.0279233567 -0.0646561608 0.0309941918 0.015663065 -0.0649160668 0.0367822126 0.0279233567 -0.0646561608 0.0326722786 0.0132871624 -0.0650017187 0.0309941918 0.015663065 -0.0649160668 0.0326722786 0.0132871624 -0.0650017187 0.0162689574 -0.00362247578 -0.0649322569 0.0309941918 0.015663065 -0.0649160668 0.0162689574 -0.00362247578 -0.0649322569 0.0121930335 -0.00258923788 -0.06491974 0.0121930335 -0.00258923788 -0.06491974 0.0162689574 -0.00362247578 -0.0649322569 0.00985213835 -0.00612563826 -0.0649958849 -0.0310052298 0.0413542837 -0.049003344 -0.0023555737 0.0651326329 -0.0492443927 -0.0176308956 0.0599002056 -0.0489957631 -0.0310052298 0.0413542837 -0.049003344 -0.0176308956 0.0599002056 -0.0489957631 -0.0335078798 0.0149576133 -0.049002625 0.0139327934 -0.00436684676 0.0172041971 0.0212138724 -3.58841476e-06 -0.000282244902 -0.0184648745 -0.000844557828 0.0143733267 -0.0160615165 -4.18416021e-05 -0.0101995403 -0.0184648745 -0.000844557828 0.0143733267 0.0212138724 -3.58841476e-06 -0.000282244902 0.0127437785 -0.00253631338 -0.0490006283 -0.0153446849 -8.38917202e-08 -0.0490027256 0.0162689574 -0.00362247578 -0.0649322569 -0.00907914806 -7.04306649e-06 0.00273073791 -0.00294618239 -0.000427291758 -0.0103524309 0.0212138724 -3.58841476e-06 -0.000282244902 -0.0160615165 -4.18416021e-05 -0.0101995403 0.0212138724 -3.58841476e-06 -0.000282244902 -0.0153446849 -8.38917202e-08 -0.0490027256 -0.0153446849 -8.38917202e-08 -0.0490027256 0.0212138724 -3.58841476e-06 -0.000282244902 -0.00294618239 -0.000427291758 -0.0103524309 -0.0153446849 -8.38917202e-08 -0.0490027256 0.0212138724 -3.58841476e-06 -0.000282244902 0.0162689574 -0.00362247578 -0.0649322569 -0.0160615165 -4.18416021e-05 -0.0101995403 -0.0160048809 -0.00394942146 -0.0475307032 -0.00786596723 -0.0067731603 -0.0153646255 -0.0160615165 -4.18416021e-05 -0.0101995403 -0.0153446849 -8.38917202e-08 -0.0490027256 -0.0160048809 -0.00394942146 -0.0475307032 -0.00294618239 -0.000427291758 -0.0103524309 -0.00786596723 -0.0067731603 -0.0153646255 0.0069141509 -0.00693062553 -0.0140272323 -0.0160615165 -4.18416021e-05 -0.0101995403 -0.00786596723 -0.0067731603 -0.0153646255 -0.0184648745 -0.000844557828 0.0143733267 -0.0256023593 0.00152258202 -0.0647297502 -0.0160048809 -0.00394942146 -0.0475307032 -0.0335078798 0.0149576133 -0.049002625 -0.0250157863 0.0480842404 -0.0528922752 -0.0362528488 0.0328864865 -0.0534903631 -0.0335078798 0.0149576133 -0.049002625 -0.0250157863 0.0480842404 -0.0528922752 -0.0335078798 0.0149576133 -0.049002625 -0.0176308956 0.0599002056 -0.0489957631 -0.0250157863 0.0480842404 -0.0528922752 -0.0176308956 0.0599002056 -0.0489957631 -0.0251642503 0.0549192056 -0.0633860976 0.0319009498 0.0407171063 -0.0490052924 0.0281424746 0.0515448265 -0.060188219 0.0183404908 0.0597457774 -0.048991695 0.0319009498 0.0407171063 -0.0490052924 0.0302884337 0.00806886982 -0.0495733432 0.0367822126 0.0279233567 -0.0646561608 0.0139327934 -0.00436684676 0.0172041971 -0.0184648745 -0.000844557828 0.0143733267 -0.00410509948 -0.00799167901 0.0215987545 0.0162689574 -0.00362247578 -0.0649322569 0.0212138724 -3.58841476e-06 -0.000282244902 0.0161718801 -0.00335780811 -0.010292802 -0.0153446849 -8.38917202e-08 -0.0490027256 -0.0335078798 0.0149576133 -0.049002625 -0.0160048809 -0.00394942146 -0.0475307032 -0.0153446849 -8.38917202e-08 -0.0490027256 -0.0309579521 0.0156089719 -0.0649218783 -0.0335078798 0.0149576133 -0.049002625 -0.0310052298 0.0413542837 -0.049003344 -0.0335078798 0.0149576133 -0.049002625 -0.0309579521 0.0156089719 -0.0649218783 -0.0250157863 0.0480842404 -0.0528922752 -0.0128391599 0.0594989434 -0.0493009277 -0.0310052298 0.0413542837 -0.049003344 -0.0310052298 0.0413542837 -0.049003344 -0.0128391599 0.0594989434 -0.0493009277 -0.0023555737 0.0651326329 -0.0492443927 -0.0128391599 0.0594989434 -0.0493009277 0.0183404908 0.0597457774 -0.048991695 -0.0023555737 0.0651326329 -0.0492443927 0.0127047859 0.0595148467 -0.0649817362 0.0319009498 0.0407171063 -0.0490052924 0.0183404908 0.0597457774 -0.048991695 0.0309941918 0.015663065 -0.0649160668 0.0302884337 0.00806886982 -0.0495733432 0.0319009498 0.0407171063 -0.0490052924 0.0309941918 0.015663065 -0.0649160668 0.0127437785 -0.00253631338 -0.0490006283 0.0302884337 0.00806886982 -0.0495733432 0.0127437785 -0.00253631338 -0.0490006283 0.0162689574 -0.00362247578 -0.0649322569 0.0302884337 0.00806886982 -0.0495733432 -0.00907914806 -7.04306649e-06 0.00273073791 -0.00294618239 -0.000427291758 -0.0103524309 0.00369342463 -0.00771741942 0.00846245512 -0.00294618239 -0.000427291758 -0.0103524309 0.0069141509 -0.00693062553 -0.0140272323 0.00369342463 -0.00771741942 0.00846245512 0.00369342463 -0.00771741942 0.00846245512 0.0069141509 -0.00693062553 -0.0140272323 0.0139327934 -0.00436684676 0.0172041971 -0.0310052298 0.0413542837 -0.049003344 -0.0310023986 0.0314846076 -0.0535007194 -0.0362528488 0.0328864865 -0.0534903631 -0.0250157863 0.0480842404 -0.0528922752 -0.0310052298 0.0413542837 -0.049003344 -0.0362528488 0.0328864865 -0.0534903631 -0.0250157863 0.0480842404 -0.0528922752 -0.0251642503 0.0549192056 -0.0633860976 -0.0238040909 0.0485418662 -0.0647382513 0.0319250934 0.0413655117 -0.0650019497 0.0143782757 0.061699111 -0.0650163367 0.0281424746 0.0515448265 -0.060188219 -0.00813404284 -0.00474321889 -0.119186006 -0.00554569624 -0.00679497095 -0.146679834 0.00352453114 -0.00794661697 -0.119938768 -0.00441620639 0.000125986029 -0.158267215 0.00567085901 -0.000606383255 -0.138063774 -0.00421395665 0.000235255604 -0.117839426 0.00130528864 0.00281110452 -0.116795845 0.00352453114 -0.00794661697 -0.119938768 -0.00554569624 -0.00679497095 -0.146679834 -0.0127535593 0.00982649717 -0.11512918 0.00130528864 0.00281110452 -0.116795845 0.00875033624 0.00369755621 -0.116726451 -0.0127535593 0.00982649717 -0.11512918 -0.00421395665 0.000235255604 -0.117839426 0.00130528864 0.00281110452 -0.116795845 0.00454688584 -0.00989742205 -0.112553813 -0.00421395665 0.000235255604 -0.117839426 -0.0162233263 -0.00419487664 -0.113677986 0.00454688584 -0.00989742205 -0.112553813 0.00130528864 0.00281110452 -0.116795845 -0.00421395665 0.000235255604 -0.117839426 -0.0127535593 0.00982649717 -0.11512918 0.00875033624 0.00369755621 -0.116726451 -0.00421395665 0.000235255604 -0.117839426 0.00875033624 0.00369755621 -0.116726451 -0.00421395665 0.000235255604 -0.117839426 -0.00813404284 -0.00474321889 -0.119186006 0.00875033624 0.00369755621 -0.116726451 -0.00813404284 -0.00474321889 -0.119186006 0.00352453114 -0.00794661697 -0.119938768 0.00875033624 0.00369755621 -0.116726451 0.00567085901 -0.000606383255 -0.138063774 -0.00421395665 0.000235255604 -0.117839426 0.00454688584 -0.00989742205 -0.112553813 0.00875033624 0.00369755621 -0.116726451 0.00352453114 -0.00794661697 -0.119938768 0.00875033624 0.00369755621 -0.116726451 0.00352453114 -0.00794661697 -0.119938768 0.00567085901 -0.000606383255 -0.138063774 0.00454688584 -0.00989742205 -0.112553813 -0.0162233263 -0.00419487664 -0.113677986 0.00875033624 0.00369755621 -0.116726451 -0.0162233263 -0.00419487664 -0.113677986 -0.0127535593 0.00982649717 -0.11512918 0.00875033624 0.00369755621 -0.116726451 -0.0162233263 -0.00419487664 -0.113677986 -0.00421395665 0.000235255604 -0.117839426 -0.0127535593 0.00982649717 -0.11512918 0.00130528864 0.00281110452 -0.116795845 -0.00554569624 -0.00679497095 -0.146679834 -0.00421395665 0.000235255604 -0.117839426 0.00130528864 0.00281110452 -0.116795845 -0.00421395665 0.000235255604 -0.117839426 0.00567085901 -0.000606383255 -0.138063774 0.00130528864 0.00281110452 -0.116795845 0.00567085901 -0.000606383255 -0.138063774 0.00352453114 -0.00794661697 -0.119938768 -0.0187133513 -0.00864521135 -0.156803444 -0.00813404284 -0.00474321889 -0.119186006 -0.00554569624 -0.00679497095 -0.146679834 -0.00421395665 0.000235255604 -0.117839426 -0.00554569624 -0.00679497095 -0.146679834 -0.00813404284 -0.00474321889 -0.119186006 0.00454688584 -0.00989742205 -0.112553813 0.00875033624 0.00369755621 -0.116726451 0.00130528864 0.00281110452 -0.116795845 -0.0132517321 0.000704981561 -0.160959721 -0.00532354694 -0.00493435189 -0.16056852 -0.0133411251 -0.00915478263 -0.159166187 -0.0100915413 0.00711415615 -0.118630864 -0.00532354694 -0.00493435189 -0.16056852 -0.0132517321 0.000704981561 -0.160959721 -0.0100915413 0.00711415615 -0.118630864 -0.0132517321 0.000704981561 -0.160959721 -0.0133411251 -0.00915478263 -0.159166187 -0.0100915413 0.00711415615 -0.118630864 -0.0133411251 -0.00915478263 -0.159166187 -0.00532354694 -0.00493435189 -0.16056852 0.0152870696 -0.0330158882 -0.113278084 0.0150522385 -0.0581655838 -0.12639305 0.00388543145 -0.0605007932 -0.126623064 0.00358376233 -0.0483438596 -0.132736132 0.00754195359 -0.0298901275 -0.116364487 0.0220320411 -0.0367666781 -0.112942621 0.0163109284 -0.0601211414 -0.134127811 0.00358376233 -0.0483438596 -0.132736132 0.0220320411 -0.0367666781 -0.112942621 0.0260479841 -0.0299412236 -0.12093433 0.0220320411 -0.0367666781 -0.112942621 0.00754195359 -0.0298901275 -0.116364487 0.012479757 -0.0236116759 -0.124639004 0.0260479841 -0.0299412236 -0.12093433 0.00754195359 -0.0298901275 -0.116364487 0.0116684679 -0.064521946 -0.124909066 0.00388543145 -0.0605007932 -0.126623064 0.0150522385 -0.0581655838 -0.12639305 0.0179196876 -0.0390575677 -0.102072097 0.0152870696 -0.0330158882 -0.113278084 0.0110079236 -0.0384689607 -0.105547167 0.0105922474 -0.0269594975 -0.1173627 0.0260479841 -0.0299412236 -0.12093433 0.0146940248 -0.0166446716 -0.117949627 0.0284847319 -0.0235291459 -0.114939146 0.0146940248 -0.0166446716 -0.117949627 0.0260479841 -0.0299412236 -0.12093433 0.0048123314 -0.02899101 -0.102088347 0.0110079236 -0.0384689607 -0.105547167 0.0105922474 -0.0269594975 -0.1173627 0.0048123314 -0.02899101 -0.102088347 0.0105922474 -0.0269594975 -0.1173627 0.0146940248 -0.0166446716 -0.117949627 0.0284847319 -0.0235291459 -0.114939146 0.0260479841 -0.0299412236 -0.12093433 0.0179196876 -0.0390575677 -0.102072097 0.0179196876 -0.0390575677 -0.102072097 0.0260479841 -0.0299412236 -0.12093433 0.0152870696 -0.0330158882 -0.113278084 0.0105922474 -0.0269594975 -0.1173627 0.0152870696 -0.0330158882 -0.113278084 0.0260479841 -0.0299412236 -0.12093433 0.0110079236 -0.0384689607 -0.105547167 0.0152870696 -0.0330158882 -0.113278084 0.0220320411 -0.0367666781 -0.112942621 0.0284847319 -0.0235291459 -0.114939146 0.0220320411 -0.0367666781 -0.112942621 0.0260479841 -0.0299412236 -0.12093433 0.0284847319 -0.0235291459 -0.114939146 0.0179196876 -0.0390575677 -0.102072097 0.0220320411 -0.0367666781 -0.112942621 0.0179196876 -0.0390575677 -0.102072097 0.0116684679 -0.064521946 -0.124909066 0.0150522385 -0.0581655838 -0.12639305 0.0163109284 -0.0601211414 -0.134127811 0.0220320411 -0.0367666781 -0.112942621 0.0150522385 -0.0581655838 -0.12639305 0.0179196876 -0.0390575677 -0.102072097 0.0150522385 -0.0581655838 -0.12639305 0.0220320411 -0.0367666781 -0.112942621 0.0048123314 -0.02899101 -0.102088347 0.00388543145 -0.0605007932 -0.126623064 0.0110079236 -0.0384689607 -0.105547167 0.0110079236 -0.0384689607 -0.105547167 0.00388543145 -0.0605007932 -0.126623064 0.0116684679 -0.064521946 -0.124909066 0.0179196876 -0.0390575677 -0.102072097 0.0110079236 -0.0384689607 -0.105547167 0.0116684679 -0.064521946 -0.124909066 0.000593813369 -0.0513710715 -0.129689887 0.00388543145 -0.0605007932 -0.126623064 0.0048123314 -0.02899101 -0.102088347 0.0048123314 -0.02899101 -0.102088347 0.0146940248 -0.0166446716 -0.117949627 0.00754195359 -0.0298901275 -0.116364487 0.000593813369 -0.0513710715 -0.129689887 0.00754195359 -0.0298901275 -0.116364487 0.00358376233 -0.0483438596 -0.132736132 0.0146940248 -0.0166446716 -0.117949627 0.012479757 -0.0236116759 -0.124639004 0.00754195359 -0.0298901275 -0.116364487 0.000593813369 -0.0513710715 -0.129689887 0.0048123314 -0.02899101 -0.102088347 0.00754195359 -0.0298901275 -0.116364487 0.000593813369 -0.0513710715 -0.129689887 0.0152870696 -0.0330158882 -0.113278084 0.0110079236 -0.0384689607 -0.105547167 0.0163109284 -0.0601211414 -0.134127811 0.0150522385 -0.0581655838 -0.12639305 0.0152870696 -0.0330158882 -0.113278084 0.0163109284 -0.0601211414 -0.134127811 0.0152870696 -0.0330158882 -0.113278084 0.00358376233 -0.0483438596 -0.132736132 0.000593813369 -0.0513710715 -0.129689887 0.00358376233 -0.0483438596 -0.132736132 0.0152870696 -0.0330158882 -0.113278084 0.0284847319 -0.0235291459 -0.114939146 0.012479757 -0.0236116759 -0.124639004 0.0146940248 -0.0166446716 -0.117949627 0.0284847319 -0.0235291459 -0.114939146 0.0260479841 -0.0299412236 -0.12093433 0.012479757 -0.0236116759 -0.124639004 0.000593813369 -0.0513710715 -0.129689887 0.0110079236 -0.0384689607 -0.105547167 0.00388543145 -0.0605007932 -0.126623064 0.0105922474 -0.0269594975 -0.1173627 0.0110079236 -0.0384689607 -0.105547167 0.0152870696 -0.0330158882 -0.113278084 0.0110079236 -0.0384689607 -0.105547167 0.0152870696 -0.0330158882 -0.113278084 0.00388543145 -0.0605007932 -0.126623064 0.0145405224 -0.048009105 -0.118793018 0.0102351047 -0.0425930656 -0.122361854 0.00764037669 -0.047136806 -0.118052073 0.00840821117 -0.00232552574 -0.0851905271 0.019852208 0.0101420376 -0.074888669 0.0268518236 -0.00955974776 -0.0720903873 0.00527255982 -0.026493771 -0.0768994018 0.0268518236 -0.00955974776 -0.0720903873 0.0252292659 -0.0256654415 -0.0748417675 0.0013910596 -0.0145019805 -0.0907467529 0.00840821117 -0.00232552574 -0.0851905271 0.000590820622 -0.0144187063 -0.0779862925 0.0013910596 -0.0145019805 -0.0907467529 0.000590820622 -0.0144187063 -0.0779862925 0.00527255982 -0.026493771 -0.0768994018 0.0118288854 -0.0312716588 -0.0764569268 0.00527255982 -0.026493771 -0.0768994018 0.0252292659 -0.0256654415 -0.0748417675 0.0311741717 -0.00228424394 -0.0866315141 0.0252292659 -0.0256654415 -0.0748417675 0.0268518236 -0.00955974776 -0.0720903873 0.0240237489 0.00867584627 -0.0871770829 0.019852208 0.0101420376 -0.074888669 0.0193941277 -0.000488750346 -0.0885286853 0.0118288854 -0.0312716588 -0.0764569268 0.0013910596 -0.0145019805 -0.0907467529 0.00527255982 -0.026493771 -0.0768994018 0.0240237489 0.00867584627 -0.0871770829 0.00840821117 -0.00232552574 -0.0851905271 0.019852208 0.0101420376 -0.074888669 0.00458141742 -0.00330071058 -0.0771753192 0.019852208 0.0101420376 -0.074888669 0.00840821117 -0.00232552574 -0.0851905271 0.00458141742 -0.00330071058 -0.0771753192 0.0268518236 -0.00955974776 -0.0720903873 0.019852208 0.0101420376 -0.074888669 0.00458141742 -0.00330071058 -0.0771753192 0.000590820622 -0.0144187063 -0.0779862925 0.0268518236 -0.00955974776 -0.0720903873 0.0118288854 -0.0312716588 -0.0764569268 0.0268518236 -0.00955974776 -0.0720903873 0.00527255982 -0.026493771 -0.0768994018 0.0118288854 -0.0312716588 -0.0764569268 0.0252292659 -0.0256654415 -0.0748417675 0.0268518236 -0.00955974776 -0.0720903873 0.0240237489 0.00867584627 -0.0871770829 0.0311741717 -0.00228424394 -0.0866315141 0.0193941277 -0.000488750346 -0.0885286853 0.0240237489 0.00867584627 -0.0871770829 0.0193941277 -0.000488750346 -0.0885286853 0.00840821117 -0.00232552574 -0.0851905271 0.00458141742 -0.00330071058 -0.0771753192 0.0013910596 -0.0145019805 -0.0907467529 0.000590820622 -0.0144187063 -0.0779862925 0.00458141742 -0.00330071058 -0.0771753192 0.00840821117 -0.00232552574 -0.0851905271 0.0013910596 -0.0145019805 -0.0907467529 0.000590820622 -0.0144187063 -0.0779862925 0.00840821117 -0.00232552574 -0.0851905271 0.0268518236 -0.00955974776 -0.0720903873 0.0193941277 -0.000488750346 -0.0885286853 0.019852208 0.0101420376 -0.074888669 0.00840821117 -0.00232552574 -0.0851905271 -0.00143280264 0.0405549817 -0.0850165337 -0.0040272451 0.0386278406 -0.0943972841 -0.00605948828 0.0302395057 -0.0847904831 0.0255767219 0.00469044782 -0.0822796598 -0.0040272451 0.0386278406 -0.0943972841 -0.00605948828 0.0302395057 -0.0847904831 0.00326913293 -0.0275318939 -0.0987787098 0.0219976548 -0.0312428717 -0.0936360359 0.0168416183 -0.014789057 -0.0973003879 0.0149436062 -0.0170667339 -0.073143512 0.0168416183 -0.014789057 -0.0973003879 0.0219976548 -0.0312428717 -0.0936360359 0.0149379577 -0.0144911204 -0.121838503 0.012550409 -0.00853447802 -0.103660196 0.00326913293 -0.0275318939 -0.0987787098 0.000773748558 -0.0792797506 -0.165676072 0.00542630767 -0.0865588859 -0.161630884 -0.000167038103 -0.0930323303 -0.178932056 -0.000968110515 -0.0855634809 -0.170604125 0.00542630767 -0.0865588859 -0.161630884 0.000773748558 -0.0792797506 -0.165676072 0.0129483258 -0.0610457174 -0.150829971 0.00370490854 -0.0642968118 -0.144273981 0.0135651939 -0.0335309058 -0.128114924 0.0205115117 -0.0336486027 -0.115983784 0.00370490854 -0.0642968118 -0.144273981 0.0129483258 -0.0610457174 -0.150829971 0.0205115117 -0.0336486027 -0.115983784 0.0129483258 -0.0610457174 -0.150829971 0.0135651939 -0.0335309058 -0.128114924 0.0205115117 -0.0336486027 -0.115983784 0.0135651939 -0.0335309058 -0.128114924 0.00370490854 -0.0642968118 -0.144273981 0.0235241111 0.00914959423 -0.0966436565 0.00991053879 -0.00575162703 -0.0993389785 0.0337648354 -0.00716929557 -0.0926834494 0.0235241111 0.00914959423 -0.0966436565 0.0337648354 -0.00716929557 -0.0926834494 0.0311741717 -0.00228424394 -0.0866315141 0.0262429863 -0.0505188592 -0.136800081 0.0190552529 -0.0681698993 -0.151566938 0.0021404149 -0.0515765138 -0.151082218 0.00640604738 -0.0705243275 -0.161336809 0.0021404149 -0.0515765138 -0.151082218 0.0190552529 -0.0681698993 -0.151566938 0.0127635878 -0.0293969456 -0.133252278 0.0021404149 -0.0515765138 -0.151082218 0.00640604738 -0.0705243275 -0.161336809 0.0190509148 -0.0391884521 -0.1370029 0.0127635878 -0.0293969456 -0.133252278 0.00640604738 -0.0705243275 -0.161336809 0.0190509148 -0.0391884521 -0.1370029 0.00640604738 -0.0705243275 -0.161336809 0.0190552529 -0.0681698993 -0.151566938 0.0190509148 -0.0391884521 -0.1370029 0.0190552529 -0.0681698993 -0.151566938 0.0262429863 -0.0505188592 -0.136800081 0.0190509148 -0.0391884521 -0.1370029 0.0262429863 -0.0505188592 -0.136800081 0.0021404149 -0.0515765138 -0.151082218 0.0190509148 -0.0391884521 -0.1370029 0.0021404149 -0.0515765138 -0.151082218 0.0127635878 -0.0293969456 -0.133252278 -0.00290294201 -0.0198303759 -0.0714078769 0.0236518923 -0.0247403439 -0.0651554465 0.0201888178 -0.000482332485 -0.0673929155 0.0299893655 -0.0171122365 -0.0969900638 0.0149379577 -0.0144911204 -0.121838503 0.012550409 -0.00853447802 -0.103660196 0.030804418 -0.0212773588 -0.114163414 0.0149379577 -0.0144911204 -0.121838503 0.0299893655 -0.0171122365 -0.0969900638 0.030804418 -0.0212773588 -0.114163414 0.012550409 -0.00853447802 -0.103660196 0.0149379577 -0.0144911204 -0.121838503 0.0199799221 -0.0412225537 -0.106780745 0.030804418 -0.0212773588 -0.114163414 0.0299893655 -0.0171122365 -0.0969900638 0.030804418 -0.0212773588 -0.114163414 0.0299893655 -0.0171122365 -0.0969900638 0.012550409 -0.00853447802 -0.103660196 -0.00362731819 -0.0507525094 -0.123335361 0.000978800934 -0.0273860935 -0.117386006 0.00434989668 -0.0302641355 -0.10124062 0.00227677776 -0.0373778045 -0.134790123 0.0127635878 -0.0293969456 -0.133252278 0.000978800934 -0.0273860935 -0.117386006 0.00508302497 -0.0542768203 -0.115700945 0.00434989668 -0.0302641355 -0.10124062 -0.00506079523 -0.0477031693 -0.119662158 0.000303645094 -0.078663826 -0.144564301 0.00508302497 -0.0542768203 -0.115700945 -0.00966758654 -0.074462004 -0.148044616 0.0108069591 -0.0434430502 -0.10853523 0.00508302497 -0.0542768203 -0.115700945 0.000303645094 -0.078663826 -0.144564301 0.0108069591 -0.0434430502 -0.10853523 0.00434989668 -0.0302641355 -0.10124062 0.00508302497 -0.0542768203 -0.115700945 0.000303645094 -0.078663826 -0.144564301 -0.00966758654 -0.074462004 -0.148044616 0.00640604738 -0.0705243275 -0.161336809 0.00220871833 -0.0592322536 -0.155081466 -0.00362731819 -0.0507525094 -0.123335361 0.000303645094 -0.078663826 -0.144564301 -0.00506079523 -0.0477031693 -0.119662158 0.000978800934 -0.0273860935 -0.117386006 0.00227677776 -0.0373778045 -0.134790123 -0.00966758654 -0.074462004 -0.148044616 0.00508302497 -0.0542768203 -0.115700945 -0.00506079523 -0.0477031693 -0.119662158 -0.00506079523 -0.0477031693 -0.119662158 0.00434989668 -0.0302641355 -0.10124062 0.000978800934 -0.0273860935 -0.117386006 -0.00506079523 -0.0477031693 -0.119662158 0.00227677776 -0.0373778045 -0.134790123 0.0021404149 -0.0515765138 -0.151082218 -0.00966758654 -0.074462004 -0.148044616 -0.00506079523 -0.0477031693 -0.119662158 0.0021404149 -0.0515765138 -0.151082218 0.00220871833 -0.0592322536 -0.155081466 0.00227677776 -0.0373778045 -0.134790123 -0.00362731819 -0.0507525094 -0.123335361 0.00220871833 -0.0592322536 -0.155081466 0.000303645094 -0.078663826 -0.144564301 0.00640604738 -0.0705243275 -0.161336809 0.00220871833 -0.0592322536 -0.155081466 0.00640604738 -0.0705243275 -0.161336809 0.0127635878 -0.0293969456 -0.133252278 0.0282681696 -0.0267422013 -0.124541566 0.0127635878 -0.0293969456 -0.133252278 0.0148466881 -0.022105705 -0.127347112 0.00227677776 -0.0373778045 -0.134790123 0.0127635878 -0.0293969456 -0.133252278 0.0021404149 -0.0515765138 -0.151082218 -0.00966758654 -0.074462004 -0.148044616 0.0021404149 -0.0515765138 -0.151082218 0.00640604738 -0.0705243275 -0.161336809 0.00220871833 -0.0592322536 -0.155081466 0.0127635878 -0.0293969456 -0.133252278 0.00227677776 -0.0373778045 -0.134790123 0.0108069591 -0.0434430502 -0.10853523 -0.00362731819 -0.0507525094 -0.123335361 0.00434989668 -0.0302641355 -0.10124062 0.00227677776 -0.0373778045 -0.134790123 0.000978800934 -0.0273860935 -0.117386006 -0.00362731819 -0.0507525094 -0.123335361 0.0108069591 -0.0434430502 -0.10853523 0.000303645094 -0.078663826 -0.144564301 -0.00362731819 -0.0507525094 -0.123335361 0.0186269917 -0.046865724 -0.105496988 0.0137602594 -0.0538121536 -0.110902056 0.0233858097 -0.049111411 -0.118029825 0.0113994377 -0.0799908713 -0.139196709 0.000303645094 -0.078663826 -0.144564301 0.0190552529 -0.0681698993 -0.151566938 0.0113994377 -0.0799908713 -0.139196709 0.0137602594 -0.0538121536 -0.110902056 0.00508302497 -0.0542768203 -0.115700945 0.0113994377 -0.0799908713 -0.139196709 0.00508302497 -0.0542768203 -0.115700945 0.000303645094 -0.078663826 -0.144564301 0.00995804369 -0.0820645168 -0.143846586 0.000303645094 -0.078663826 -0.144564301 0.0186269917 -0.046865724 -0.105496988 0.00995804369 -0.0820645168 -0.143846586 0.0186269917 -0.046865724 -0.105496988 0.0233858097 -0.049111411 -0.118029825 0.00995804369 -0.0820645168 -0.143846586 0.0233858097 -0.049111411 -0.118029825 0.0190552529 -0.0681698993 -0.151566938 0.0113994377 -0.0799908713 -0.139196709 0.0262429863 -0.0505188592 -0.136800081 0.0233858097 -0.049111411 -0.118029825 0.0113994377 -0.0799908713 -0.139196709 0.0233858097 -0.049111411 -0.118029825 0.0137602594 -0.0538121536 -0.110902056 0.0137602594 -0.0538121536 -0.110902056 0.00434989668 -0.0302641355 -0.10124062 0.00508302497 -0.0542768203 -0.115700945 0.0113994377 -0.0799908713 -0.139196709 0.0190552529 -0.0681698993 -0.151566938 0.0262429863 -0.0505188592 -0.136800081 0.00995804369 -0.0820645168 -0.143846586 0.0190552529 -0.0681698993 -0.151566938 0.00640604738 -0.0705243275 -0.161336809 0.024993604 -0.0374421328 -0.130555466 0.0127635878 -0.0293969456 -0.133252278 0.00640604738 -0.0705243275 -0.161336809 0.024993604 -0.0374421328 -0.130555466 0.0127635878 -0.0293969456 -0.133252278 0.0282681696 -0.0267422013 -0.124541566 0.024993604 -0.0374421328 -0.130555466 0.0190509148 -0.0391884521 -0.1370029 0.0127635878 -0.0293969456 -0.133252278 0.024993604 -0.0374421328 -0.130555466 0.0233858097 -0.049111411 -0.118029825 0.0262429863 -0.0505188592 -0.136800081 0.024993604 -0.0374421328 -0.130555466 0.00640604738 -0.0705243275 -0.161336809 0.0190552529 -0.0681698993 -0.151566938 0.024993604 -0.0374421328 -0.130555466 0.0262429863 -0.0505188592 -0.136800081 0.0190509148 -0.0391884521 -0.1370029 0.024993604 -0.0374421328 -0.130555466 0.0190552529 -0.0681698993 -0.151566938 0.0233858097 -0.049111411 -0.118029825 0.00995804369 -0.0820645168 -0.143846586 0.00640604738 -0.0705243275 -0.161336809 0.000303645094 -0.078663826 -0.144564301 0.000303645094 -0.078663826 -0.144564301 0.00640604738 -0.0705243275 -0.161336809 0.0190552529 -0.0681698993 -0.151566938 0.0186269917 -0.046865724 -0.105496988 0.00434989668 -0.0302641355 -0.10124062 0.0137602594 -0.0538121536 -0.110902056 0.0186269917 -0.046865724 -0.105496988 0.0108069591 -0.0434430502 -0.10853523 0.00434989668 -0.0302641355 -0.10124062 0.0186269917 -0.046865724 -0.105496988 0.000303645094 -0.078663826 -0.144564301 0.0108069591 -0.0434430502 -0.10853523 0.0048123314 -0.02899101 -0.102088347 0.0284847319 -0.0235291459 -0.114939146 0.0146940248 -0.0166446716 -0.117949627 0.0048123314 -0.02899101 -0.102088347 0.0284847319 -0.0235291459 -0.114939146 0.0179196876 -0.0390575677 -0.102072097 0.0208737049 -0.0443402641 -0.127328634 0.00888515636 -0.0418550223 -0.139000699 0.0133365523 -0.0518782362 -0.145153448 0.0208737049 -0.0443402641 -0.127328634 0.0163109284 -0.0601211414 -0.134127811 0.0133365523 -0.0518782362 -0.145153448 0.00496711442 -0.0623516887 -0.127221987 0.00358376233 -0.0483438596 -0.132736132 0.00888515636 -0.0418550223 -0.139000699 0.0148459673 -0.0532919466 -0.12946704 0.0163109284 -0.0601211414 -0.134127811 0.0208737049 -0.0443402641 -0.127328634 0.0133365523 -0.0518782362 -0.145153448 0.00888515636 -0.0418550223 -0.139000699 0.00358376233 -0.0483438596 -0.132736132 0.0090529127 0.0115867024 -0.152860418 0.00721954042 0.00806467514 -0.161810458 -0.00224115211 0.0123426318 -0.13073805 0.000425197301 0.0217160713 -0.155199558 0.0090529127 0.0115867024 -0.152860418 0.009096439 0.0162426122 -0.143216208 0.00185809308 0.0181236435 -0.116638012 0.000425197301 0.0217160713 -0.155199558 0.009096439 0.0162426122 -0.143216208 0.0076495884 0.00797186978 -0.118373275 -0.012346101 0.0141892945 -0.116568901 -0.00224115211 0.0123426318 -0.13073805 0.00655210903 0.00993912201 -0.116734557 0.00185809308 0.0181236435 -0.116638012 -0.012346101 0.0141892945 -0.116568901 0.0136918379 0.0187827963 -0.11730013 0.00185809308 0.0181236435 -0.116638012 0.00655210903 0.00993912201 -0.116734557 0.00926299021 0.00420640316 -0.105671741 0.00655210903 0.00993912201 -0.116734557 -0.012346101 0.0141892945 -0.116568901 0.00851570349 0.0049091028 -0.118366875 0.00655210903 0.00993912201 -0.116734557 0.00926299021 0.00420640316 -0.105671741 0.00851570349 0.0049091028 -0.118366875 0.0136918379 0.0187827963 -0.11730013 0.00655210903 0.00993912201 -0.116734557 -0.00698397029 0.0277453121 -0.104469158 -0.012346101 0.0141892945 -0.116568901 -0.00686781714 0.0266708266 -0.116432726 -0.00698397029 0.0277453121 -0.104469158 -0.00686781714 0.0266708266 -0.116432726 0.0136918379 0.0187827963 -0.11730013 -0.0116884997 0.0137434127 -0.103619725 -0.012346101 0.0141892945 -0.116568901 0.00851570349 0.0049091028 -0.118366875 -0.00686781714 0.0266708266 -0.116432726 0.000425197301 0.0217160713 -0.155199558 0.00185809308 0.0181236435 -0.116638012 -0.00686781714 0.0266708266 -0.116432726 -0.012346101 0.0141892945 -0.116568901 0.0136918379 0.0187827963 -0.11730013 -0.00686781714 0.0266708266 -0.116432726 0.00185809308 0.0181236435 -0.116638012 -0.012346101 0.0141892945 -0.116568901 -0.012346101 0.0141892945 -0.116568901 0.00185809308 0.0181236435 -0.116638012 -0.00224115211 0.0123426318 -0.13073805 0.0114528518 0.0172242057 -0.118366875 0.0136918379 0.0187827963 -0.11730013 0.00851570349 0.0049091028 -0.118366875 0.0114528518 0.0172242057 -0.118366875 0.00851570349 0.0049091028 -0.118366875 0.0076495884 0.00797186978 -0.118373275 0.0114528518 0.0172242057 -0.118366875 -0.00686781714 0.0266708266 -0.116432726 0.0136918379 0.0187827963 -0.11730013 0.00851570349 0.0049091028 -0.118366875 -0.012346101 0.0141892945 -0.116568901 0.0076495884 0.00797186978 -0.118373275 -0.00698397029 0.0277453121 -0.104469158 0.0136918379 0.0187827963 -0.11730013 -0.012346101 0.0141892945 -0.116568901 -0.0128936516 0.0139622642 -0.159813926 -0.00225376105 0.0255829804 -0.159312516 -0.00416432926 0.0327513479 -0.158151448 0.0114430534 0.017211156 -0.161359295 -0.00416432926 0.0327513479 -0.158151448 -0.00225376105 0.0255829804 -0.159312516 -0.000211180071 0.0150365019 -0.150989607 0.00721954042 0.00806467514 -0.161810458 -0.0128936516 0.0139622642 -0.159813926 0.0114430534 0.017211156 -0.161359295 0.0090529127 0.0115867024 -0.152860418 0.000425197301 0.0217160713 -0.155199558 0.0114430534 0.017211156 -0.161359295 0.000425197301 0.0217160713 -0.155199558 -0.00225376105 0.0255829804 -0.159312516 0.0123059591 0.0190319587 -0.105176836 -0.00698397029 0.0277453121 -0.104469158 -0.00686781714 0.0266708266 -0.116432726 0.0123059591 0.0190319587 -0.105176836 -0.00686781714 0.0266708266 -0.116432726 0.0136918379 0.0187827963 -0.11730013 -0.00686781714 0.0266708266 -0.116432726 0.00185809308 0.0181236435 -0.116638012 0.0136918379 0.0187827963 -0.11730013 0.0123059591 0.0190319587 -0.105176836 0.0136918379 0.0187827963 -0.11730013 -0.00698397029 0.0277453121 -0.104469158 -0.0116884997 0.0137434127 -0.103619725 0.00851570349 0.0049091028 -0.118366875 0.00926299021 0.00420640316 -0.105671741 0.0114430534 0.017211156 -0.161359295 0.0114528518 0.0172242057 -0.118366875 0.0090529127 0.0115867024 -0.152860418 0.0114528518 0.0172242057 -0.118366875 0.0076495884 0.00797186978 -0.118373275 0.0090529127 0.0115867024 -0.152860418 0.0076495884 0.00797186978 -0.118373275 0.00721954042 0.00806467514 -0.161810458 0.0090529127 0.0115867024 -0.152860418 -0.0116884997 0.0137434127 -0.103619725 0.00926299021 0.00420640316 -0.105671741 -0.012346101 0.0141892945 -0.116568901 0.0114528518 0.0172242057 -0.118366875 0.000425197301 0.0217160713 -0.155199558 -0.00686781714 0.0266708266 -0.116432726 0.0114430534 0.017211156 -0.161359295 0.000425197301 0.0217160713 -0.155199558 0.0114528518 0.0172242057 -0.118366875 0.0076495884 0.00797186978 -0.118373275 -0.00224115211 0.0123426318 -0.13073805 0.00721954042 0.00806467514 -0.161810458 -0.0128936516 0.0139622642 -0.159813926 0.00721954042 0.00806467514 -0.161810458 -0.00224115211 0.0123426318 -0.13073805 -0.000211180071 0.0150365019 -0.150989607 0.00185809308 0.0181236435 -0.116638012 0.00655210903 0.00993912201 -0.116734557 0.00655210903 0.00993912201 -0.116734557 0.00185809308 0.0181236435 -0.116638012 0.009096439 0.0162426122 -0.143216208 -0.000211180071 0.0150365019 -0.150989607 0.00655210903 0.00993912201 -0.116734557 -0.00224115211 0.0123426318 -0.13073805 0.00655210903 0.00993912201 -0.116734557 0.009096439 0.0162426122 -0.143216208 0.0090529127 0.0115867024 -0.152860418 0.00655210903 0.00993912201 -0.116734557 0.0090529127 0.0115867024 -0.152860418 -0.00224115211 0.0123426318 -0.13073805 -0.000211180071 0.0150365019 -0.150989607 -0.0128936516 0.0139622642 -0.159813926 -0.00224115211 0.0123426318 -0.13073805 -0.000211180071 0.0150365019 -0.150989607 -0.00224115211 0.0123426318 -0.13073805 0.00185809308 0.0181236435 -0.116638012 -0.000211180071 0.0150365019 -0.150989607 -0.00224115211 0.0123426318 -0.13073805 0.00721954042 0.00806467514 -0.161810458 -0.00929001626 0.0205830298 -0.162782297 0.000698145479 0.0223299973 -0.16280894 -0.00552962488 0.0126056802 -0.16192016 0.000292828772 0.0212047659 -0.118296355 -0.00552962488 0.0126056802 -0.16192016 0.000698145479 0.0223299973 -0.16280894 0.000292828772 0.0212047659 -0.118296355 0.000698145479 0.0223299973 -0.16280894 -0.00929001626 0.0205830298 -0.162782297 0.000292828772 0.0212047659 -0.118296355 -0.00929001626 0.0205830298 -0.162782297 -0.00552962488 0.0126056802 -0.16192016 0.0111606903 0.0412854813 -0.153780743 0.0178179517 0.0328469276 -0.114415221 0.0115817804 0.0371179096 -0.148201957 0.00650683139 0.0325029343 -0.15545249 0.0145017635 0.0271655302 -0.130238622 0.0170186106 0.0263710748 -0.148496807 0.00896393787 0.0324868746 -0.119384892 0.0145017635 0.0271655302 -0.130238622 0.00650683139 0.0325029343 -0.15545249 0.0217877608 0.0351540074 -0.148531288 0.0170186106 0.0263710748 -0.148496807 0.0145017635 0.0271655302 -0.130238622 0.0217877608 0.0351540074 -0.148531288 0.0145017635 0.0271655302 -0.130238622 0.0178179517 0.0328469276 -0.114415221 0.0217877608 0.0351540074 -0.148531288 0.0178179517 0.0328469276 -0.114415221 0.0111606903 0.0412854813 -0.153780743 0.0114340968 0.0435677953 -0.153835356 0.0111606903 0.0412854813 -0.153780743 0.0115817804 0.0371179096 -0.148201957 0.0114340968 0.0435677953 -0.153835356 0.0111606903 0.0412854813 -0.153780743 0.0217877608 0.0351540074 -0.148531288 0.0158783961 0.0241162851 -0.111282155 0.00896393787 0.0324868746 -0.119384892 0.00650683139 0.0325029343 -0.15545249 0.00896393787 0.0324868746 -0.119384892 0.0178179517 0.0328469276 -0.114415221 0.0145017635 0.0271655302 -0.130238622 0.0107429335 0.0348892771 -0.113975577 0.0178179517 0.0328469276 -0.114415221 0.00896393787 0.0324868746 -0.119384892 0.0101427399 0.0385078676 -0.110439241 0.0178179517 0.0328469276 -0.114415221 0.0217262246 0.034887448 -0.110742554 0.0153562203 0.0212162659 -0.100893624 0.016473202 0.0210816283 -0.113109387 0.0158783961 0.0241162851 -0.111282155 0.016473202 0.0210816283 -0.113109387 0.0217262246 0.034887448 -0.110742554 0.0158783961 0.0241162851 -0.111282155 0.0226406138 0.033181455 -0.0986825153 0.0217262246 0.034887448 -0.110742554 0.016473202 0.0210816283 -0.113109387 -0.00346430624 0.0321017392 -0.110770226 0.0101427399 0.0385078676 -0.110439241 0.00896393787 0.0324868746 -0.119384892 0.00326928007 0.04484367 -0.110792123 -0.00346430624 0.0321017392 -0.110770226 0.016473202 0.0210816283 -0.113109387 -0.00346430624 0.0321017392 -0.110770226 0.00896393787 0.0324868746 -0.119384892 0.016473202 0.0210816283 -0.113109387 0.016473202 0.0210816283 -0.113109387 0.00896393787 0.0324868746 -0.119384892 0.0158783961 0.0241162851 -0.111282155 0.00326928007 0.04484367 -0.110792123 0.0217262246 0.034887448 -0.110742554 0.0101427399 0.0385078676 -0.110439241 -0.00173847307 0.0340841673 -0.154157951 0.00650683139 0.0325029343 -0.15545249 0.0170186106 0.0263710748 -0.148496807 0.00427623186 0.0478424914 -0.153653622 0.00650683139 0.0325029343 -0.15545249 -0.00173847307 0.0340841673 -0.154157951 0.00326928007 0.04484367 -0.110792123 0.0217262246 0.034887448 -0.110742554 0.0226406138 0.033181455 -0.0986825153 -0.00346430624 0.0321017392 -0.110770226 0.0158783961 0.0241162851 -0.111282155 0.0101427399 0.0385078676 -0.110439241 -0.00346430624 0.0321017392 -0.110770226 0.016473202 0.0210816283 -0.113109387 0.0153562203 0.0212162659 -0.100893624 0.0217262246 0.034887448 -0.110742554 0.0158783961 0.0241162851 -0.111282155 0.0217877608 0.0351540074 -0.148531288 0.0158783961 0.0241162851 -0.111282155 0.0170186106 0.0263710748 -0.148496807 0.0217877608 0.0351540074 -0.148531288 -0.00346430624 0.0321017392 -0.110770226 0.0153562203 0.0212162659 -0.100893624 0.0158783961 0.0241162851 -0.111282155 0.0101427399 0.0385078676 -0.110439241 0.0217877608 0.0351540074 -0.148531288 0.0111606903 0.0412854813 -0.153780743 0.0101427399 0.0385078676 -0.110439241 0.0217262246 0.034887448 -0.110742554 0.0217877608 0.0351540074 -0.148531288 0.0158783961 0.0241162851 -0.111282155 0.00650683139 0.0325029343 -0.15545249 0.0170186106 0.0263710748 -0.148496807 0.0107429335 0.0348892771 -0.113975577 0.0115817804 0.0371179096 -0.148201957 0.0178179517 0.0328469276 -0.114415221 0.0101427399 0.0385078676 -0.110439241 0.0111606903 0.0412854813 -0.153780743 0.0107429335 0.0348892771 -0.113975577 0.0101427399 0.0385078676 -0.110439241 0.0107429335 0.0348892771 -0.113975577 0.00896393787 0.0324868746 -0.119384892 0.0107429335 0.0348892771 -0.113975577 0.0111606903 0.0412854813 -0.153780743 0.0115817804 0.0371179096 -0.148201957 0.0101427399 0.0385078676 -0.110439241 0.0158783961 0.0241162851 -0.111282155 0.0178179517 0.0328469276 -0.114415221 0.0217262246 0.034887448 -0.110742554 0.0178179517 0.0328469276 -0.114415221 0.0158783961 0.0241162851 -0.111282155 0.00928095728 0.0338373482 -0.156050339 0.000357312209 0.037586309 -0.157185107 0.0110510299 0.0421386771 -0.156527445 0.000656357617 0.0386855751 -0.112675034 0.000357312209 0.037586309 -0.157185107 0.00928095728 0.0338373482 -0.156050339 0.000656357617 0.0386855751 -0.112675034 0.0110510299 0.0421386771 -0.156527445 0.000357312209 0.037586309 -0.157185107 0.000656357617 0.0386855751 -0.112675034 0.00928095728 0.0338373482 -0.156050339 0.0110510299 0.0421386771 -0.156527445 0.0282599442 0.0442513227 -0.119263425 0.0342942029 0.0512932129 -0.143607482 0.0272972528 0.0444189012 -0.147488087 0.027476605 0.050769832 -0.117255487 0.0342942029 0.0512932129 -0.143607482 0.0282599442 0.0442513227 -0.119263425 0.0236092247 0.0464365557 -0.137482405 0.0282599442 0.0442513227 -0.119263425 0.0272972528 0.0444189012 -0.147488087 0.0186713655 0.0506515615 -0.146280885 0.0236092247 0.0464365557 -0.137482405 0.0272972528 0.0444189012 -0.147488087 0.0246613771 0.0588601679 -0.145656988 0.0342942029 0.0512932129 -0.143607482 0.027476605 0.050769832 -0.117255487 0.0219799783 0.0520312637 -0.1050044 0.0246613771 0.0588601679 -0.145656988 0.027476605 0.050769832 -0.117255487 0.0194742177 0.0473537929 -0.103687488 0.027476605 0.050769832 -0.117255487 0.0282599442 0.0442513227 -0.119263425 0.0323453024 0.0477887839 -0.102118336 0.0194742177 0.0473537929 -0.103687488 0.027476605 0.050769832 -0.117255487 0.0247183163 0.035840068 -0.104400016 0.0323453024 0.0477887839 -0.102118336 0.0194742177 0.0473537929 -0.103687488 0.0329377092 0.0461750254 -0.0919227898 0.0323453024 0.0477887839 -0.102118336 0.0247183163 0.035840068 -0.104400016 0.0238986164 0.0348236784 -0.0931131467 0.0247183163 0.035840068 -0.104400016 0.025547279 0.0384392776 -0.105699547 0.00789985061 0.0507882535 -0.104519911 0.0194742177 0.0473537929 -0.103687488 0.0323453024 0.0477887839 -0.102118336 0.00699879322 0.0486900434 -0.102976017 0.025547279 0.0384392776 -0.105699547 0.00789985061 0.0507882535 -0.104519911 0.0153650967 0.0608890802 -0.103252821 0.0194742177 0.0473537929 -0.103687488 0.00789985061 0.0507882535 -0.104519911 0.0153650967 0.0608890802 -0.103252821 0.00789985061 0.0507882535 -0.104519911 0.025547279 0.0384392776 -0.105699547 0.0309904572 0.046742145 -0.104394592 0.0153650967 0.0608890802 -0.103252821 0.0329377092 0.0461750254 -0.0919227898 0.0309904572 0.046742145 -0.104394592 0.0329377092 0.0461750254 -0.0919227898 0.0247183163 0.035840068 -0.104400016 0.00789985061 0.0507882535 -0.104519911 0.025547279 0.0384392776 -0.105699547 0.0247183163 0.035840068 -0.104400016 0.0309904572 0.046742145 -0.104394592 0.0247183163 0.035840068 -0.104400016 0.025547279 0.0384392776 -0.105699547 0.0309904572 0.046742145 -0.104394592 0.0194742177 0.0473537929 -0.103687488 0.0153650967 0.0608890802 -0.103252821 0.00968913827 0.0539535508 -0.145767987 0.0272972528 0.0444189012 -0.147488087 0.0184468906 0.0656550974 -0.145224527 0.0194742177 0.0473537929 -0.103687488 0.0236092247 0.0464365557 -0.137482405 0.0186713655 0.0506515615 -0.146280885 0.0153650967 0.0608890802 -0.103252821 0.0323453024 0.0477887839 -0.102118336 0.0329377092 0.0461750254 -0.0919227898 0.0153650967 0.0608890802 -0.103252821 0.00789985061 0.0507882535 -0.104519911 0.0323453024 0.0477887839 -0.102118336 0.00699879322 0.0486900434 -0.102976017 0.0247183163 0.035840068 -0.104400016 0.0194742177 0.0473537929 -0.103687488 0.00699879322 0.0486900434 -0.102976017 0.0194742177 0.0473537929 -0.103687488 0.00789985061 0.0507882535 -0.104519911 0.00699879322 0.0486900434 -0.102976017 0.00789985061 0.0507882535 -0.104519911 0.0247183163 0.035840068 -0.104400016 0.00699879322 0.0486900434 -0.102976017 0.0247183163 0.035840068 -0.104400016 0.0238986164 0.0348236784 -0.0931131467 0.025547279 0.0384392776 -0.105699547 0.0272972528 0.0444189012 -0.147488087 0.0342942029 0.0512932129 -0.143607482 0.0309904572 0.046742145 -0.104394592 0.025547279 0.0384392776 -0.105699547 0.0342942029 0.0512932129 -0.143607482 0.00699879322 0.0486900434 -0.102976017 0.025547279 0.0384392776 -0.105699547 0.0247183163 0.035840068 -0.104400016 0.00699879322 0.0486900434 -0.102976017 0.0238986164 0.0348236784 -0.0931131467 0.025547279 0.0384392776 -0.105699547 0.0309904572 0.046742145 -0.104394592 0.0219799783 0.0520312637 -0.1050044 0.0194742177 0.0473537929 -0.103687488 0.0309904572 0.046742145 -0.104394592 0.0246613771 0.0588601679 -0.145656988 0.0219799783 0.0520312637 -0.1050044 0.0309904572 0.046742145 -0.104394592 0.0342942029 0.0512932129 -0.143607482 0.0246613771 0.0588601679 -0.145656988 0.00789985061 0.0507882535 -0.104519911 0.0186713655 0.0506515615 -0.146280885 0.025547279 0.0384392776 -0.105699547 0.025547279 0.0384392776 -0.105699547 0.0186713655 0.0506515615 -0.146280885 0.0272972528 0.0444189012 -0.147488087 0.0194742177 0.0473537929 -0.103687488 0.0219799783 0.0520312637 -0.1050044 0.027476605 0.050769832 -0.117255487 0.0194742177 0.0473537929 -0.103687488 0.0282599442 0.0442513227 -0.119263425 0.0236092247 0.0464365557 -0.137482405 0.00789985061 0.0507882535 -0.104519911 0.0194742177 0.0473537929 -0.103687488 0.0186713655 0.0506515615 -0.146280885 0.0222815778 0.0616151132 -0.148288101 0.0222905539 0.0508645661 -0.138546675 0.0138460509 0.0556094907 -0.149672642 0.0125224451 0.0560602359 -0.104804806 0.0222815778 0.0616151132 -0.148288101 0.0138460509 0.0556094907 -0.149672642 0.0125224451 0.0560602359 -0.104804806 0.0138460509 0.0556094907 -0.149672642 0.0222905539 0.0508645661 -0.138546675 0.0125224451 0.0560602359 -0.104804806 0.0222905539 0.0508645661 -0.138546675 0.0222815778 0.0616151132 -0.148288101 0.0261572748 0.0403126888 -0.0655980259 -0.00197773939 0.0344794132 -0.0705383793 -0.0184352845 0.0515775904 -0.0640094578 0.0209749844 0.0109508224 -0.0640738606 -0.00197773939 0.0344794132 -0.0705383793 0.0261572748 0.0403126888 -0.0655980259 -0.0277583711 0.0242395382 -0.0643998682 -0.0184352845 0.0515775904 -0.0640094578 -0.0163806286 0.0412585065 -0.0656011999 -0.0101930238 0.00152313709 -0.0641991943 -0.0277583711 0.0242395382 -0.0643998682 -0.0163806286 0.0412585065 -0.0656011999 -0.0101930238 0.00152313709 -0.0641991943 -0.0163806286 0.0412585065 -0.0656011999 0.0209749844 0.0109508224 -0.0640738606 -0.0269183517 0.0265104007 -0.0705999956 -0.00660180673 0.00133102352 -0.0706033707 -0.0210817307 0.0461800918 -0.0721023902 0.0162464753 0.00911164563 -0.0721894801 -0.0210817307 0.0461800918 -0.0721023902 -0.00660180673 0.00133102352 -0.0706033707 -0.0184185952 0.00367052527 -0.0722000077 0.0162464753 0.00911164563 -0.0721894801 -0.00660180673 0.00133102352 -0.0706033707 -0.0184185952 0.00367052527 -0.0722000077 -0.00660180673 0.00133102352 -0.0706033707 -0.0269183517 0.0265104007 -0.0705999956 -0.0184185952 0.00367052527 -0.0722000077 -0.0269183517 0.0265104007 -0.0705999956 -0.0210817307 0.0461800918 -0.0721023902 0.0109673543 0.0557944477 -0.0706000775 -0.0210817307 0.0461800918 -0.0721023902 -0.00197773939 0.0344794132 -0.0705383793 0.0274259802 0.0414322428 -0.0721998438 -0.0210817307 0.0461800918 -0.0721023902 0.0109673543 0.0557944477 -0.0706000775 0.0162464753 0.00911164563 -0.0721894801 -0.00197773939 0.0344794132 -0.0705383793 0.0209749844 0.0109508224 -0.0640738606 0.0274259802 0.0414322428 -0.0721998438 0.0109673543 0.0557944477 -0.0706000775 -0.00197773939 0.0344794132 -0.0705383793 0.0274259802 0.0414322428 -0.0721998438 -0.00197773939 0.0344794132 -0.0705383793 0.0162464753 0.00911164563 -0.0721894801 0.0274259802 0.0414322428 -0.0721998438 -0.0184185952 0.00367052527 -0.0722000077 -0.0210817307 0.0461800918 -0.0721023902 0.0274259802 0.0414322428 -0.0721998438 0.0162464753 0.00911164563 -0.0721894801 -0.0184185952 0.00367052527 -0.0722000077 -0.0101930238 0.00152313709 -0.0641991943 -0.0184352845 0.0515775904 -0.0640094578 -0.0277583711 0.0242395382 -0.0643998682 -0.0101930238 0.00152313709 -0.0641991943 0.0209749844 0.0109508224 -0.0640738606 0.0261572748 0.0403126888 -0.0655980259 -0.0101930238 0.00152313709 -0.0641991943 0.0261572748 0.0403126888 -0.0655980259 -0.0184352845 0.0515775904 -0.0640094578 -0.0210817307 0.0461800918 -0.0721023902 -0.0184352845 0.0515775904 -0.0640094578 -0.00197773939 0.0344794132 -0.0705383793 -0.0210817307 0.0461800918 -0.0721023902 -0.0163806286 0.0412585065 -0.0656011999 -0.0184352845 0.0515775904 -0.0640094578 0.0162464753 0.00911164563 -0.0721894801 -0.0163806286 0.0412585065 -0.0656011999 -0.0210817307 0.0461800918 -0.0721023902 0.0162464753 0.00911164563 -0.0721894801 0.0209749844 0.0109508224 -0.0640738606 -0.0163806286 0.0412585065 -0.0656011999 -0.0023216363 0.0134460758 -0.17597875 0.00182942546 0.0198610909 -0.173972443 -0.0104927756 0.0207679588 -0.177899703 0.00795858353 0.0338297524 -0.169998199 0.0134077361 0.0399123766 -0.168472305 0.000919046637 0.0418370105 -0.171933591 0.00370491412 -0.00555628398 -0.146978408 -0.00226795301 -0.00766677363 -0.137031198 -0.00365573051 -0.00193653465 -0.14407745 -0.0160053913 -0.00109861349 -0.177456543 -0.00621382101 -0.00456578704 -0.170822531 -0.0171215069 -0.00922801718 -0.177777544 0.0148009462 0.0332901478 -0.209481299 0.00484169414 0.0328730866 -0.187228784 0.0178781543 0.0264431853 -0.187026024 -0.00387309515 0.0189263262 -0.165659413 -0.0123658264 0.0162697732 -0.178703696 -0.0151342917 0.00551626086 -0.160106823 0.027448168 0.042253159 -0.149983183 0.0108614331 0.0359695517 -0.163065806 0.0167067833 0.0244674124 -0.155857101 0.0144489128 0.0197633598 -0.163733095 0.0167067833 0.0244674124 -0.155857101 0.0108614331 0.0359695517 -0.163065806 -0.00837735832 -0.0131399091 -0.168340281 -0.0151342917 0.00551626086 -0.160106823 -0.0183775369 -0.0102023091 -0.171580642 0.0203374457 0.0677537695 -0.161217034 0.00792923849 0.0525951274 -0.16917567 0.00988754537 0.0535646677 -0.151022419 -0.00659352262 0.0257770978 -0.177171364 -0.0123658264 0.0162697732 -0.178703696 -0.0151342917 0.00551626086 -0.160106823 -0.00416432926 0.0327513479 -0.158151448 -0.00659352262 0.0257770978 -0.177171364 -0.00387309515 0.0189263262 -0.165659413 -0.00659352262 0.0257770978 -0.177171364 -0.0151342917 0.00551626086 -0.160106823 -0.00387309515 0.0189263262 -0.165659413 -0.00837735832 -0.0131399091 -0.168340281 -0.0183775369 -0.0102023091 -0.171580642 -0.0123658264 0.0162697732 -0.178703696 0.0245806966 0.054475002 -0.156324878 0.0108614331 0.0359695517 -0.163065806 0.00792923849 0.0525951274 -0.16917567 0.00721954042 0.00806467514 -0.161810458 0.00583806261 -0.00663217437 -0.159966141 0.0144489128 0.0197633598 -0.163733095 -0.0068832566 -0.0128085138 -0.15943554 -0.0183775369 -0.0102023091 -0.171580642 -0.00837735832 -0.0131399091 -0.168340281 0.0114430534 0.017211156 -0.161359295 0.0144489128 0.0197633598 -0.163733095 -0.00416432926 0.0327513479 -0.158151448 0.0114430534 0.017211156 -0.161359295 -0.00183339021 0.0117542855 -0.165522352 0.0144489128 0.0197633598 -0.163733095 -0.00183339021 0.0117542855 -0.165522352 -0.0151342917 0.00551626086 -0.160106823 0.0144489128 0.0197633598 -0.163733095 -0.00183339021 0.0117542855 -0.165522352 -0.00387309515 0.0189263262 -0.165659413 -0.0151342917 0.00551626086 -0.160106823 0.0114430534 0.017211156 -0.161359295 -0.00416432926 0.0327513479 -0.158151448 -0.00387309515 0.0189263262 -0.165659413 0.00721954042 0.00806467514 -0.161810458 0.0144489128 0.0197633598 -0.163733095 -0.0151342917 0.00551626086 -0.160106823 -0.00416432926 0.0327513479 -0.158151448 0.0167067833 0.0244674124 -0.155857101 0.0144489128 0.0197633598 -0.163733095 -0.00416432926 0.0327513479 -0.158151448 0.0144489128 0.0197633598 -0.163733095 0.0108614331 0.0359695517 -0.163065806 0.00291176629 0.043238841 -0.164664775 0.0108614331 0.0359695517 -0.163065806 0.027448168 0.042253159 -0.149983183 -0.0068832566 -0.0128085138 -0.15943554 0.00583806261 -0.00663217437 -0.159966141 -0.0151342917 0.00551626086 -0.160106823 -0.00183339021 0.0117542855 -0.165522352 0.0144489128 0.0197633598 -0.163733095 -0.00387309515 0.0189263262 -0.165659413 -0.00183339021 0.0117542855 -0.165522352 0.00583806261 -0.00663217437 -0.159966141 -0.0068832566 -0.0128085138 -0.15943554 0.00291176629 0.043238841 -0.164664775 0.0108614331 0.0359695517 -0.163065806 -0.00659352262 0.0257770978 -0.177171364 0.0299118944 0.0586770587 -0.147710726 0.027448168 0.042253159 -0.149983183 0.0245806966 0.054475002 -0.156324878 -0.000635470904 0.0163604971 -0.171392441 -0.00659352262 0.0257770978 -0.177171364 0.0108614331 0.0359695517 -0.163065806 -0.00183339021 0.0117542855 -0.165522352 0.0144489128 0.0197633598 -0.163733095 0.00583806261 -0.00663217437 -0.159966141 0.0245806966 0.054475002 -0.156324878 0.027448168 0.042253159 -0.149983183 0.0108614331 0.0359695517 -0.163065806 -0.000635470904 0.0163604971 -0.171392441 0.0108614331 0.0359695517 -0.163065806 0.0144489128 0.0197633598 -0.163733095 -0.000635470904 0.0163604971 -0.171392441 0.0144489128 0.0197633598 -0.163733095 -0.00183339021 0.0117542855 -0.165522352 -0.000635470904 0.0163604971 -0.171392441 -0.00183339021 0.0117542855 -0.165522352 -0.00837735832 -0.0131399091 -0.168340281 -0.00183339021 0.0117542855 -0.165522352 -0.0068832566 -0.0128085138 -0.15943554 -0.00837735832 -0.0131399091 -0.168340281 0.0144489128 0.0197633598 -0.163733095 0.0108614331 0.0359695517 -0.163065806 0.027448168 0.042253159 -0.149983183 0.0144489128 0.0197633598 -0.163733095 0.027448168 0.042253159 -0.149983183 0.0167067833 0.0244674124 -0.155857101 0.0299118944 0.0586770587 -0.147710726 0.0245806966 0.054475002 -0.156324878 0.0203374457 0.0677537695 -0.161217034 -0.0068832566 -0.0128085138 -0.15943554 -0.0151342917 0.00551626086 -0.160106823 -0.0183775369 -0.0102023091 -0.171580642 0.0299118944 0.0586770587 -0.147710726 0.00988754537 0.0535646677 -0.151022419 0.027448168 0.042253159 -0.149983183 0.0299118944 0.0586770587 -0.147710726 0.0203374457 0.0677537695 -0.161217034 0.00988754537 0.0535646677 -0.151022419 -0.00416432926 0.0327513479 -0.158151448 0.00291176629 0.043238841 -0.164664775 -0.00659352262 0.0257770978 -0.177171364 -0.0183775369 -0.0102023091 -0.171580642 -0.0151342917 0.00551626086 -0.160106823 -0.0123658264 0.0162697732 -0.178703696 0.00291176629 0.043238841 -0.164664775 0.027448168 0.042253159 -0.149983183 0.00988754537 0.0535646677 -0.151022419 0.00291176629 0.043238841 -0.164664775 0.00988754537 0.0535646677 -0.151022419 0.00792923849 0.0525951274 -0.16917567 0.00721954042 0.00806467514 -0.161810458 -0.0151342917 0.00551626086 -0.160106823 0.00583806261 -0.00663217437 -0.159966141 0.0114430534 0.017211156 -0.161359295 -0.00387309515 0.0189263262 -0.165659413 0.0144489128 0.0197633598 -0.163733095 0.0245806966 0.054475002 -0.156324878 0.00792923849 0.0525951274 -0.16917567 0.0203374457 0.0677537695 -0.161217034 0.00291176629 0.043238841 -0.164664775 0.00792923849 0.0525951274 -0.16917567 0.0108614331 0.0359695517 -0.163065806 -0.000635470904 0.0163604971 -0.171392441 -0.0123658264 0.0162697732 -0.178703696 -0.00659352262 0.0257770978 -0.177171364 -0.000635470904 0.0163604971 -0.171392441 -0.00837735832 -0.0131399091 -0.168340281 -0.0123658264 0.0162697732 -0.178703696 -0.00416432926 0.0327513479 -0.158151448 0.0108614331 0.0359695517 -0.163065806 0.00291176629 0.043238841 -0.164664775 0.0181188341 -0.0215621702 -0.242314816 0.00282442174 -0.0200551115 -0.224257141 0.00773240253 -0.024560459 -0.241748884 0.010921713 -0.0151303485 -0.240814134 0.00282442174 -0.0200551115 -0.224257141 0.0181188341 -0.0215621702 -0.242314816 0.00179656886 -0.011167679 -0.223537236 0.00282442174 -0.0200551115 -0.224257141 0.010921713 -0.0151303485 -0.240814134 0.0305906553 -0.0266797449 -0.260753721 0.010921713 -0.0151303485 -0.240814134 0.0181188341 -0.0215621702 -0.242314816 0.0305906553 -0.0266797449 -0.260753721 0.0181188341 -0.0215621702 -0.242314816 0.00773240253 -0.024560459 -0.241748884 0.0305906553 -0.0266797449 -0.260753721 0.00773240253 -0.024560459 -0.241748884 0.010921713 -0.0151303485 -0.240814134 0.00179656886 -0.011167679 -0.223537236 0.010921713 -0.0151303485 -0.240814134 0.00773240253 -0.024560459 -0.241748884 0.00179656886 -0.011167679 -0.223537236 0.00773240253 -0.024560459 -0.241748884 0.00282442174 -0.0200551115 -0.224257141 0.0131755332 -0.015535566 -0.240492895 0.00537912128 -0.0164003652 -0.224453256 0.00905581564 -0.0246452335 -0.23978357 0.0246706437 -0.0253267866 -0.249000162 0.0131755332 -0.015535566 -0.240492895 0.00905581564 -0.0246452335 -0.23978357 0.0246706437 -0.0253267866 -0.249000162 0.00537912128 -0.0164003652 -0.224453256 0.0131755332 -0.015535566 -0.240492895 0.0246706437 -0.0253267866 -0.249000162 0.00905581564 -0.0246452335 -0.23978357 0.00537912128 -0.0164003652 -0.224453256 0.0031121124 0.0099982284 -0.14197132 0.00197153795 0.0174297299 -0.14277409 0.00861294009 0.0144663975 -0.149741322 0.0110005513 0.0337245688 -0.14746584 0.01795654 0.0298714098 -0.136840254 0.0150277037 0.03708978 -0.136757582 0.022417808 0.0487763137 -0.13381198 0.02731614 0.0527715273 -0.128883645 0.0289026331 0.0455952547 -0.134856328 0.0123059591 0.0190319587 -0.105176836 -0.00698397029 0.0277453121 -0.104469158 -0.0116884997 0.0137434127 -0.103619725 -0.0116884997 0.0137434127 -0.103619725 0.00926299021 0.00420640316 -0.105671741 -0.00698397029 0.0277453121 -0.104469158 0.0123059591 0.0190319587 -0.105176836 0.00926299021 0.00420640316 -0.105671741 -0.0116884997 0.0137434127 -0.103619725 0.0238986164 0.0348236784 -0.0931131467 0.0329377092 0.0461750254 -0.0919227898 0.0142005272 0.0582357496 -0.0893456787 0.0153562203 0.0212162659 -0.100893624 0.0123059591 0.0190319587 -0.105176836 -0.00698397029 0.0277453121 -0.104469158 0.0238986164 0.0348236784 -0.0931131467 0.0226406138 0.033181455 -0.0986825153 0.00464511709 0.0466131158 -0.095590882 0.0329377092 0.0461750254 -0.0919227898 0.00464511709 0.0466131158 -0.095590882 0.0142005272 0.0582357496 -0.0893456787 -0.0116884997 0.0137434127 -0.103619725 0.00926299021 0.00420640316 -0.105671741 0.00248091202 -0.00758658163 -0.101667941 0.0294321328 0.00981082581 -0.24983561 0.0169128999 0.000593269942 -0.236174375 0.0422521718 -0.00045265985 -0.25645414 0.0217105653 0.0132702552 -0.234399453 0.0294321328 0.00981082581 -0.24983561 0.0422521718 -0.00045265985 -0.25645414 0.0179889034 0.0065367003 -0.231458157 0.0294321328 0.00981082581 -0.24983561 0.0217105653 0.0132702552 -0.234399453 0.0179889034 0.0065367003 -0.231458157 0.0169128999 0.000593269942 -0.236174375 0.0294321328 0.00981082581 -0.24983561 0.0430369228 -0.00826805551 -0.259566396 0.0422521718 -0.00045265985 -0.25645414 0.0169128999 0.000593269942 -0.236174375 0.0265379194 0.0028018509 -0.249830693 0.0179889034 0.0065367003 -0.231458157 0.0422521718 -0.00045265985 -0.25645414 0.0179889034 0.0065367003 -0.231458157 0.0217105653 0.0132702552 -0.234399453 0.0422521718 -0.00045265985 -0.25645414 0.0265379194 0.0028018509 -0.249830693 0.0422521718 -0.00045265985 -0.25645414 0.0430369228 -0.00826805551 -0.259566396 0.0265379194 0.0028018509 -0.249830693 0.0430369228 -0.00826805551 -0.259566396 0.0169128999 0.000593269942 -0.236174375 0.0265379194 0.0028018509 -0.249830693 0.0169128999 0.000593269942 -0.236174375 0.0179889034 0.0065367003 -0.231458157 0.0195848122 0.0150975315 -0.232171819 0.0195806995 0.00803558715 -0.231011346 0.0322442167 0.00507787056 -0.248746142 0.0260112584 0.00103316351 -0.249968499 0.0322442167 0.00507787056 -0.248746142 0.0195806995 0.00803558715 -0.231011346 0.00676261215 0.0144803338 -0.226232871 0.0247357376 0.00673282705 -0.254167736 0.0133579634 0.00114068377 -0.231666684 0.00676261215 0.0144803338 -0.226232871 0.0133579634 0.00114068377 -0.231666684 0.0195848122 0.0150975315 -0.232171819 0.0467133261 0.00253452873 -0.260332346 0.0260112584 0.00103316351 -0.249968499 0.0247357376 0.00673282705 -0.254167736 0.0133579634 0.00114068377 -0.231666684 0.0247357376 0.00673282705 -0.254167736 0.0260112584 0.00103316351 -0.249968499 0.00676261215 0.0144803338 -0.226232871 0.0195848122 0.0150975315 -0.232171819 0.0247357376 0.00673282705 -0.254167736 0.0247357376 0.00673282705 -0.254167736 0.0195848122 0.0150975315 -0.232171819 0.0322442167 0.00507787056 -0.248746142 0.0467133261 0.00253452873 -0.260332346 0.0247357376 0.00673282705 -0.254167736 0.0322442167 0.00507787056 -0.248746142 0.0467133261 0.00253452873 -0.260332346 0.0322442167 0.00507787056 -0.248746142 0.0260112584 0.00103316351 -0.249968499 0.0133579634 0.00114068377 -0.231666684 0.0195806995 0.00803558715 -0.231011346 0.0195848122 0.0150975315 -0.232171819 0.0133579634 0.00114068377 -0.231666684 0.0260112584 0.00103316351 -0.249968499 0.0195806995 0.00803558715 -0.231011346 0.0388010517 0.0561569221 -0.209453896 0.0540277734 0.0538141504 -0.226412579 0.0432191789 0.0493771024 -0.223579973 0.0445009582 0.055453103 -0.223934546 0.0357108787 0.0567663945 -0.208484277 0.036217656 0.0530459471 -0.218885854 0.017647624 0.0327564478 -0.0853401646 0.0246232972 0.0299912766 -0.103298403 0.0271765366 0.027542742 -0.0744591802 0.0177598409 0.0501158349 -0.0694570914 0.0259721205 0.0436918698 -0.0690924525 0.0187024027 0.0530843996 -0.0698838085 0.0306622647 0.0178142563 -0.0692213476 0.0271765366 0.027542742 -0.0744591802 0.0157242958 0.00391817419 -0.0696471408 0.0306622647 0.0178142563 -0.0692213476 0.0259721205 0.0436918698 -0.0690924525 0.0271765366 0.027542742 -0.0744591802 0.00249478035 -0.0147720585 -0.157815978 -0.0113091208 -0.0143317441 -0.156395733 0.00187643396 -0.0146627305 -0.143865377 0.000486744393 -0.0134916445 -0.123778738 0.00187643396 -0.0146627305 -0.143865377 -0.0113091208 -0.0143317441 -0.156395733 -0.00976430066 -0.00860709604 -0.0955420509 0.000486744393 -0.0134916445 -0.123778738 -0.0113091208 -0.0143317441 -0.156395733 0.0200948752 0.0154341031 -0.0898999125 0.0306622647 0.0178142563 -0.0692213476 0.0157242958 0.00391817419 -0.0696471408 0.0237529073 0.0182853509 -0.0895316154 0.0306622647 0.0178142563 -0.0692213476 0.0200948752 0.0154341031 -0.0898999125 0.0177598409 0.0501158349 -0.0694570914 0.0271765366 0.027542742 -0.0744591802 0.0259721205 0.0436918698 -0.0690924525 0.0350013524 0.0330014825 -0.0800071955 0.0306622647 0.0178142563 -0.0692213476 0.0237529073 0.0182853509 -0.0895316154 0.00396001386 -0.00365471561 -0.07729543 -0.00821330305 -0.00154335983 -0.069318682 -0.00673192367 -0.00100912782 -0.0797530785 0.021347668 0.00836920831 -0.0745893642 0.0157242958 0.00391817419 -0.0696471408 0.00396001386 -0.00365471561 -0.07729543 0.00396001386 -0.00365471561 -0.07729543 0.0157242958 0.00391817419 -0.0696471408 -0.00821330305 -0.00154335983 -0.069318682 0.0388942584 0.056160491 -0.13419807 0.0392248929 0.0511770658 -0.0937619507 0.0350013524 0.0330014825 -0.0800071955 0.00506245391 -0.00823788159 -0.127326712 0.00207510823 -0.0136246011 -0.10306149 0.00249478035 -0.0147720585 -0.157815978 0.0190021228 0.0270209946 -0.118560754 0.0125549044 0.0164910164 -0.159922555 0.022936115 0.0346546508 -0.145700395 0.0190021228 0.0270209946 -0.118560754 0.022936115 0.0346546508 -0.145700395 0.0388942584 0.056160491 -0.13419807 0.00990326982 -0.00428329781 -0.102830477 0.00207510823 -0.0136246011 -0.10306149 0.00506245391 -0.00823788159 -0.127326712 0.0169177651 0.00524763856 -0.0998054966 0.00990326982 -0.00428329781 -0.102830477 0.00506245391 -0.00823788159 -0.127326712 0.0190021228 0.0270209946 -0.118560754 0.00506245391 -0.00823788159 -0.127326712 0.0125549044 0.0164910164 -0.159922555 0.0125549044 0.0164910164 -0.159922555 0.00506245391 -0.00823788159 -0.127326712 0.00249478035 -0.0147720585 -0.157815978 0.0190021228 0.0270209946 -0.118560754 0.0388942584 0.056160491 -0.13419807 0.0350013524 0.0330014825 -0.0800071955 0.0190021228 0.0270209946 -0.118560754 0.0350013524 0.0330014825 -0.0800071955 0.0237529073 0.0182853509 -0.0895316154 0.0169177651 0.00524763856 -0.0998054966 0.0190021228 0.0270209946 -0.118560754 0.0237529073 0.0182853509 -0.0895316154 0.0169177651 0.00524763856 -0.0998054966 0.00506245391 -0.00823788159 -0.127326712 0.0190021228 0.0270209946 -0.118560754 -0.0101883868 -0.0112309176 -0.101022713 -0.0113146165 -0.0143990023 -0.132193342 0.00207510823 -0.0136246011 -0.10306149 -0.00310493982 -0.0179691296 -0.157513291 0.00207510823 -0.0136246011 -0.10306149 -0.0113146165 -0.0143990023 -0.132193342 -0.0118275918 -0.0161698442 -0.157540083 -0.00310493982 -0.0179691296 -0.157513291 -0.0113146165 -0.0143990023 -0.132193342 -0.0118275918 -0.0161698442 -0.157540083 -0.0113091208 -0.0143317441 -0.156395733 -0.00310493982 -0.0179691296 -0.157513291 -0.00310493982 -0.0179691296 -0.157513291 -0.0113091208 -0.0143317441 -0.156395733 0.00249478035 -0.0147720585 -0.157815978 0.0276162568 0.0636760518 -0.114173532 0.0392248929 0.0511770658 -0.0937619507 0.0388942584 0.056160491 -0.13419807 0.0288834404 0.0653921515 -0.145751074 0.0388942584 0.056160491 -0.13419807 0.0375720076 0.055713363 -0.144381121 0.0288834404 0.0653921515 -0.145751074 0.0276162568 0.0636760518 -0.114173532 0.0388942584 0.056160491 -0.13419807 0.0375720076 0.055713363 -0.144381121 0.0388942584 0.056160491 -0.13419807 0.022936115 0.0346546508 -0.145700395 0.0277017374 0.063795425 -0.144009665 0.0288834404 0.0653921515 -0.145751074 0.0375720076 0.055713363 -0.144381121 -0.00310493982 -0.0179691296 -0.157513291 0.00249478035 -0.0147720585 -0.157815978 0.00207510823 -0.0136246011 -0.10306149 0.0169177651 0.00524763856 -0.0998054966 0.0237529073 0.0182853509 -0.0895316154 0.0200948752 0.0154341031 -0.0898999125 0.0392248929 0.0511770658 -0.0937619507 0.0177598409 0.0501158349 -0.0694570914 0.0350013524 0.0330014825 -0.0800071955 0.025210198 0.0603537075 -0.0928274617 0.0392248929 0.0511770658 -0.0937619507 0.0276162568 0.0636760518 -0.114173532 0.0211363044 0.0420130491 -0.0765365809 0.0177598409 0.0501158349 -0.0694570914 0.025210198 0.0603537075 -0.0928274617 0.0277017374 0.063795425 -0.144009665 0.0276162568 0.0636760518 -0.114173532 0.0288834404 0.0653921515 -0.145751074 0.025210198 0.0603537075 -0.0928274617 0.0276162568 0.0636760518 -0.114173532 0.0277017374 0.063795425 -0.144009665 0.025210198 0.0603537075 -0.0928274617 0.0177598409 0.0501158349 -0.0694570914 0.0392248929 0.0511770658 -0.0937619507 0.0350013524 0.0330014825 -0.0800071955 0.0177598409 0.0501158349 -0.0694570914 0.0259721205 0.0436918698 -0.0690924525 0.0350013524 0.0330014825 -0.0800071955 0.0259721205 0.0436918698 -0.0690924525 0.0306622647 0.0178142563 -0.0692213476 0.0153336991 0.00913490541 -0.0895159245 0.0200948752 0.0154341031 -0.0898999125 0.021347668 0.00836920831 -0.0745893642 0.00642047916 -0.00254891673 -0.0920025781 0.0200948752 0.0154341031 -0.0898999125 0.0153336991 0.00913490541 -0.0895159245 0.0111510437 0.00820948556 -0.0767815113 0.00642047916 -0.00254891673 -0.0920025781 0.0153336991 0.00913490541 -0.0895159245 0.0111510437 0.00820948556 -0.0767815113 0.0157242958 0.00391817419 -0.0696471408 -0.00673192367 -0.00100912782 -0.0797530785 0.0111510437 0.00820948556 -0.0767815113 0.021347668 0.00836920831 -0.0745893642 0.00396001386 -0.00365471561 -0.07729543 -0.00673192367 -0.00100912782 -0.0797530785 -0.00821330305 -0.00154335983 -0.069318682 0.0157242958 0.00391817419 -0.0696471408 -0.0118275918 -0.0161698442 -0.157540083 -0.0113146165 -0.0143990023 -0.132193342 -0.0113091208 -0.0143317441 -0.156395733 -0.0113146165 -0.0143990023 -0.132193342 -0.00976430066 -0.00860709604 -0.0955420509 -0.0113091208 -0.0143317441 -0.156395733 -0.0101883868 -0.0112309176 -0.101022713 -0.00976430066 -0.00860709604 -0.0955420509 -0.0113146165 -0.0143990023 -0.132193342 0.00342135737 -0.0118489536 -0.103809543 0.000486744393 -0.0134916445 -0.123778738 -0.00976430066 -0.00860709604 -0.0955420509 0.00342135737 -0.0118489536 -0.103809543 -0.00976430066 -0.00860709604 -0.0955420509 0.00642047916 -0.00254891673 -0.0920025781 0.00990326982 -0.00428329781 -0.102830477 0.00396001386 -0.00365471561 -0.07729543 0.00207510823 -0.0136246011 -0.10306149 0.00207510823 -0.0136246011 -0.10306149 -0.00673192367 -0.00100912782 -0.0797530785 -0.00976430066 -0.00860709604 -0.0955420509 -0.0101883868 -0.0112309176 -0.101022713 0.00207510823 -0.0136246011 -0.10306149 -0.00976430066 -0.00860709604 -0.0955420509 -0.00673192367 -0.00100912782 -0.0797530785 0.0157242958 0.00391817419 -0.0696471408 0.0271765366 0.027542742 -0.0744591802 -0.00673192367 -0.00100912782 -0.0797530785 0.0271765366 0.027542742 -0.0744591802 0.0200948752 0.0154341031 -0.0898999125 0.0111510437 0.00820948556 -0.0767815113 -0.00673192367 -0.00100912782 -0.0797530785 0.0200948752 0.0154341031 -0.0898999125 0.0111510437 0.00820948556 -0.0767815113 0.0200948752 0.0154341031 -0.0898999125 0.021347668 0.00836920831 -0.0745893642 -0.00673192367 -0.00100912782 -0.0797530785 0.0200948752 0.0154341031 -0.0898999125 -0.00976430066 -0.00860709604 -0.0955420509 0.0111510437 0.00820948556 -0.0767815113 0.0153336991 0.00913490541 -0.0895159245 0.0200948752 0.0154341031 -0.0898999125 0.00642047916 -0.00254891673 -0.0920025781 -0.00976430066 -0.00860709604 -0.0955420509 0.0200948752 0.0154341031 -0.0898999125 0.00207510823 -0.0136246011 -0.10306149 0.00396001386 -0.00365471561 -0.07729543 -0.00673192367 -0.00100912782 -0.0797530785 0.00642047916 -0.00254891673 -0.0920025781 0.00396001386 -0.00365471561 -0.07729543 0.00990326982 -0.00428329781 -0.102830477 0.0111510437 0.00820948556 -0.0767815113 0.00396001386 -0.00365471561 -0.07729543 0.00642047916 -0.00254891673 -0.0920025781 0.0204439946 0.0319920443 -0.123820662 0.0375720076 0.055713363 -0.144381121 0.022936115 0.0346546508 -0.145700395 0.0101076327 0.0127705112 -0.143886521 0.022936115 0.0346546508 -0.145700395 0.0125549044 0.0164910164 -0.159922555 0.00479064276 -0.00653276406 -0.124581993 0.010027987 0.0127932737 -0.123990491 0.0101076327 0.0127705112 -0.143886521 0.00479064276 -0.00653276406 -0.124581993 0.0101076327 0.0127705112 -0.143886521 0.00187643396 -0.0146627305 -0.143865377 0.0101076327 0.0127705112 -0.143886521 0.00249478035 -0.0147720585 -0.157815978 0.00187643396 -0.0146627305 -0.143865377 0.0101076327 0.0127705112 -0.143886521 0.0125549044 0.0164910164 -0.159922555 0.00249478035 -0.0147720585 -0.157815978 0.0363835432 0.0541403443 -0.124226019 0.0375720076 0.055713363 -0.144381121 0.0204439946 0.0319920443 -0.123820662 0.00342135737 -0.0118489536 -0.103809543 0.00642047916 -0.00254891673 -0.0920025781 0.00990326982 -0.00428329781 -0.102830477 0.0329530947 0.0409850627 -0.103111826 0.0246232972 0.0299912766 -0.103298403 0.0271765366 0.027542742 -0.0744591802 0.0388148613 0.0509729162 -0.100234315 0.0363835432 0.0541403443 -0.124226019 0.0329530947 0.0409850627 -0.103111826 0.00673156232 -0.00372197712 -0.104500987 0.000486744393 -0.0134916445 -0.123778738 0.00342135737 -0.0118489536 -0.103809543 0.00673156232 -0.00372197712 -0.104500987 0.00479064276 -0.00653276406 -0.124581993 0.000486744393 -0.0134916445 -0.123778738 0.0363835432 0.0541403443 -0.124226019 0.025210198 0.0603537075 -0.0928274617 0.0277017374 0.063795425 -0.144009665 0.0363835432 0.0541403443 -0.124226019 0.0277017374 0.063795425 -0.144009665 0.0375720076 0.055713363 -0.144381121 0.0388148613 0.0509729162 -0.100234315 0.025210198 0.0603537075 -0.0928274617 0.0363835432 0.0541403443 -0.124226019 0.0143422568 0.00439222576 -0.104149543 0.010027987 0.0127932737 -0.123990491 0.00479064276 -0.00653276406 -0.124581993 0.010027987 0.0127932737 -0.123990491 0.0246232972 0.0299912766 -0.103298403 0.0204439946 0.0319920443 -0.123820662 0.0155144408 0.00977598131 -0.104513012 0.0246232972 0.0299912766 -0.103298403 0.010027987 0.0127932737 -0.123990491 0.010027987 0.0127932737 -0.123990491 0.022936115 0.0346546508 -0.145700395 0.0101076327 0.0127705112 -0.143886521 0.010027987 0.0127932737 -0.123990491 0.0204439946 0.0319920443 -0.123820662 0.022936115 0.0346546508 -0.145700395 0.0388148613 0.0509729162 -0.100234315 0.0329530947 0.0409850627 -0.103111826 0.0211363044 0.0420130491 -0.0765365809 0.0329530947 0.0409850627 -0.103111826 0.0204439946 0.0319920443 -0.123820662 0.0246232972 0.0299912766 -0.103298403 0.00479064276 -0.00653276406 -0.124581993 0.00187643396 -0.0146627305 -0.143865377 0.000486744393 -0.0134916445 -0.123778738 0.0329530947 0.0409850627 -0.103111826 0.0363835432 0.0541403443 -0.124226019 0.0204439946 0.0319920443 -0.123820662 0.0112935184 0.0118773254 -0.103602506 0.00673156232 -0.00372197712 -0.104500987 0.00990326982 -0.00428329781 -0.102830477 0.0112935184 0.0118773254 -0.103602506 0.0143422568 0.00439222576 -0.104149543 0.00673156232 -0.00372197712 -0.104500987 0.0112935184 0.0118773254 -0.103602506 0.010027987 0.0127932737 -0.123990491 0.0143422568 0.00439222576 -0.104149543 0.0143422568 0.00439222576 -0.104149543 0.00479064276 -0.00653276406 -0.124581993 0.00673156232 -0.00372197712 -0.104500987 0.0112935184 0.0118773254 -0.103602506 0.0155144408 0.00977598131 -0.104513012 0.010027987 0.0127932737 -0.123990491 0.0112935184 0.0118773254 -0.103602506 0.0246232972 0.0299912766 -0.103298403 0.0155144408 0.00977598131 -0.104513012 0.0169177651 0.00524763856 -0.0998054966 0.0200948752 0.0154341031 -0.0898999125 0.0246232972 0.0299912766 -0.103298403 0.0169177651 0.00524763856 -0.0998054966 0.0246232972 0.0299912766 -0.103298403 0.00990326982 -0.00428329781 -0.102830477 0.0200948752 0.0154341031 -0.0898999125 0.0271765366 0.027542742 -0.0744591802 0.0246232972 0.0299912766 -0.103298403 0.0112935184 0.0118773254 -0.103602506 0.00990326982 -0.00428329781 -0.102830477 0.0246232972 0.0299912766 -0.103298403 0.00673156232 -0.00372197712 -0.104500987 0.00342135737 -0.0118489536 -0.103809543 0.00990326982 -0.00428329781 -0.102830477 0.0388148613 0.0509729162 -0.100234315 0.0211363044 0.0420130491 -0.0765365809 0.025210198 0.0603537075 -0.0928274617 0.0211363044 0.0420130491 -0.0765365809 0.0271765366 0.027542742 -0.0744591802 0.0177598409 0.0501158349 -0.0694570914 0.0329530947 0.0409850627 -0.103111826 0.0271765366 0.027542742 -0.0744591802 0.0211363044 0.0420130491 -0.0765365809 0.021347668 0.00836920831 -0.0745893642 0.0200948752 0.0154341031 -0.0898999125 0.0157242958 0.00391817419 -0.0696471408 0.00400397088 0.0597856045 -0.0780805275 7.73562788e-05 0.0620427951 -0.0952472165 -0.00722726621 0.058924742 -0.0693119168 -0.00223177858 0.0387491621 -0.166489571 0.01329323 0.0593305677 -0.15879257 -0.000893093704 0.0495743304 -0.1592011 -0.0251537152 0.00951761845 -0.0694899336 -0.031760335 0.025692638 -0.0722985715 -0.0254589822 0.0355079845 -0.0728287473 -0.0107857864 -0.000267934316 -0.080432713 -0.031760335 0.025692638 -0.0722985715 -0.0251537152 0.00951761845 -0.0694899336 -0.0189366061 0.054327704 -0.0881302878 -0.0254589822 0.0355079845 -0.0728287473 -0.0317022614 0.033574447 -0.0895541608 -0.0317022614 0.033574447 -0.0895541608 -0.0254589822 0.0355079845 -0.0728287473 -0.031760335 0.025692638 -0.0722985715 -0.0189366061 0.054327704 -0.0881302878 0.00400397088 0.0597856045 -0.0780805275 -0.0254589822 0.0355079845 -0.0728287473 -0.0254589822 0.0355079845 -0.0728287473 0.00400397088 0.0597856045 -0.0780805275 0.0187024027 0.0530843996 -0.0698838085 -0.0181892961 -0.00558251236 -0.169453591 -0.0245689135 -0.00160507206 -0.159496963 -0.0223287586 -0.00131918688 -0.163165644 -0.017714154 -0.004007929 -0.167857379 -0.0181892961 -0.00558251236 -0.169453591 -0.0223287586 -0.00131918688 -0.163165644 0.0144438632 0.0701045841 -0.151354939 0.01329323 0.0593305677 -0.15879257 0.0070240451 0.061765261 -0.149717301 0.0141324382 0.060430713 -0.156722009 0.01329323 0.0593305677 -0.15879257 0.0144438632 0.0701045841 -0.151354939 0.00921384338 0.0660392642 -0.0886576921 0.01329323 0.0593305677 -0.15879257 0.00161851046 0.0619433597 -0.0962051004 -0.000802424795 0.0609114617 -0.0890345797 0.01329323 0.0593305677 -0.15879257 0.00921384338 0.0660392642 -0.0886576921 -0.0207978599 0.0524121448 -0.0691761002 -0.0291131493 0.0406570993 -0.0640360191 -0.0231399871 0.0409209505 -0.064009428 -0.0231399871 0.0409209505 -0.064009428 -0.0291131493 0.0406570993 -0.0640360191 -0.0254589822 0.0355079845 -0.0728287473 -0.0291131493 0.0406570993 -0.0640360191 -0.031760335 0.025692638 -0.0722985715 -0.0254589822 0.0355079845 -0.0728287473 -0.0254589822 0.0355079845 -0.0728287473 0.0187024027 0.0530843996 -0.0698838085 -0.00722726621 0.058924742 -0.0693119168 -0.0207978599 0.0524121448 -0.0691761002 -0.0254589822 0.0355079845 -0.0728287473 -0.00722726621 0.058924742 -0.0693119168 -0.0207978599 0.0524121448 -0.0691761002 -0.0231399871 0.0409209505 -0.064009428 -0.0254589822 0.0355079845 -0.0728287473 -0.0107857864 -0.000267934316 -0.080432713 -0.0251537152 0.00951761845 -0.0694899336 -0.00821330305 -0.00154335983 -0.069318682 -0.0182005409 0.0105483625 -0.17140165 -0.00223177858 0.0387491621 -0.166489571 -0.0127395475 0.0271136258 -0.168499604 0.0119224461 0.0573888086 -0.104072571 0.01329323 0.0593305677 -0.15879257 0.0141324382 0.060430713 -0.156722009 0.0204041936 0.0719920993 -0.157428131 0.0141324382 0.060430713 -0.156722009 0.01329323 0.0593305677 -0.15879257 0.0256933179 0.0627188981 -0.102333881 0.0277062934 0.0659012422 -0.151678488 0.0276162568 0.0636760518 -0.114173532 0.015702121 0.0698612034 -0.101368904 0.0256933179 0.0627188981 -0.102333881 0.0276162568 0.0636760518 -0.114173532 0.015702121 0.0698612034 -0.101368904 0.0276162568 0.0636760518 -0.114173532 0.0392248929 0.0511770658 -0.0937619507 0.015702121 0.0698612034 -0.101368904 0.0392248929 0.0511770658 -0.0937619507 0.00921384338 0.0660392642 -0.0886576921 -0.0107857864 -0.000267934316 -0.080432713 -0.00821330305 -0.00154335983 -0.069318682 -0.0101883868 -0.0112309176 -0.101022713 -0.0170903541 -0.00183252769 -0.115130454 -0.0181892961 -0.00558251236 -0.169453591 -0.017714154 -0.004007929 -0.167857379 -0.0182005409 0.0105483625 -0.17140165 -0.017714154 -0.004007929 -0.167857379 -0.0181892961 -0.00558251236 -0.169453591 -0.000811166887 0.0518954098 -0.15804337 0.01329323 0.0593305677 -0.15879257 -0.00223177858 0.0387491621 -0.166489571 -0.0158551652 0.0225585513 -0.168884709 -0.00223177858 0.0387491621 -0.166489571 -0.0182005409 0.0105483625 -0.17140165 0.00852412544 0.072148554 -0.0954673737 0.0392248929 0.0511770658 -0.0937619507 0.0276162568 0.0636760518 -0.114173532 0.00852412544 0.072148554 -0.0954673737 0.00400397088 0.0597856045 -0.0780805275 0.0392248929 0.0511770658 -0.0937619507 0.00921384338 0.0660392642 -0.0886576921 0.0392248929 0.0511770658 -0.0937619507 0.00400397088 0.0597856045 -0.0780805275 0.00400397088 0.0597856045 -0.0780805275 -0.00722726621 0.058924742 -0.0693119168 0.0187024027 0.0530843996 -0.0698838085 -0.0207978599 0.0524121448 -0.0691761002 -0.00722726621 0.058924742 -0.0693119168 7.73562788e-05 0.0620427951 -0.0952472165 -0.0259583611 0.047761187 -0.0900477991 -0.0207978599 0.0524121448 -0.0691761002 7.73562788e-05 0.0620427951 -0.0952472165 -0.0259583611 0.047761187 -0.0900477991 -0.0291131493 0.0406570993 -0.0640360191 -0.0207978599 0.0524121448 -0.0691761002 -0.0259583611 0.047761187 -0.0900477991 -0.031760335 0.025692638 -0.0722985715 -0.0291131493 0.0406570993 -0.0640360191 -0.0315794908 0.0239611547 -0.0906480849 -0.0251537152 0.00951761845 -0.0694899336 -0.031760335 0.025692638 -0.0722985715 -0.0177721269 0.00188181142 -0.0874357298 -0.00821330305 -0.00154335983 -0.069318682 -0.0251537152 0.00951761845 -0.0694899336 -0.0177721269 0.00188181142 -0.0874357298 -0.0101883868 -0.0112309176 -0.101022713 -0.00821330305 -0.00154335983 -0.069318682 -0.0147260856 -0.00988564733 -0.101628505 -0.0101883868 -0.0112309176 -0.101022713 -0.0177721269 0.00188181142 -0.0874357298 -0.018374389 -0.0135538802 -0.149678603 -0.0181892961 -0.00558251236 -0.169453591 -0.0122824553 -0.0153877158 -0.163511768 -0.023891747 -0.00998315495 -0.16618298 -0.018374389 -0.0135538802 -0.149678603 -0.028583305 0.000496837834 -0.0980653539 -0.028583305 0.000496837834 -0.0980653539 -0.018374389 -0.0135538802 -0.149678603 -0.0147260856 -0.00988564733 -0.101628505 -0.023891747 -0.00998315495 -0.16618298 -0.0182005409 0.0105483625 -0.17140165 -0.0181892961 -0.00558251236 -0.169453591 -0.023891747 -0.00998315495 -0.16618298 -0.0158551652 0.0225585513 -0.168884709 -0.0182005409 0.0105483625 -0.17140165 -0.000811166887 0.0518954098 -0.15804337 0.0204041936 0.0719920993 -0.157428131 0.01329323 0.0593305677 -0.15879257 -0.0138240159 0.0366559997 -0.123954788 -0.0315794908 0.0239611547 -0.0906480849 -0.0259583611 0.047761187 -0.0900477991 -0.0315794908 0.0239611547 -0.0906480849 -0.031760335 0.025692638 -0.0722985715 -0.0259583611 0.047761187 -0.0900477991 -0.0239817537 0.0161444992 -0.101379834 -0.0251537152 0.00951761845 -0.0694899336 -0.0315794908 0.0239611547 -0.0906480849 -0.0239817537 0.0161444992 -0.101379834 -0.0177721269 0.00188181142 -0.0874357298 -0.0251537152 0.00951761845 -0.0694899336 -0.0239817537 0.0161444992 -0.101379834 -0.028583305 0.000496837834 -0.0980653539 -0.0177721269 0.00188181142 -0.0874357298 -0.023891747 -0.00998315495 -0.16618298 -0.0181892961 -0.00558251236 -0.169453591 -0.018374389 -0.0135538802 -0.149678603 -0.0138240159 0.0366559997 -0.123954788 -0.000811166887 0.0518954098 -0.15804337 -0.0158551652 0.0225585513 -0.168884709 -0.0138240159 0.0366559997 -0.123954788 7.73562788e-05 0.0620427951 -0.0952472165 -0.000811166887 0.0518954098 -0.15804337 0.00852412544 0.072148554 -0.0954673737 -0.000811166887 0.0518954098 -0.15804337 7.73562788e-05 0.0620427951 -0.0952472165 -0.0158551652 0.0225585513 -0.168884709 -0.000811166887 0.0518954098 -0.15804337 -0.00223177858 0.0387491621 -0.166489571 -0.0239817537 0.0161444992 -0.101379834 -0.0138240159 0.0366559997 -0.123954788 -0.0158551652 0.0225585513 -0.168884709 0.00852412544 0.072148554 -0.0954673737 7.73562788e-05 0.0620427951 -0.0952472165 0.00400397088 0.0597856045 -0.0780805275 0.00852412544 0.072148554 -0.0954673737 0.0204041936 0.0719920993 -0.157428131 -0.000811166887 0.0518954098 -0.15804337 -0.0138240159 0.0366559997 -0.123954788 -0.0259583611 0.047761187 -0.0900477991 7.73562788e-05 0.0620427951 -0.0952472165 -0.023891747 -0.00998315495 -0.16618298 -0.028583305 0.000496837834 -0.0980653539 -0.0158551652 0.0225585513 -0.168884709 -0.0239817537 0.0161444992 -0.101379834 -0.0315794908 0.0239611547 -0.0906480849 -0.0138240159 0.0366559997 -0.123954788 -0.0261268839 0.00553633086 -0.0993463472 -0.0107857864 -0.000267934316 -0.080432713 -0.0101883868 -0.0112309176 -0.101022713 0.0132947108 0.0696479529 -0.10322661 0.0144438632 0.0701045841 -0.151354939 0.0277062934 0.0659012422 -0.151678488 0.00245779334 0.0622110926 -0.104813769 0.0144438632 0.0701045841 -0.151354939 0.0132947108 0.0696479529 -0.10322661 -0.020630395 -0.012955768 -0.167685211 -0.0223287586 -0.00131918688 -0.163165644 -0.0245689135 -0.00160507206 -0.159496963 -0.0261456687 0.00257279328 -0.115800656 -0.020630395 -0.012955768 -0.167685211 -0.0245689135 -0.00160507206 -0.159496963 -0.0220817458 -0.00715145329 -0.114386387 -0.020630395 -0.012955768 -0.167685211 -0.0261456687 0.00257279328 -0.115800656 -0.020630395 -0.012955768 -0.167685211 -0.0182005409 0.0105483625 -0.17140165 -0.0223287586 -0.00131918688 -0.163165644 -0.000802424795 0.0609114617 -0.0890345797 0.00400397088 0.0597856045 -0.0780805275 -0.0189366061 0.054327704 -0.0881302878 -0.0116489707 0.0387623422 -0.123185463 0.0070240451 0.061765261 -0.149717301 -0.000802424795 0.0609114617 -0.0890345797 -0.0116489707 0.0387623422 -0.123185463 -0.0189366061 0.054327704 -0.0881302878 -0.0317022614 0.033574447 -0.0895541608 -0.0196506213 0.0230604652 -0.112766907 -0.0116489707 0.0387623422 -0.123185463 -0.0317022614 0.033574447 -0.0895541608 -0.0261268839 0.00553633086 -0.0993463472 -0.0317022614 0.033574447 -0.0895541608 -0.031760335 0.025692638 -0.0722985715 -0.0261268839 0.00553633086 -0.0993463472 -0.031760335 0.025692638 -0.0722985715 -0.0107857864 -0.000267934316 -0.080432713 -0.0196506213 0.0230604652 -0.112766907 -0.0317022614 0.033574447 -0.0895541608 -0.0261268839 0.00553633086 -0.0993463472 0.015702121 0.0698612034 -0.101368904 0.00921384338 0.0660392642 -0.0886576921 0.00161851046 0.0619433597 -0.0962051004 -0.000802424795 0.0609114617 -0.0890345797 0.00921384338 0.0660392642 -0.0886576921 0.00400397088 0.0597856045 -0.0780805275 -0.0122063216 -0.0032423276 -0.101389259 -0.0101883868 -0.0112309176 -0.101022713 -0.0257984623 0.0019517364 -0.103442252 -0.0122063216 -0.0032423276 -0.101389259 -0.0261268839 0.00553633086 -0.0993463472 -0.0101883868 -0.0112309176 -0.101022713 0.00245779334 0.0622110926 -0.104813769 0.0132947108 0.0696479529 -0.10322661 0.0119224461 0.0573888086 -0.104072571 0.0132947108 0.0696479529 -0.10322661 0.0256933179 0.0627188981 -0.102333881 0.0119224461 0.0573888086 -0.104072571 0.015702121 0.0698612034 -0.101368904 0.00161851046 0.0619433597 -0.0962051004 0.0119224461 0.0573888086 -0.104072571 0.015702121 0.0698612034 -0.101368904 0.0119224461 0.0573888086 -0.104072571 0.0256933179 0.0627188981 -0.102333881 -0.0257984623 0.0019517364 -0.103442252 -0.0220817458 -0.00715145329 -0.114386387 -0.0170903541 -0.00183252769 -0.115130454 -0.0220817458 -0.00715145329 -0.114386387 -0.0261456687 0.00257279328 -0.115800656 -0.0170903541 -0.00183252769 -0.115130454 -0.0116489707 0.0387623422 -0.123185463 -0.000802424795 0.0609114617 -0.0890345797 -0.0189366061 0.054327704 -0.0881302878 -0.0116489707 0.0387623422 -0.123185463 -0.000893093704 0.0495743304 -0.1592011 0.0070240451 0.061765261 -0.149717301 -0.0116489707 0.0387623422 -0.123185463 -0.0127395475 0.0271136258 -0.168499604 -0.000893093704 0.0495743304 -0.1592011 0.00245779334 0.0622110926 -0.104813769 0.0119224461 0.0573888086 -0.104072571 0.0141324382 0.060430713 -0.156722009 0.00245779334 0.0622110926 -0.104813769 0.0141324382 0.060430713 -0.156722009 0.0144438632 0.0701045841 -0.151354939 0.0119224461 0.0573888086 -0.104072571 0.00161851046 0.0619433597 -0.0962051004 0.01329323 0.0593305677 -0.15879257 -0.000802424795 0.0609114617 -0.0890345797 0.0070240451 0.061765261 -0.149717301 0.01329323 0.0593305677 -0.15879257 -0.0122063216 -0.0032423276 -0.101389259 -0.0257984623 0.0019517364 -0.103442252 -0.0170903541 -0.00183252769 -0.115130454 -0.0122063216 -0.0032423276 -0.101389259 -0.0170903541 -0.00183252769 -0.115130454 -0.017714154 -0.004007929 -0.167857379 -0.0170903541 -0.00183252769 -0.115130454 -0.0245689135 -0.00160507206 -0.159496963 -0.0181892961 -0.00558251236 -0.169453591 -0.0261456687 0.00257279328 -0.115800656 -0.0245689135 -0.00160507206 -0.159496963 -0.0170903541 -0.00183252769 -0.115130454 -0.0261268839 0.00553633086 -0.0993463472 -0.017714154 -0.004007929 -0.167857379 -0.0223287586 -0.00131918688 -0.163165644 -0.0122063216 -0.0032423276 -0.101389259 -0.017714154 -0.004007929 -0.167857379 -0.0261268839 0.00553633086 -0.0993463472 0.0132947108 0.0696479529 -0.10322661 0.0277062934 0.0659012422 -0.151678488 0.0256933179 0.0627188981 -0.102333881 0.0204041936 0.0719920993 -0.157428131 0.0144438632 0.0701045841 -0.151354939 0.0141324382 0.060430713 -0.156722009 0.0277062934 0.0659012422 -0.151678488 0.0144438632 0.0701045841 -0.151354939 0.0204041936 0.0719920993 -0.157428131 -0.0107526798 -0.0124126924 -0.113727607 -0.0220817458 -0.00715145329 -0.114386387 -0.0257984623 0.0019517364 -0.103442252 -0.020630395 -0.012955768 -0.167685211 -0.017714154 -0.004007929 -0.167857379 -0.0182005409 0.0105483625 -0.17140165 -0.020630395 -0.012955768 -0.167685211 -0.0181892961 -0.00558251236 -0.169453591 -0.017714154 -0.004007929 -0.167857379 -0.020630395 -0.012955768 -0.167685211 -0.0122824553 -0.0153877158 -0.163511768 -0.0181892961 -0.00558251236 -0.169453591 -0.0239817537 0.0161444992 -0.101379834 -0.0158551652 0.0225585513 -0.168884709 -0.028583305 0.000496837834 -0.0980653539 -0.0261268839 0.00553633086 -0.0993463472 -0.0223287586 -0.00131918688 -0.163165644 -0.0182005409 0.0105483625 -0.17140165 -0.0196506213 0.0230604652 -0.112766907 -0.0261268839 0.00553633086 -0.0993463472 -0.0182005409 0.0105483625 -0.17140165 -0.0196506213 0.0230604652 -0.112766907 -0.0127395475 0.0271136258 -0.168499604 -0.0116489707 0.0387623422 -0.123185463 -0.0196506213 0.0230604652 -0.112766907 -0.0182005409 0.0105483625 -0.17140165 -0.0127395475 0.0271136258 -0.168499604 -0.0127395475 0.0271136258 -0.168499604 -0.00223177858 0.0387491621 -0.166489571 -0.000893093704 0.0495743304 -0.1592011 0.0070240451 0.061765261 -0.149717301 -0.000893093704 0.0495743304 -0.1592011 0.01329323 0.0593305677 -0.15879257 0.0277062934 0.0659012422 -0.151678488 0.0204041936 0.0719920993 -0.157428131 0.0276162568 0.0636760518 -0.114173532 0.00852412544 0.072148554 -0.0954673737 0.0276162568 0.0636760518 -0.114173532 0.0204041936 0.0719920993 -0.157428131 -0.0107526798 -0.0124126924 -0.113727607 -0.018374389 -0.0135538802 -0.149678603 -0.0122824553 -0.0153877158 -0.163511768 -0.0107526798 -0.0124126924 -0.113727607 -0.0101883868 -0.0112309176 -0.101022713 -0.0147260856 -0.00988564733 -0.101628505 -0.0107526798 -0.0124126924 -0.113727607 -0.0147260856 -0.00988564733 -0.101628505 -0.018374389 -0.0135538802 -0.149678603 -0.0107526798 -0.0124126924 -0.113727607 -0.0122824553 -0.0153877158 -0.163511768 -0.020630395 -0.012955768 -0.167685211 -0.0107526798 -0.0124126924 -0.113727607 -0.020630395 -0.012955768 -0.167685211 -0.0220817458 -0.00715145329 -0.114386387 -0.0107526798 -0.0124126924 -0.113727607 -0.0257984623 0.0019517364 -0.103442252 -0.0101883868 -0.0112309176 -0.101022713 -0.028583305 0.000496837834 -0.0980653539 -0.0147260856 -0.00988564733 -0.101628505 -0.0177721269 0.00188181142 -0.0874357298 -0.0182836764 0.0484611616 -0.0654082149 0.014231775 0.0514699593 -0.0639085472 -0.00686928025 0.054497011 -0.0539759323 0.0107120406 0.0526710302 -0.0530147478 -0.00686928025 0.054497011 -0.0539759323 0.014231775 0.0514699593 -0.0639085472 -0.0218436569 0.0441830568 -0.0545884073 -0.0182836764 0.0484611616 -0.0654082149 -0.00686928025 0.054497011 -0.0539759323 -0.0314697288 0.0256637931 -0.0560921468 -0.0218436569 0.0441830568 -0.0545884073 -0.0244735759 0.0187191311 -0.0585705675 -0.0128400978 0.00472717592 -0.0627047569 -0.0147468112 -0.000355782802 -0.0649311692 -0.0244735759 0.0187191311 -0.0585705675 0.0078723859 0.0592359304 -0.065010339 -0.0182836764 0.0484611616 -0.0654082149 -0.0109938094 0.0577797629 -0.0689747706 -0.0287487172 0.0157193188 -0.067928873 -0.0244735759 0.0187191311 -0.0585705675 -0.0147468112 -0.000355782802 -0.0649311692 0.023068469 0.0415508449 -0.0627517477 0.014231775 0.0514699593 -0.0639085472 0.026937997 0.0453944355 -0.0679564327 0.0261140931 0.0341381691 -0.0636109188 0.023068469 0.0415508449 -0.0627517477 0.026937997 0.0453944355 -0.0679564327 -0.0273745824 0.0460143015 -0.0542088374 -0.0182836764 0.0484611616 -0.0654082149 -0.0218436569 0.0441830568 -0.0545884073 -0.0273745824 0.0460143015 -0.0542088374 -0.0218436569 0.0441830568 -0.0545884073 -0.0314697288 0.0256637931 -0.0560921468 -0.0157824773 0.000318935723 -0.053026408 -0.0147468112 -0.000355782802 -0.0649311692 0.00806543697 -0.00237998785 -0.0650376156 0.00959994551 -0.00185684371 -0.0530057698 -0.0157824773 0.000318935723 -0.053026408 0.00806543697 -0.00237998785 -0.0650376156 -0.0148739126 0.0565414503 -0.0530080721 -0.00686928025 0.054497011 -0.0539759323 -0.0109938094 0.0577797629 -0.0689747706 0.0242941771 0.0184754394 -0.0621209294 0.00959994551 -0.00185684371 -0.0530057698 0.0277659986 0.0128881186 -0.0530121885 0.0131923612 0.0053555253 -0.0658214465 -0.0128400978 0.00472717592 -0.0627047569 0.00959994551 -0.00185684371 -0.0530057698 0.0131923612 0.0053555253 -0.0658214465 0.00959994551 -0.00185684371 -0.0530057698 0.0242941771 0.0184754394 -0.0621209294 -0.0157824773 0.000318935723 -0.053026408 -0.0128400978 0.00472717592 -0.0627047569 -0.0244735759 0.0187191311 -0.0585705675 -0.0157824773 0.000318935723 -0.053026408 -0.0244735759 0.0187191311 -0.0585705675 -0.0314697288 0.0256637931 -0.0560921468 -0.0148739126 0.0565414503 -0.0530080721 -0.0273745824 0.0460143015 -0.0542088374 -0.0218436569 0.0441830568 -0.0545884073 -0.0148739126 0.0565414503 -0.0530080721 -0.0218436569 0.0441830568 -0.0545884073 -0.00686928025 0.054497011 -0.0539759323 -0.00376621168 0.0598265491 -0.0530010499 -0.0148739126 0.0565414503 -0.0530080721 -0.00686928025 0.054497011 -0.0539759323 0.0165878106 0.0557884462 -0.053005252 -0.00376621168 0.0598265491 -0.0530010499 0.0107120406 0.0526710302 -0.0530147478 -0.00376621168 0.0598265491 -0.0530010499 -0.00686928025 0.054497011 -0.0539759323 0.0107120406 0.0526710302 -0.0530147478 0.0315060318 0.0347387828 -0.0531010106 0.023068469 0.0415508449 -0.0627517477 0.0261140931 0.0341381691 -0.0636109188 0.0315060318 0.0347387828 -0.0531010106 0.0107120406 0.0526710302 -0.0530147478 0.023068469 0.0415508449 -0.0627517477 0.0315060318 0.0347387828 -0.0531010106 0.0165878106 0.0557884462 -0.053005252 0.0107120406 0.0526710302 -0.0530147478 0.00959994551 -0.00185684371 -0.0530057698 -0.0128400978 0.00472717592 -0.0627047569 -0.0157824773 0.000318935723 -0.053026408 0.0315060318 0.0347387828 -0.0531010106 0.0261140931 0.0341381691 -0.0636109188 0.0242941771 0.0184754394 -0.0621209294 0.0131923612 0.0053555253 -0.0658214465 0.00806543697 -0.00237998785 -0.0650376156 -0.0128400978 0.00472717592 -0.0627047569 -0.0303675644 0.031027345 -0.0646283031 -0.0314697288 0.0256637931 -0.0560921468 -0.0244735759 0.0187191311 -0.0585705675 0.0078723859 0.0592359304 -0.065010339 0.014231775 0.0514699593 -0.0639085472 -0.0182836764 0.0484611616 -0.0654082149 0.032059595 0.0267024934 -0.0646286309 0.0242941771 0.0184754394 -0.0621209294 0.0261140931 0.0341381691 -0.0636109188 -0.0273745824 0.0460143015 -0.0542088374 -0.0109938094 0.0577797629 -0.0689747706 -0.0182836764 0.0484611616 -0.0654082149 -0.00376621168 0.0598265491 -0.0530010499 0.0078723859 0.0592359304 -0.065010339 -0.0109938094 0.0577797629 -0.0689747706 -0.00376621168 0.0598265491 -0.0530010499 -0.0109938094 0.0577797629 -0.0689747706 -0.0148739126 0.0565414503 -0.0530080721 -0.0148739126 0.0565414503 -0.0530080721 -0.0109938094 0.0577797629 -0.0689747706 -0.0273745824 0.0460143015 -0.0542088374 0.0165878106 0.0557884462 -0.053005252 0.0078723859 0.0592359304 -0.065010339 -0.00376621168 0.0598265491 -0.0530010499 -0.0303675644 0.031027345 -0.0646283031 -0.0244735759 0.0187191311 -0.0585705675 -0.0287487172 0.0157193188 -0.067928873 0.0260234233 0.0105445813 -0.0684391856 0.00806543697 -0.00237998785 -0.0650376156 0.0131923612 0.0053555253 -0.0658214465 0.0260234233 0.0105445813 -0.0684391856 0.0131923612 0.0053555253 -0.0658214465 0.0242941771 0.0184754394 -0.0621209294 0.0260234233 0.0105445813 -0.0684391856 0.0242941771 0.0184754394 -0.0621209294 0.032059595 0.0267024934 -0.0646286309 0.032059595 0.0267024934 -0.0646286309 0.0261140931 0.0341381691 -0.0636109188 0.026937997 0.0453944355 -0.0679564327 0.026937997 0.0453944355 -0.0679564327 0.014231775 0.0514699593 -0.0639085472 0.0078723859 0.0592359304 -0.065010339 0.0260234233 0.0105445813 -0.0684391856 0.0277659986 0.0128881186 -0.0530121885 0.00959994551 -0.00185684371 -0.0530057698 0.0165878106 0.0557884462 -0.053005252 0.026937997 0.0453944355 -0.0679564327 0.0078723859 0.0592359304 -0.065010339 0.032059595 0.0267024934 -0.0646286309 0.026937997 0.0453944355 -0.0679564327 0.0315060318 0.0347387828 -0.0531010106 0.0315060318 0.0347387828 -0.0531010106 0.026937997 0.0453944355 -0.0679564327 0.0165878106 0.0557884462 -0.053005252 0.0260234233 0.0105445813 -0.0684391856 0.032059595 0.0267024934 -0.0646286309 0.0277659986 0.0128881186 -0.0530121885 0.032059595 0.0267024934 -0.0646286309 0.0315060318 0.0347387828 -0.0531010106 0.0277659986 0.0128881186 -0.0530121885 0.0260234233 0.0105445813 -0.0684391856 0.00959994551 -0.00185684371 -0.0530057698 0.00806543697 -0.00237998785 -0.0650376156 -0.0303675644 0.031027345 -0.0646283031 -0.0287487172 0.0157193188 -0.067928873 -0.0314697288 0.0256637931 -0.0560921468 -0.0157824773 0.000318935723 -0.053026408 -0.0314697288 0.0256637931 -0.0560921468 -0.0287487172 0.0157193188 -0.067928873 -0.0157824773 0.000318935723 -0.053026408 -0.0287487172 0.0157193188 -0.067928873 -0.0147468112 -0.000355782802 -0.0649311692 0.0315060318 0.0347387828 -0.0531010106 0.0242941771 0.0184754394 -0.0621209294 0.0277659986 0.0128881186 -0.0530121885 0.00806543697 -0.00237998785 -0.0650376156 -0.0147468112 -0.000355782802 -0.0649311692 -0.0128400978 0.00472717592 -0.0627047569 0.023068469 0.0415508449 -0.0627517477 0.0107120406 0.0526710302 -0.0530147478 0.014231775 0.0514699593 -0.0639085472 0.00451109651 -0.01173345 -0.12444219 0.018831199 0.0228205062 -0.117035724 0.0162659194 0.00715568895 -0.104223259 0.0144271534 0.0176371485 -0.138225093 0.018831199 0.0228205062 -0.117035724 0.00451109651 -0.01173345 -0.12444219 0.0363670364 0.0508131646 -0.122948475 0.018831199 0.0228205062 -0.117035724 0.0144271534 0.0176371485 -0.138225093 0.0378312245 0.0433943681 -0.100254595 0.0296375994 0.0291186851 -0.0911472067 0.0162659194 0.00715568895 -0.104223259 0.0378312245 0.0433943681 -0.100254595 0.0162659194 0.00715568895 -0.104223259 0.018831199 0.0228205062 -0.117035724 0.00335472031 -0.0149212005 -0.150633886 0.0125544481 0.0154202748 -0.152980253 0.0144271534 0.0176371485 -0.138225093 0.0319675133 0.0455821604 -0.142896459 0.0144271534 0.0176371485 -0.138225093 0.0125544481 0.0154202748 -0.152980253 0.0121532017 0.0140635381 -0.12444789 0.0162659194 0.00715568895 -0.104223259 0.0296375994 0.0291186851 -0.0911472067 0.0245194212 0.0353529267 -0.119814418 0.0363670364 0.0508131646 -0.122948475 0.0319675133 0.0455821604 -0.142896459 0.0245194212 0.0353529267 -0.119814418 0.0378312245 0.0433943681 -0.100254595 0.0363670364 0.0508131646 -0.122948475 0.0245194212 0.0353529267 -0.119814418 0.0319675133 0.0455821604 -0.142896459 0.0125544481 0.0154202748 -0.152980253 0.0245194212 0.0353529267 -0.119814418 0.0125544481 0.0154202748 -0.152980253 0.0121532017 0.0140635381 -0.12444789 0.0121532017 0.0140635381 -0.12444789 0.0125544481 0.0154202748 -0.152980253 0.00451109651 -0.01173345 -0.12444219 0.00335472031 -0.0149212005 -0.150633886 0.00451109651 -0.01173345 -0.12444219 0.0125544481 0.0154202748 -0.152980253 0.0245194212 0.0353529267 -0.119814418 0.0121532017 0.0140635381 -0.12444789 0.0296375994 0.0291186851 -0.0911472067 0.0121532017 0.0140635381 -0.12444789 0.00451109651 -0.01173345 -0.12444219 0.0162659194 0.00715568895 -0.104223259 0.0245194212 0.0353529267 -0.119814418 0.0296375994 0.0291186851 -0.0911472067 0.0378312245 0.0433943681 -0.100254595 0.0378312245 0.0433943681 -0.100254595 0.018831199 0.0228205062 -0.117035724 0.0363670364 0.0508131646 -0.122948475 0.0319675133 0.0455821604 -0.142896459 0.0363670364 0.0508131646 -0.122948475 0.0144271534 0.0176371485 -0.138225093 0.00335472031 -0.0149212005 -0.150633886 0.0144271534 0.0176371485 -0.138225093 0.00451109651 -0.01173345 -0.12444219 0.00559346983 0.00810028799 -0.217916489 -0.00903401989 0.0125664258 -0.184911385 0.00884755608 0.00470234407 -0.196446985 0.00406533154 0.0150583275 -0.213868707 -0.00903401989 0.0125664258 -0.184911385 0.00559346983 0.00810028799 -0.217916489 0.0112884725 0.0117085529 -0.189144731 0.0147785787 0.0173668545 -0.203417763 0.00884755608 0.00470234407 -0.196446985 0.0254304856 0.0479580313 -0.177366346 0.0377388857 0.0574905612 -0.176789686 0.0343651138 0.0506306216 -0.181085974 0.0450179651 0.0225491002 -0.244632795 0.0296930484 0.0353835374 -0.222599372 0.0413372368 0.0319338851 -0.241904929 0.0237324014 0.0274871103 -0.222648859 0.0296930484 0.0353835374 -0.222599372 0.0450179651 0.0225491002 -0.244632795 0.032020662 0.0224474575 -0.238761812 0.0237324014 0.0274871103 -0.222648859 0.0450179651 0.0225491002 -0.244632795 0.032020662 0.0224474575 -0.238761812 0.0296930484 0.0353835374 -0.222599372 0.0237324014 0.0274871103 -0.222648859 0.032020662 0.0224474575 -0.238761812 0.0450179651 0.0225491002 -0.244632795 0.0413372368 0.0319338851 -0.241904929 0.032020662 0.0224474575 -0.238761812 0.0413372368 0.0319338851 -0.241904929 0.0296930484 0.0353835374 -0.222599372 0.0286626741 0.0391543917 -0.219534367 0.0158703607 0.0407469273 -0.211426407 0.0270401984 0.0307610482 -0.220130205 0.0197120104 0.0261730049 -0.219566852 0.0270401984 0.0307610482 -0.220130205 0.0158703607 0.0407469273 -0.211426407 0.0420898423 0.0350585505 -0.244168356 0.0158703607 0.0407469273 -0.211426407 0.0286626741 0.0391543917 -0.219534367 0.0500985943 0.0173983313 -0.251145869 0.0420898423 0.0350585505 -0.244168356 0.0360603221 0.0286949463 -0.239716321 0.0314781107 0.0307283625 -0.243398026 0.0420898423 0.0350585505 -0.244168356 0.0500985943 0.0173983313 -0.251145869 0.0314781107 0.0307283625 -0.243398026 0.0360603221 0.0286949463 -0.239716321 0.0197120104 0.0261730049 -0.219566852 0.0314781107 0.0307283625 -0.243398026 0.0500985943 0.0173983313 -0.251145869 0.0360603221 0.0286949463 -0.239716321 0.0314781107 0.0307283625 -0.243398026 0.0197120104 0.0261730049 -0.219566852 0.0158703607 0.0407469273 -0.211426407 0.0314781107 0.0307283625 -0.243398026 0.0158703607 0.0407469273 -0.211426407 0.0420898423 0.0350585505 -0.244168356 0.0360603221 0.0286949463 -0.239716321 0.0420898423 0.0350585505 -0.244168356 0.0286626741 0.0391543917 -0.219534367 0.0360603221 0.0286949463 -0.239716321 0.0286626741 0.0391543917 -0.219534367 0.0270401984 0.0307610482 -0.220130205 0.0360603221 0.0286949463 -0.239716321 0.0270401984 0.0307610482 -0.220130205 0.0197120104 0.0261730049 -0.219566852 -0.00978951994 -0.000865296926 -0.184942007 0.00492299674 -0.0053298166 -0.198385671 0.00416789856 -0.00225993479 -0.180001065 -0.00759904645 -0.0171990879 -0.207737923 0.00492299674 -0.0053298166 -0.198385671 -0.00978951994 -0.000865296926 -0.184942007 0.00323843374 -0.0116971144 -0.191005036 0.00492299674 -0.0053298166 -0.198385671 0.00416789856 -0.00225993479 -0.180001065 -0.00166546542 -0.00654813554 -0.214631781 -0.00978951994 -0.000865296926 -0.184942007 0.00416789856 -0.00225993479 -0.180001065 -0.00166546542 -0.00654813554 -0.214631781 -0.00759904645 -0.0171990879 -0.207737923 -0.00978951994 -0.000865296926 -0.184942007 -0.00166546542 -0.00654813554 -0.214631781 0.00492299674 -0.0053298166 -0.198385671 -0.00759904645 -0.0171990879 -0.207737923 -0.00166546542 -0.00654813554 -0.214631781 0.00416789856 -0.00225993479 -0.180001065 0.00492299674 -0.0053298166 -0.198385671 0.00839408673 0.0217949096 -0.214577138 0.0147785787 0.0173668545 -0.203417763 -0.0026301234 0.0246979836 -0.184755981 0.0126090227 0.0210060813 -0.181393385 -0.0026301234 0.0246979836 -0.184755981 0.0147785787 0.0173668545 -0.203417763 0.0126090227 0.0210060813 -0.181393385 0.0112884725 0.0117085529 -0.189144731 0.00839408673 0.0217949096 -0.214577138 0.0126090227 0.0210060813 -0.181393385 0.0147785787 0.0173668545 -0.203417763 0.0112884725 0.0117085529 -0.189144731 0.0126090227 0.0210060813 -0.181393385 0.00839408673 0.0217949096 -0.214577138 -0.0026301234 0.0246979836 -0.184755981 0.00839408673 0.0217949096 -0.214577138 -0.0026301234 0.0246979836 -0.184755981 0.00406533154 0.0150583275 -0.213868707 0.00839408673 0.0217949096 -0.214577138 0.0112884725 0.0117085529 -0.189144731 0.0147785787 0.0173668545 -0.203417763 0.0222056471 0.0363354497 -0.178582564 0.0170466863 0.0441117212 -0.201056167 0.0254175514 0.0395233743 -0.193069652 </float_array>
          <technique_common>
            <accessor count="2595" offset="0" source="#mesh_0-positions-array" stride="3">
              <param name="X" type="float" />
              <param name="Y" type="float" />
              <param name="Z" type="float" />
            </accessor>
          </technique_common>
        </source>
        <vertices id="mesh_0-vertices">
          <input semantic="POSITION" source="#mesh_0-positions" />
        </vertices>
        <polylist count="865" material="defaultMaterial">
          <input offset="0" semantic="VERTEX" source="#mesh_0-vertices" />
          <vcount>3 3 3 3 3 3 3 3 3 3 3 3 3 3 3 3 3 3 3 3 3 3 3 3 3 3 3 3 3 3 3 3 3 3 3 3 3 3 3 3 3 3 3 3 3 3 3 3 3 3 3 3 3 3 3 3 3 3 3 3 3 3 3 3 3 3 3 3 3 3 3 3 3 3 3 3 3 3 3 3 3 3 3 3 3 3 3 3 3 3 3 3 3 3 3 3 3 3 3 3 3 3 3 3 3 3 3 3 3 3 3 3 3 3 3 3 3 3 3 3 3 3 3 3 3 3 3 3 3 3 3 3 3 3 3 3 3 3 3 3 3 3 3 3 3 3 3 3 3 3 3 3 3 3 3 3 3 3 3 3 3 3 3 3 3 3 3 3 3 3 3 3 3 3 3 3 3 3 3 3 3 3 3 3 3 3 3 3 3 3 3 3 3 3 3 3 3 3 3 3 3 3 3 3 3 3 3 3 3 3 3 3 3 3 3 3 3 3 3 3 3 3 3 3 3 3 3 3 3 3 3 3 3 3 3 3 3 3 3 3 3 3 3 3 3 3 3 3 3 3 3 3 3 3 3 3 3 3 3 3 3 3 3 3 3 3 3 3 3 3 3 3 3 3 3 3 3 3 3 3 3 3 3 3 3 3 3 3 3 3 3 3 3 3 3 3 3 3 3 3 3 3 3 3 3 3 3 3 3 3 3 3 3 3 3 3 3 3 3 3 3 3 3 3 3 3 3 3 3 3 3 3 3 3 3 3 3 3 3 3 3 3 3 3 3 3 3 3 3 3 3 3 3 3 3 3 3 3 3 3 3 3 3 3 3 3 3 3 3 3 3 3 3 3 3 3 3 3 3 3 3 3 3 3 3 3 3 3 3 3 3 3 3 3 3 3 3 3 3 3 3 3 3 3 3 3 3 3 3 3 3 3 3 3 3 3 3 3 3 3 3 3 3 3 3 3 3 3 3 3 3 3 3 3 3 3 3 3 3 3 3 3 3 3 3 3 3 3 3 3 3 3 3 3 3 3 3 3 3 3 3 3 3 3 3 3 3 3 3 3 3 3 3 3 3 3 3 3 3 3 3 3 3 3 3 3 3 3 3 3 3 3 3 3 3 3 3 3 3 3 3 3 3 3 3 3 3 3 3 3 3 3 3 3 3 3 3 3 3 3 3 3 3 3 3 3 3 3 3 3 3 3 3 3 3 3 3 3 3 3 3 3 3 3 3 3 3 3 3 3 3 3 3 3 3 3 3 3 3 3 3 3 3 3 3 3 3 3 3 3 3 3 3 3 3 3 3 3 3 3 3 3 3 3 3 3 3 3 3 3 3 3 3 3 3 3 3 3 3 3 3 3 3 3 3 3 3 3 3 3 3 3 3 3 3 3 3 3 3 3 3 3 3 3 3 3 3 3 3 3 3 3 3 3 3 3 3 3 3 3 3 3 3 3 3 3 3 3 3 3 3 3 3 3 3 3 3 3 3 3 3 3 3 3 3 3 3 3 3 3 3 3 3 3 3 3 3 3 3 3 3 3 3 3 3 3 3 3 3 3 3 3 3 3 3 3 3 3 3 3 3 3 3 3 3 3 3 3 3 3 3 3 3 3 3 3 3 3 3 3 3 3 3 3 3 3 3 3 3 3 3 3 3 3 3 3 3 3 3 3 3 3 3 3 3 3 3 3 3 3 3 3 3 3 3 3 3 3 3 3 3 3 3 3 3 3 3 3 3 3 3 3 3 3 3 3 3 3 3 3 3 3 3 3 3 3 3 3 3 3 3 3 3 3 3 3 3 3 3 3 3 3 3 3 3 3 3 3 3 3 3 3 3 3 3 3 3 3 3 3 3 3 3 3 3 3 3 3 3 3 3 3 3 3 3 3 3 3 3 3 3 3 3 3 3 3 3 3 3 3 3 3 3 3 3 3 3 3 3 3 3 3 3 3 3 </vcount>
          <p>0 1 2 3 4 5 6 7 8 9 10 11 12 13 14 15 16 17 18 19 20 21 22 23 24 25 26 27 28 29 30 31 32 33 34 35 36 37 38 39 40 41 42 43 44 45 46 47 48 49 50 51 52 53 54 55 56 57 58 59 60 61 62 63 64 65 66 67 68 69 70 71 72 73 74 75 76 77 78 79 80 81 82 83 84 85 86 87 88 89 90 91 92 93 94 95 96 97 98 99 100 101 102 103 104 105 106 107 108 109 110 111 112 113 114 115 116 117 118 119 120 121 122 123 124 125 126 127 128 129 130 131 132 133 134 135 136 137 138 139 140 141 142 143 144 145 146 147 148 149 150 151 152 153 154 155 156 157 158 159 160 161 162 163 164 165 166 167 168 169 170 171 172 173 174 175 176 177 178 179 180 181 182 183 184 185 186 187 188 189 190 191 192 193 194 195 196 197 198 199 200 201 202 203 204 205 206 207 208 209 210 211 212 213 214 215 216 217 218 219 220 221 222 223 224 225 226 227 228 229 230 231 232 233 234 235 236 237 238 239 240 241 242 243 244 245 246 247 248 249 250 251 252 253 254 255 256 257 258 259 260 261 262 263 264 265 266 267 268 269 270 271 272 273 274 275 276 277 278 279 280 281 282 283 284 285 286 287 288 289 290 291 292 293 294 295 296 297 298 299 300 301 302 303 304 305 306 307 308 309 310 311 312 313 314 315 316 317 318 319 320 321 322 323 324 325 326 327 328 329 330 331 332 333 334 335 336 337 338 339 340 341 342 343 344 345 346 347 348 349 350 351 352 353 354 355 356 357 358 359 360 361 362 363 364 365 366 367 368 369 370 371 372 373 374 375 376 377 378 379 380 381 382 383 384 385 386 387 388 389 390 391 392 393 394 395 396 397 398 399 400 401 402 403 404 405 406 407 408 409 410 411 412 413 414 415 416 417 418 419 420 421 422 423 424 425 426 427 428 429 430 431 432 433 434 435 436 437 438 439 440 441 442 443 444 445 446 447 448 449 450 451 452 453 454 455 456 457 458 459 460 461 462 463 464 465 466 467 468 469 470 471 472 473 474 475 476 477 478 479 480 481 482 483 484 485 486 487 488 489 490 491 492 493 494 495 496 497 498 499 500 501 502 503 504 505 506 507 508 509 510 511 512 513 514 515 516 517 518 519 520 521 522 523 524 525 526 527 528 529 530 531 532 533 534 535 536 537 538 539 540 541 542 543 544 545 546 547 548 549 550 551 552 553 554 555 556 557 558 559 560 561 562 563 564 565 566 567 568 569 570 571 572 573 574 575 576 577 578 579 580 581 582 583 584 585 586 587 588 589 590 591 592 593 594 595 596 597 598 599 600 601 602 603 604 605 606 607 608 609 610 611 612 613 614 615 616 617 618 619 620 621 622 623 624 625 626 627 628 629 630 631 632 633 634 635 636 637 638 639 640 641 642 643 644 645 646 647 648 649 650 651 652 653 654 655 656 657 658 659 660 661 662 663 664 665 666 667 668 669 670 671 672 673 674 675 676 677 678 679 680 681 682 683 684 685 686 687 688 689 690 691 692 693 694 695 696 697 698 699 700 701 702 703 704 705 706 707 708 709 710 711 712 713 714 715 716 717 718 719 720 721 722 723 724 725 726 727 728 729 730 731 732 733 734 735 736 737 738 739 740 741 742 743 744 745 746 747 748 749 750 751 752 753 754 755 756 757 758 759 760 761 762 763 764 765 766 767 768 769 770 771 772 773 774 775 776 777 778 779 780 781 782 783 784 785 786 787 788 789 790 791 792 793 794 795 796 797 798 799 800 801 802 803 804 805 806 807 808 809 810 811 812 813 814 815 816 817 818 819 820 821 822 823 824 825 826 827 828 829 830 831 832 833 834 835 836 837 838 839 840 841 842 843 844 845 846 847 848 849 850 851 852 853 854 855 856 857 858 859 860 861 862 863 864 865 866 867 868 869 870 871 872 873 874 875 876 877 878 879 880 881 882 883 884 885 886 887 888 889 890 891 892 893 894 895 896 897 898 899 900 901 902 903 904 905 906 907 908 909 910 911 912 913 914 915 916 917 918 919 920 921 922 923 924 925 926 927 928 929 930 931 932 933 934 935 936 937 938 939 940 941 942 943 944 945 946 947 948 949 950 951 952 953 954 955 956 957 958 959 960 961 962 963 964 965 966 967 968 969 970 971 972 973 974 975 976 977 978 979 980 981 982 983 984 985 986 987 988 989 990 991 992 993 994 995 996 997 998 999 1000 1001 1002 1003 1004 1005 1006 1007 1008 1009 1010 1011 1012 1013 1014 1015 1016 1017 1018 1019 1020 1021 1022 1023 1024 1025 1026 1027 1028 1029 1030 1031 1032 1033 1034 1035 1036 1037 1038 1039 1040 1041 1042 1043 1044 1045 1046 1047 1048 1049 1050 1051 1052 1053 1054 1055 1056 1057 1058 1059 1060 1061 1062 1063 1064 1065 1066 1067 1068 1069 1070 1071 1072 1073 1074 1075 1076 1077 1078 1079 1080 1081 1082 1083 1084 1085 1086 1087 1088 1089 1090 1091 1092 1093 1094 1095 1096 1097 1098 1099 1100 1101 1102 1103 1104 1105 1106 1107 1108 1109 1110 1111 1112 1113 1114 1115 1116 1117 1118 1119 1120 1121 1122 1123 1124 1125 1126 1127 1128 1129 1130 1131 1132 1133 1134 1135 1136 1137 1138 1139 1140 1141 1142 1143 1144 1145 1146 1147 1148 1149 1150 1151 1152 1153 1154 1155 1156 1157 1158 1159 1160 1161 1162 1163 1164 1165 1166 1167 1168 1169 1170 1171 1172 1173 1174 1175 1176 1177 1178 1179 1180 1181 1182 1183 1184 1185 1186 1187 1188 1189 1190 1191 1192 1193 1194 1195 1196 1197 1198 1199 1200 1201 1202 1203 1204 1205 1206 1207 1208 1209 1210 1211 1212 1213 1214 1215 1216 1217 1218 1219 1220 1221 1222 1223 1224 1225 1226 1227 1228 1229 1230 1231 1232 1233 1234 1235 1236 1237 1238 1239 1240 1241 1242 1243 1244 1245 1246 1247 1248 1249 1250 1251 1252 1253 1254 1255 1256 1257 1258 1259 1260 1261 1262 1263 1264 1265 1266 1267 1268 1269 1270 1271 1272 1273 1274 1275 1276 1277 1278 1279 1280 1281 1282 1283 1284 1285 1286 1287 1288 1289 1290 1291 1292 1293 1294 1295 1296 1297 1298 1299 1300 1301 1302 1303 1304 1305 1306 1307 1308 1309 1310 1311 1312 1313 1314 1315 1316 1317 1318 1319 1320 1321 1322 1323 1324 1325 1326 1327 1328 1329 1330 1331 1332 1333 1334 1335 1336 1337 1338 1339 1340 1341 1342 1343 1344 1345 1346 1347 1348 1349 1350 1351 1352 1353 1354 1355 1356 1357 1358 1359 1360 1361 1362 1363 1364 1365 1366 1367 1368 1369 1370 1371 1372 1373 1374 1375 1376 1377 1378 1379 1380 1381 1382 1383 1384 1385 1386 1387 1388 1389 1390 1391 1392 1393 1394 1395 1396 1397 1398 1399 1400 1401 1402 1403 1404 1405 1406 1407 1408 1409 1410 1411 1412 1413 1414 1415 1416 1417 1418 1419 1420 1421 1422 1423 1424 1425 1426 1427 1428 1429 1430 1431 1432 1433 1434 1435 1436 1437 1438 1439 1440 1441 1442 1443 1444 1445 1446 1447 1448 1449 1450 1451 1452 1453 1454 1455 1456 1457 1458 1459 1460 1461 1462 1463 1464 1465 1466 1467 1468 1469 1470 1471 1472 1473 1474 1475 1476 1477 1478 1479 1480 1481 1482 1483 1484 1485 1486 1487 1488 1489 1490 1491 1492 1493 1494 1495 1496 1497 1498 1499 1500 1501 1502 1503 1504 1505 1506 1507 1508 1509 1510 1511 1512 1513 1514 1515 1516 1517 1518 1519 1520 1521 1522 1523 1524 1525 1526 1527 1528 1529 1530 1531 1532 1533 1534 1535 1536 1537 1538 1539 1540 1541 1542 1543 1544 1545 1546 1547 1548 1549 1550 1551 1552 1553 1554 1555 1556 1557 1558 1559 1560 1561 1562 1563 1564 1565 1566 1567 1568 1569 1570 1571 1572 1573 1574 1575 1576 1577 1578 1579 1580 1581 1582 1583 1584 1585 1586 1587 1588 1589 1590 1591 1592 1593 1594 1595 1596 1597 1598 1599 1600 1601 1602 1603 1604 1605 1606 1607 1608 1609 1610 1611 1612 1613 1614 1615 1616 1617 1618 1619 1620 1621 1622 1623 1624 1625 1626 1627 1628 1629 1630 1631 1632 1633 1634 1635 1636 1637 1638 1639 1640 1641 1642 1643 1644 1645 1646 1647 1648 1649 1650 1651 1652 1653 1654 1655 1656 1657 1658 1659 1660 1661 1662 1663 1664 1665 1666 1667 1668 1669 1670 1671 1672 1673 1674 1675 1676 1677 1678 1679 1680 1681 1682 1683 1684 1685 1686 1687 1688 1689 1690 1691 1692 1693 1694 1695 1696 1697 1698 1699 1700 1701 1702 1703 1704 1705 1706 1707 1708 1709 1710 1711 1712 1713 1714 1715 1716 1717 1718 1719 1720 1721 1722 1723 1724 1725 1726 1727 1728 1729 1730 1731 1732 1733 1734 1735 1736 1737 1738 1739 1740 1741 1742 1743 1744 1745 1746 1747 1748 1749 1750 1751 1752 1753 1754 1755 1756 1757 1758 1759 1760 1761 1762 1763 1764 1765 1766 1767 1768 1769 1770 1771 1772 1773 1774 1775 1776 1777 1778 1779 1780 1781 1782 1783 1784 1785 1786 1787 1788 1789 1790 1791 1792 1793 1794 1795 1796 1797 1798 1799 1800 1801 1802 1803 1804 1805 1806 1807 1808 1809 1810 1811 1812 1813 1814 1815 1816 1817 1818 1819 1820 1821 1822 1823 1824 1825 1826 1827 1828 1829 1830 1831 1832 1833 1834 1835 1836 1837 1838 1839 1840 1841 1842 1843 1844 1845 1846 1847 1848 1849 1850 1851 1852 1853 1854 1855 1856 1857 1858 1859 1860 1861 1862 1863 1864 1865 1866 1867 1868 1869 1870 1871 1872 1873 1874 1875 1876 1877 1878 1879 1880 1881 1882 1883 1884 1885 1886 1887 1888 1889 1890 1891 1892 1893 1894 1895 1896 1897 1898 1899 1900 1901 1902 1903 1904 1905 1906 1907 1908 1909 1910 1911 1912 1913 1914 1915 1916 1917 1918 1919 1920 1921 1922 1923 1924 1925 1926 1927 1928 1929 1930 1931 1932 1933 1934 1935 1936 1937 1938 1939 1940 1941 1942 1943 1944 1945 1946 1947 1948 1949 1950 1951 1952 1953 1954 1955 1956 1957 1958 1959 1960 1961 1962 1963 1964 1965 1966 1967 1968 1969 1970 1971 1972 1973 1974 1975 1976 1977 1978 1979 1980 1981 1982 1983 1984 1985 1986 1987 1988 1989 1990 1991 1992 1993 1994 1995 1996 1997 1998 1999 2000 2001 2002 2003 2004 2005 2006 2007 2008 2009 2010 2011 2012 2013 2014 2015 2016 2017 2018 2019 2020 2021 2022 2023 2024 2025 2026 2027 2028 2029 2030 2031 2032 2033 2034 2035 2036 2037 2038 2039 2040 2041 2042 2043 2044 2045 2046 2047 2048 2049 2050 2051 2052 2053 2054 2055 2056 2057 2058 2059 2060 2061 2062 2063 2064 2065 2066 2067 2068 2069 2070 2071 2072 2073 2074 2075 2076 2077 2078 2079 2080 2081 2082 2083 2084 2085 2086 2087 2088 2089 2090 2091 2092 2093 2094 2095 2096 2097 2098 2099 2100 2101 2102 2103 2104 2105 2106 2107 2108 2109 2110 2111 2112 2113 2114 2115 2116 2117 2118 2119 2120 2121 2122 2123 2124 2125 2126 2127 2128 2129 2130 2131 2132 2133 2134 2135 2136 2137 2138 2139 2140 2141 2142 2143 2144 2145 2146 2147 2148 2149 2150 2151 2152 2153 2154 2155 2156 2157 2158 2159 2160 2161 2162 2163 2164 2165 2166 2167 2168 2169 2170 2171 2172 2173 2174 2175 2176 2177 2178 2179 2180 2181 2182 2183 2184 2185 2186 2187 2188 2189 2190 2191 2192 2193 2194 2195 2196 2197 2198 2199 2200 2201 2202 2203 2204 2205 2206 2207 2208 2209 2210 2211 2212 2213 2214 2215 2216 2217 2218 2219 2220 2221 2222 2223 2224 2225 2226 2227 2228 2229 2230 2231 2232 2233 2234 2235 2236 2237 2238 2239 2240 2241 2242 2243 2244 2245 2246 2247 2248 2249 2250 2251 2252 2253 2254 2255 2256 2257 2258 2259 2260 2261 2262 2263 2264 2265 2266 2267 2268 2269 2270 2271 2272 2273 2274 2275 2276 2277 2278 2279 2280 2281 2282 2283 2284 2285 2286 2287 2288 2289 2290 2291 2292 2293 2294 2295 2296 2297 2298 2299 2300 2301 2302 2303 2304 2305 2306 2307 2308 2309 2310 2311 2312 2313 2314 2315 2316 2317 2318 2319 2320 2321 2322 2323 2324 2325 2326 2327 2328 2329 2330 2331 2332 2333 2334 2335 2336 2337 2338 2339 2340 2341 2342 2343 2344 2345 2346 2347 2348 2349 2350 2351 2352 2353 2354 2355 2356 2357 2358 2359 2360 2361 2362 2363 2364 2365 2366 2367 2368 2369 2370 2371 2372 2373 2374 2375 2376 2377 2378 2379 2380 2381 2382 2383 2384 2385 2386 2387 2388 2389 2390 2391 2392 2393 2394 2395 2396 2397 2398 2399 2400 2401 2402 2403 2404 2405 2406 2407 2408 2409 2410 2411 2412 2413 2414 2415 2416 2417 2418 2419 2420 2421 2422 2423 2424 2425 2426 2427 2428 2429 2430 2431 2432 2433 2434 2435 2436 2437 2438 2439 2440 2441 2442 2443 2444 2445 2446 2447 2448 2449 2450 2451 2452 2453 2454 2455 2456 2457 2458 2459 2460 2461 2462 2463 2464 2465 2466 2467 2468 2469 2470 2471 2472 2473 2474 2475 2476 2477 2478 2479 2480 2481 2482 2483 2484 2485 2486 2487 2488 2489 2490 2491 2492 2493 2494 2495 2496 2497 2498 2499 2500 2501 2502 2503 2504 2505 2506 2507 2508 2509 2510 2511 2512 2513 2514 2515 2516 2517 2518 2519 2520 2521 2522 2523 2524 2525 2526 2527 2528 2529 2530 2531 2532 2533 2534 2535 2536 2537 2538 2539 2540 2541 2542 2543 2544 2545 2546 2547 2548 2549 2550 2551 2552 2553 2554 2555 2556 2557 2558 2559 2560 2561 2562 2563 2564 2565 2566 2567 2568 2569 2570 2571 2572 2573 2574 2575 2576 2577 2578 2579 2580 2581 2582 2583 2584 2585 2586 2587 2588 2589 2590 2591 2592 2593 2594 </p>
        </polylist>
      </mesh>
    </geometry>
  </library_geometries>
  <library_controllers>
  </library_controllers>
  <library_visual_scenes>
    <visual_scene id="Scene" name="Scene">
      <node id="node" name="" type="NODE">
        <matrix sid="matrix">1 0 0 0 0 1 0 0 0 0 1 0 0 0 0 1</matrix>
        <instance_geometry url="#mesh_0">
          <bind_material>
            <technique_common>
              <instance_material symbol="defaultMaterial" target="#material_0">
              </instance_material>
            </technique_common>
          </bind_material>
        </instance_geometry>
      </node>
    </visual_scene>
  </library_visual_scenes>
  <scene>
    <instance_visual_scene url="#Scene" />
  </scene>
</COLLADA>
